LeidenCluster	LC000	LC001	LC002	LC003	LC004	LC005	LC006	LC007	LC008	LC009	LC010	LC011	LC012	LC013	LC014	LC015	LC016	LC017	LC018	LC019	LC020	LC021	LC022	LC023	LC024	LC025	LC026	LC027	LC028	LC029	LC030	LC031	LC032	LC033	LC034	LC035	LC036	LC037	LC038	LC039	LC040	LC041	LC042	LC043	LC044	LC045	LC046	LC047	LC048	LC049	LC050	LC051	LC052	LC053	LC054	LC055	LC056	LC057	LC058	LC059	LC060	LC061	LC062	LC063	LC064	LC065	LC066	LC067	LC068	LC069	LC070	LC071	LC072	LC073	LC074	LC075	LC076	LC077	LC078	LC079	LC080	LC081	LC082	LC083	LC084	LC085	LC086	LC087	LC088	LC089	LC090	LC091	LC092	LC093	LC094	LC095	LC096	LC097	LC098	LC099	LC100	LC101	LC102	LC103	LC104	LC105	LC106	LC107	LC108	LC109	LC110	LC111	LC112
LC000	0.0064760783150485555	3.3753054018122073e-06	0.0016546661284292438	0.0	5.9036648374938424e-05	0.0005734580826982227	0.0	0.0005549232656895544	0.00037797366412913616	0.0006608692885734651	0.0003075359855095571	0.001610989140196725	0.0	0.0002442466553829708	7.668792274385334e-05	0.00044892476073407086	0.0008257963486555868	0.0	0.00017965149634301816	0.0002708824586719753	0.0003900513942632652	0.0	0.0	0.0	0.0	3.644404832408999e-05	0.0006472932552491929	1.9948322514081084e-05	2.4392048518692478e-05	1.3507584339513164e-06	0.0	5.1513195786911314e-05	0.00025796374128454915	0.0008471902118548431	0.001563933353494148	0.0007279956776815094	0.0	9.901711338766199e-05	0.0010350921057997128	0.0016305546585512237	0.0	0.0	0.0	0.006431356401022911	0.0012722277111013932	0.0	0.0036035942533369334	0.0	0.003604387327306111	0.0001559397995929231	0.0	0.0003793539433793074	0.0013988460015288407	0.00022515678153066599	0.0004508497970301057	0.0	0.0	0.0006217154668462483	0.0	0.0	0.0	0.0	9.365551554372597e-05	0.0	0.006746441794341321	0.0	0.0001561535666492374	0.0	9.948769484527074e-05	0.0	0.0002813734034305376	0.0	0.00010972112196182077	0.0	9.048849224988257e-05	0.0	0.0	0.0	0.0	0.0	0.0008529121653358385	0.0	0.0	4.081728511038046e-05	0.0	0.0	0.0	0.0	0.007712796949686403	0.0	0.0	0.0	3.140558947862846e-05	0.012274333702025788	0.0	0.0	0.0	0.0	0.0006087845937059653	0.0026198802254579615	0.0028334100516674496	0.0	0.0008710192578675435	0.0019280648191639267	0.008841605716969736	0.009313477152251224	0.0016431305777360264	0.0006095263405107413	0.0007860002224914094	0.0	0.008648262094880226	0.0	0.002773586484264913
LC001	0.0009366998687733944	1.002145927264282	0.0031507467330852148	0.0	0.0	5.943465247755237e-06	0.0	0.0	0.0	0.0	0.0014674024682016736	0.0004935364593244307	0.0	0.0018471260417901015	0.006101463310046633	8.256176224480678e-05	0.0003362857299811393	0.0	0.0	0.006554077809619512	0.0	0.0	0.0	0.0	0.0	0.0	0.00014113450805488533	0.0	4.031834669721268e-05	0.0	0.0	4.215673283332892e-05	0.0	0.003150441677451987	0.00036451160382243566	0.00027280654158456366	0.0	0.002264111555275031	0.0012460208542815364	0.0	0.0	0.0	0.0	0.0	0.0013911017190908173	0.0	0.2418507292258571	0.0	2.8648244393324054e-05	0.0	0.0	0.0	0.0	3.2593981047589294e-05	0.0034416684264752	0.0	0.0	0.0	0.0	0.0	0.0	0.0	0.0	0.0	0.0	0.0	0.9162566394346107	0.0	0.00019180052745145046	0.0	0.0	0.0	0.0	0.0	0.0	0.0	0.0	0.0	0.0	0.0	0.0	0.0	0.0	0.0	0.0	0.0	0.0	0.0	0.0	0.0	0.0	0.0	0.0	0.0	0.0	0.0	0.0	0.0	0.0009502405498281787	0.0	0.003197479954180985	0.0	0.0	0.0	0.0	0.0	0.0	0.0002734671730873576	0.000272888406583469	0.0	0.0	0.0	0.0004286082474226804
LC002	0.0015899166233457975	0.0	0.2059545868635571	0.0	0.0005457804740999273	0.0010265158075995866	0.0	0.002380381856182568	0.00036048806813931364	0.00016740404910345924	0.00020177246690681672	0.018386195571114487	0.0	0.0007196500593119811	0.0013606376089356532	6.530901121459159e-05	1.154339677502955e-05	0.0	0.0	0.0	0.003004430482574741	0.0	0.0	0.0	0.0	5.653131746277344e-05	3.6367078064662675e-06	0.0	0.0	0.0	0.0	0.0	2.246152424088367e-06	0.00010021783673029225	0.008564219438079917	0.004014916716777897	0.0	0.0001673258423857596	0.002958661265652832	0.0006376651673915909	0.0	0.0	0.0	0.00011423048196476428	0.0014893956540907086	1.1152477415822612e-05	0.005102896946600537	0.0	0.008461495740321364	0.0	0.0	0.00037959667852906285	0.0	0.0001612477084007333	3.291848081804144e-05	0.0	0.0	8.540210664722949e-05	0.0	0.0	0.0	0.0	0.00014377224199288257	0.0	0.00022365325582027114	0.0	0.00019604736005729762	0.0	0.0001846781980192557	0.0	0.0002667752861981734	0.0	0.0	0.0	0.006238929470770639	0.0	0.0	0.0	0.0	0.0	0.0	0.0	0.0	0.0015788849347568208	0.0	0.0	0.0	0.0	0.0	0.0	0.0	0.0	0.0	0.0026926874067271264	0.0	0.0	0.0	0.0	0.0016067425860023725	0.06390035587188612	0.06418113879003559	0.0	0.049361506524317915	0.04926494661921708	0.0	0.010476986951364176	0.04817716488730723	0.04950751076980708	0.050228600861584566	0.0	0.0	0.0	0.0003772835112692764
LC003	0.00038661141458125374	0.0	8.874062143359533e-05	0.9966174507456675	0.01620170775525042	7.902875086660415e-05	0.0	5.388511915512096e-06	0.0	0.0	0.0	1.6500368559980564e-05	0.0	2.1315663280875365e-05	0.0	0.0	0.0	0.4496714542157996	0.0	0.0	0.00048700768258290385	0.0	0.0	0.23658942847553943	0.0	2.085574514530707e-06	0.0	0.0	8.264737556772957e-05	0.0	0.0	0.0	0.0	0.0038185678165071337	0.00017442391285523785	0.000135177253800547	0.0	0.0	0.00020791013044662419	0.0	0.0	0.0	0.0	6.37430350704687e-05	0.0003885343253362784	0.0	0.0	0.0	0.00042283854520379057	0.0	0.0	0.0	0.0	0.0004273934030571199	4.570976558913475e-06	0.0	0.0	0.0	0.0	0.0	0.0	0.0	0.0	0.0	0.001598728057054072	0.0	0.0	0.0	0.0	0.0	9.748069395153307e-05	0.0	0.0	0.0	0.0008975979772439949	0.0006391908975979773	0.0	0.0	0.0	0.0	0.0	0.0	0.0	0.0	0.0	0.0	0.0	0.0	0.013776805235368485	0.0	0.0	0.0	0.0	0.0	0.0	0.0	0.0	0.0	0.0	0.0	0.0	0.0	0.0	0.0	0.0	0.0	0.0	0.0	0.0	0.9868342678664386	0.028528381795195956	0.0	0.0
LC004	0.00044396713639085166	0.0	0.0005570841651477013	0.0	0.9732178575607119	3.538614435380347e-05	0.0	1.7500196484241963e-06	0.0	1.6034685220680614e-05	3.8079086730027126e-06	3.1870810736223255e-06	0.0	0.00023959430746757558	0.00023040537684406308	0.0	2.8429671414597668e-05	0.0	0.0	0.0	1.9884057831394943e-06	0.0	0.0	0.0	0.0	1.2110073699625522e-05	0.0	0.0	0.0	0.0	0.0	0.0	0.0	0.0009060537152193121	7.689872861237624e-06	0.003397130705962257	0.0	0.00023449739330905662	0.00015840367525354047	0.0	0.0	0.0	0.0	2.911615081063092e-06	6.575381543289118e-05	0.0	0.00015522727502451154	0.0	0.00043402115447861744	0.0	0.0	0.0	0.0	0.0012551211732213016	0.0	0.0	0.0	0.0	0.0	0.0	0.0	0.0	0.0	0.0	6.603886368313262e-05	0.0	0.0	0.0	0.0009499164104248141	0.0	3.795876703218522e-05	0.0	0.0	0.0	0.0	0.0	0.0	0.0	0.0	0.0	0.0	0.0	0.0	0.0009204107830551988	0.0	0.0	0.0	0.0	0.0	0.0	0.0	0.0	0.0	0.0006369539111350367	0.0	0.0	0.0	0.0	0.0	0.0	0.0	0.0	0.0	0.0	0.0	0.0	0.0001440308087291399	0.0	0.0	0.0	0.0	0.0	0.0
LC005	0.0006068203336414188	0.0	0.0009498035434125434	0.0	0.0	0.0922667471383975	0.0	0.005055228966425279	0.011862561077206237	0.0008375678303137429	0.0	0.0003269299148891458	0.0	8.991323692992212e-06	0.0	0.0	4.019022517618748e-06	0.0	0.0	0.0	6.117048962052895e-06	0.0	0.0	0.0	0.0	0.0001772256728778468	0.0	0.0	4.94205495818399e-06	0.0	0.0	0.0	3.884038542103058e-06	5.1956430666108083e-05	0.0003806812196199735	4.7247252256277366e-05	0.0	0.0	8.261051758116377e-05	1.1640232974910394e-05	0.0	0.0	0.0	3.616439665471924e-05	0.0004908921023359288	0.0	0.0001384780289560579	0.0	0.00023114796054385497	0.0	0.0	0.0	0.0	0.0	0.00010969760317174265	0.0	0.0	0.023423195491643994	0.0	0.0	0.0	0.0	0.0	0.0	0.00013198916523023886	0.0	2.5085818624467443e-05	0.0	1.1522880720180044e-05	0.0	0.00012920171006607076	0.0	0.0	0.0	0.0	0.0	0.0	0.0	0.0	0.0	0.0	0.0	0.0	0.0	0.0	0.0	0.0	0.0	0.0	0.0	0.0	0.0	0.0	4.156503642039542e-05	0.0	0.0	0.0	0.0	0.0003810425806451613	0.0005334193548387097	0.0	0.0	0.00018245161290322582	0.00033858064516129033	0.01773316129032258	0.01770670967741935	0.0	0.00024905942275042444	0.0002574261460101868	0.0	0.0	0.0	0.0
LC006	0.0009043411543956473	0.0	0.0005669039145907473	0.0	0.000550011198919555	3.677184139784946e-05	0.9927666607326932	7.05812429138322e-05	9.40256662912913e-06	1.8097372843734144e-05	0.00292675124235474	7.016426608306189e-05	0.0	3.367703843390805e-05	0.0005972671143847487	0.0	0.0010328964531527531	0.3932798987989324	0.0	0.0	0.00032470122928392745	0.0	0.0	0.004143705297737858	0.0	3.11720367494824e-05	0.0	0.0	0.0	0.0	0.0	0.0	8.168459145021645e-05	0.0007910242153679653	0.00015204480593607306	0.0001463112448060942	0.0	0.00015770696671525754	0.009060980204983924	0.0	0.0	0.0	0.0	4.016203703703703e-06	0.0006147953583971903	4.654447115384615e-06	0.00044837752214566933	0.0	8.611774707300276e-05	0.0	0.0	0.0	0.0	0.00019707162773569022	3.1297282355679706e-05	0.0	0.0	0.0	0.0	0.0	0.0	0.0	0.0	0.0	0.006147842517493639	0.0	0.0	0.0	0.0001655341569767442	0.0	0.004011387738453815	0.0	0.0013660214552238805	0.0	0.0	0.0	0.0	0.0	0.0	0.0	0.0	0.0	0.0	0.0	0.0	0.0	0.0	0.0	0.0014485600490196078	0.0	0.0	0.0	0.0	0.0	0.0	0.0	0.0	0.0	0.00036706250000000004	0.0	0.0	0.0	0.0006763671875	0.0	0.0	0.0	0.0	0.0009889665570175438	0.002244078947368421	0.0	0.006215143229166667	0.0	0.0011771809895833334
LC007	0.00038619303240319147	0.0	0.0021196036184343253	0.0	0.0	0.01729944788237876	0.0	0.18082283474478228	0.006316767379624522	0.00025192391720767454	0.0	0.005683351725054843	0.0	0.0	1.3025383463610747e-06	0.0	0.0	0.0	0.0	2.728947174537685e-06	0.0	0.0	0.0	0.0	0.0	0.0	0.0	0.0	0.0	0.0	0.0	0.0	0.0	1.001501899461083e-05	0.00024767794240984067	3.574198654531064e-05	0.0	2.292616171833165e-05	0.0	0.0	0.0	0.0	0.0	0.0	0.0	0.0	4.8879961433392254e-05	0.0	0.00026171248664755157	0.0	0.0	0.0	0.0	0.0	0.0	0.0	0.0	0.003517162527661667	0.0	0.0	0.0	0.0	0.0	0.0	0.0	0.0	0.0	0.0	0.0	0.0	0.0	0.0	0.0	0.0	0.0	0.0	0.0	0.0	0.0	0.0	0.0	0.0	0.0	0.0	0.0	0.0	0.0	0.0	0.0	0.0	0.0	0.0	0.0	0.00020682027649769586	0.0	0.0	0.0	0.0	8.798911564625851e-05	0.0	0.0	0.0	0.0	0.0	0.0	0.0	0.0	0.0	0.0	0.0	0.0	0.0	0.0
LC008	0.00010712404278397702	0.0	0.00033274199466370286	0.0	0.0	0.026378773031095613	0.0	0.011095762497191068	0.15720860432504577	0.004686826324040936	0.0	0.00031559996478563253	0.0	0.0	0.0	0.0	0.0	0.0	0.0	0.0	0.0	0.0	0.0	0.0	0.0	0.0	0.0	0.0	0.0	0.0	0.0	0.0	0.0	1.531999531999532e-05	0.0	0.0	0.0	0.0	0.0	0.0	0.0	0.0	0.0	2.485819152485819e-06	0.0003527205366285826	0.0	3.535149322550897e-05	0.0	8.555208100662647e-05	0.0	0.0	0.0	0.0	0.0	0.0	0.0	0.0	0.0013504992944751981	0.0	0.0	0.0	0.0	0.0	0.0	0.0	0.0	0.0	0.0	0.0	0.0	0.0	0.0	0.0	0.0	0.0	0.0	0.0	0.0	0.0	0.0	0.0	0.0	0.0	0.0	0.0	0.0	0.0	0.0	0.0	0.0	0.0	0.0	0.0	0.0	0.0	0.0	0.0	0.0	0.0	0.0	0.0	0.0	0.0	0.0	0.0	0.0	0.0	0.0	0.0	0.0	0.0	0.0	0.0
LC009	0.0007087082208224039	0.0	9.892010667128886e-06	0.0	0.0	0.0013789553689792311	0.0	0.00010223174810258958	0.0036606618033558675	0.09915842038322804	0.0	7.502268231374473e-06	0.0	0.0	0.0	0.0	1.4371801422581246e-06	0.0	0.0	1.0797355884146844e-06	0.0	0.0	0.0	0.0	0.0	0.0	0.0	0.0	0.0	0.0	0.0	0.0	0.0	0.0	5.671691582744313e-06	0.0	0.0	0.0	3.39162225256574e-05	0.0	0.0	0.0	0.0	2.620215344720672e-06	0.0	0.0	3.3514903102865566e-05	0.0	3.723662528145716e-05	0.0	0.0	0.00020011899820119	0.0	0.0	0.0	0.0	0.0	0.01978868625185674	0.0	0.0	0.0	0.0	0.00016865099498280622	0.0	0.0007592201424471633	0.0	0.0	0.0	0.0	0.0	0.0	0.0	0.0	0.0	0.0	0.0	0.0	0.0	0.0	0.0	0.00022968036529680367	0.0	0.0	0.00023485540334855403	0.0	0.0	0.0	0.0	0.0009898468976631749	0.0	0.0	0.0	0.0	0.0020944616291059064	0.0	0.0	0.0	0.0	0.0	0.0	0.0005616438356164384	0.0	0.0	0.0	0.0	0.0	0.0	0.0	0.0	0.0	0.0011929984779299849	0.0	0.0
LC010	0.000742099060160906	0.0	0.0006011378105716804	0.0	0.0	2.751109795797573e-06	0.0	0.0	0.0	0.0	0.9937399456648803	0.00047555558875972474	0.0	0.0032096209005588947	0.0009507022509129262	0.0	0.0	0.0	0.0	0.0	0.0	0.0	0.0	0.0	0.0	6.269429723757606e-05	0.0	0.0	0.0	0.0	0.0	0.0	0.0	5.2341236744906474e-05	1.732101713376063e-05	0.0008955229696646251	0.0	9.977844348748673e-05	0.0013899247273764222	0.0	0.0	0.0	0.0	0.0	9.846801879386504e-05	0.0	0.00022412711599123508	0.0	0.0010475724720095028	0.0	0.0	0.0	0.0	4.3026596237605415e-05	0.9661250482633729	0.0	0.0	0.0	0.0	0.0	0.0	0.0	0.0	0.0	0.0	0.0	0.0	0.0	2.035772704644051e-05	0.0	0.0	0.0	0.0	0.0	0.0	0.0	0.0	0.0	0.0	0.0	0.0	0.0	0.0	0.0	0.0	0.0	0.0	0.0	0.0	0.0	0.0	0.0	0.0	0.0	0.0	0.0	0.0	0.0	0.0	0.0	0.0	0.0	0.0	0.0	0.0	0.0	0.0006403669724770641	0.0	0.0	0.0	0.0	0.0	0.4312525802752294
LC011	0.0018287463146588983	0.0	0.007327293557598309	0.0	0.0	0.0012341044446779448	0.0	0.015613444348423409	0.001220080748500944	0.0001848472228419576	0.0004213115978842304	0.1918887061401182	0.0	2.483151746602269e-05	0.0	1.722601473883614e-05	7.202284180258157e-06	0.0	2.946719404374127e-06	4.757464222298004e-05	0.00017030941569751452	0.0	0.0	0.0	0.0	0.0005470164754756172	5.953288516182688e-07	0.0	0.0	0.0	0.0	6.487025112415531e-06	7.1982740386649186e-06	3.374542070307543e-05	5.4358573914595505e-05	0.013234751910635494	0.0	0.00037229988319199245	0.0001669203054138693	0.00015942533025696708	0.0	0.0	0.0	0.001759977078055254	0.0012365931583611018	0.0	0.0018153318884813665	0.0	0.00042445688750100945	0.0	0.0	0.0	0.0	9.909765406508079e-05	0.00011967135552199151	0.0	0.0	0.0003364271417919234	0.0	0.0	0.0	0.0	0.0	0.0	5.671730860084044e-06	0.0	0.0	0.0	1.4377698659192484e-05	0.0	0.0	0.0	0.0	0.0	0.0	0.0	0.0	0.0	0.0	0.0	0.0	0.0	0.0	0.0	0.0	0.0	0.0	0.0	0.0	0.0	0.0	0.0	0.0	1.3003047178732794e-05	0.0	0.0	0.0	0.0	0.0	0.05767719869706841	0.05770407166123779	0.0	0.035614169381107494	0.03933599348534202	0.0	0.000743485342019544	0.040464739413680784	0.037201277215840906	0.038662146408366196	0.0	0.0	0.0	0.0
LC012	0.00017897413062114103	0.013279537008683688	4.076318663894859e-05	0.0	0.0	1.4838709677419356e-06	0.0	0.00010548101748950404	4.2126780245592124e-05	0.0	0.0	0.03705806885004462	0.9999648912415995	0.0009254566404916353	0.0	0.0	0.0	0.0	0.0	0.0003536821913238255	0.0	0.0	0.0	0.0	0.0	0.0	0.0	0.0	0.0	0.0	0.7496645095182836	0.0	0.0	0.0	0.0	0.0	0.0	0.0	0.0	0.0	0.0	0.0	0.0	0.00017635374648575968	0.00011248624862486249	0.0	5.488422858033835e-06	0.0	5.616698033439708e-06	0.0	0.0	0.0	0.005858619685497962	0.0	0.0	0.0	0.0	0.0	0.0	0.0	0.0	0.9783699000334817	0.0	0.0	0.00016118711107751998	0.0	0.0015748100753471574	0.0	0.0	0.0	0.0	0.0	0.0	0.0	0.0	0.0	0.0	0.9252465378268596	0.0	0.0	0.0	0.0	0.0	0.0	0.9480909570957097	0.9116855115511551	0.0	0.0	0.0	0.0	0.0	0.0	0.0	0.0	0.0	0.9299952365236525	0.0	0.0	0.0	0.0	0.0	0.0	0.0	0.0	0.0	0.0	0.0	0.0	0.0	0.0	0.0	0.0	0.0
LC013	0.0005172233726373075	0.0	1.0003272385159733e-05	0.0	1.15835952370413e-05	0.0	0.0	0.0	0.0	4.842806907048758e-06	0.00028041627122218704	2.6712063349432777e-05	0.0	0.9362485879904876	0.00024254676387975852	0.0	3.3735530103509525e-05	0.0	0.0	1.3753578986679944e-05	0.0	0.0	0.0	0.0	0.0	0.0008396259013350467	0.0	0.0	0.0	0.0	0.0	0.0	5.057769816390506e-06	0.0001631092700403045	0.0004690869154463864	0.0	0.0	0.0	1.5012750859297039e-06	0.0	0.0	0.0	0.0	1.6321839080459768e-06	8.07742105958515e-05	0.0	0.0001287157208797176	0.0	0.00026037475064120833	0.0	0.0	6.895297805642633e-05	0.0	0.0	0.00014307262569832402	0.0	0.0	0.0	0.0	0.0	0.0	0.0	0.0	0.0	0.0	0.0	0.0	0.0	0.0	0.0	0.0	0.0	0.0	0.0	0.0	0.0	0.0	0.0	0.0	0.0	0.0	0.0	0.0	0.0	0.0	0.0	0.0	0.0	0.0	0.0	0.0	0.0	0.0	0.0023227975528364846	0.0	0.0	0.0	0.0	0.0	0.0	0.0	0.0	0.0	0.0	0.01571493431855501	0.08219413793103449	0.0	0.0	0.0	0.0	0.0	0.0	0.00556415948275862
LC014	0.00032757300560958555	0.0	0.0008595088104504215	0.0	2.2192162996153358e-06	3.031117571420585e-05	0.0	0.0	0.0	5.717654693225074e-06	4.032616242401115e-05	3.810002314566527e-06	0.0	0.00017447618478455746	0.9260851659062442	5.169837875044557e-05	0.0	0.0	0.0	0.0	0.0	0.0	0.0	0.0	0.0	0.1694951448019491	0.0	0.0	0.0	0.0	0.0	0.0	9.585631006774854e-06	0.0009493474982556439	0.0	0.0	0.0	0.0	0.0	0.0	0.0	0.0	0.0	0.0	0.0	0.0	7.068873756465018e-06	0.0	9.565005657647851e-05	2.867828149229226e-05	0.0	0.0	0.0	0.0	2.583968320052671e-05	0.0	0.0	0.0	0.0	0.0	0.0	0.0	0.0	0.0	0.0	0.0	0.0	0.0	0.00013361009229777117	0.0	0.0	0.0	0.0	0.0	0.0	0.0	0.0	0.0	0.0	0.0	0.0	0.0	0.0	0.0	0.0	0.0	0.0	0.0	0.0	0.0	0.0	0.0	0.0	3.172136188293174e-05	0.0	0.0	0.0	0.0	4.4159445407279034e-05	0.0	0.0	0.0	0.0	0.0	0.0	0.0	0.0	0.0	0.0	0.0	0.0	0.0	0.0
LC015	0.0007075305973903108	0.0	2.48247982971993e-05	0.0	0.0	0.0	0.0	5.4735369325034975e-06	0.0	0.0	0.0	0.0002592198581560284	0.0	0.0	0.0	0.781144064056134	0.05479439300605923	0.0	0.0	0.0	0.0	0.0	0.0	0.0	0.0	0.0	0.0	0.0	0.0	0.0	0.0	0.0	1.4078014184397161e-05	0.0	0.0010344267949091617	0.00012471169525156677	0.0	0.0	4.94521219584502e-05	0.009612340548660362	0.0	0.0	0.0	0.018293469923824534	0.24942443208064996	0.0	9.821578153794606e-06	0.0	0.0	0.0023339360146820954	0.0	0.0	0.0	0.0	0.0	0.0	0.0	0.0	0.0	0.0	0.0	0.0	0.0	0.0	0.0006690487791673435	0.0	0.0	0.0	0.0	0.0	0.0	0.0	0.0	0.0	0.0	0.0	0.0	0.0	0.0	0.0	0.0	0.0	0.0	0.0	0.0	0.0	0.0	0.0	0.00430069879015436	0.0	0.0	0.0	0.10597145390070921	0.0	0.0	0.0	0.0	0.0	0.0	0.0	0.0	0.0	0.0	0.0	0.0	0.0	0.0	0.0	0.0	0.0	0.0	0.0	0.0
LC016	0.0018636893086840193	0.0	0.0004501006091329916	0.0	0.0	6.68643786168567e-05	0.0	0.0005341673010234289	0.000151902079699593	0.0	0.0	0.002474722432756117	0.0	0.0015038898756660746	8.034914468479394e-05	0.07371559307408387	0.549708652265679	0.0	0.0	3.644991054882623e-05	3.345785609789422e-06	0.0	0.0	0.0	0.0	0.004188934023219296	0.0015123676353879295	0.0	0.0	0.0	0.0	0.0	0.0	0.0010022744573366243	2.280347453709336e-05	2.7423822714681434e-05	0.0	5.425122599153846e-05	9.564174467283101e-05	0.006998892342609039	0.0	0.0	0.0	0.11135280902572199	0.1147181281177055	0.0	0.0006787485489713431	0.0	2.2720667028756806e-05	0.09815850238384594	0.0	0.0008176974002906507	0.0037829554557169227	2.163733247214597e-05	0.0	0.0	0.0	4.2712234372659376e-05	0.0	0.0	0.0	0.0	0.0004480757844878627	0.0	0.0	0.0	0.00016985656355775997	0.0	0.0	0.0	5.451432729140363e-05	0.0	0.0	0.0	0.0	0.0	0.0	0.0	0.0	0.0	0.0	0.0	0.0	0.0	0.0	0.0	0.0	0.0	0.0	0.0	0.0	0.19293295404085256	0.0448066163410302	0.0	0.0	0.0	0.0	0.0	0.0021339396092362344	0.0	0.000291651865008881	0.0	0.03838250444049734	0.031636589698046176	0.0	0.0006927175843694493	0.03104706927175844	0.004761858464990183	0.004357109469944844	0.0	0.0	0.0	0.0
LC017	0.0007894604086258397	0.0	0.0007448921619533694	0.3068246478397991	0.037375086683813084	0.00013325840890827687	0.3657296337485172	4.285907957489046e-05	7.4733096085409265e-06	1.4592372316742228e-06	0.0011189167129191289	0.00011466716705113197	0.0	0.0002681552951282366	0.0014700699408524889	9.84011004265415e-06	5.2236683248737386e-06	0.366205485302871	5.4807447890188105e-06	3.5856983182805092e-06	0.0005898666648861945	0.0	0.0	0.38673792521718126	0.0	0.00014030451728888987	0.0	0.0	7.313084882035061e-05	0.0	0.0	0.0	0.0	0.0010622101030641955	0.0002875712962511578	0.001083826066383415	0.0	0.0005955318884035566	0.003387583561236283	0.0	0.0	0.0	0.0	0.00010421115065243178	0.0019431477618249004	0.0	0.000735669151231541	0.0	0.0010979007970353814	0.0	0.0	0.0	0.0	0.00395092203170495	0.0005940903397681863	0.0	0.0	0.0	0.0	0.0	0.0	0.0	0.0	0.0	0.0030409066583358233	0.0	0.0	0.0	0.001209985103037325	0.0	0.005041889979848218	0.0	0.004776940032931428	0.0	0.0	0.0	0.0	0.0	0.0	0.0	0.0	0.0	0.0	0.0	0.0	0.0	0.0	0.0	0.0	0.0	0.0	0.0	0.0	0.002141487774078751	0.0	0.0	0.0	0.0	0.0021784626334519575	0.0	0.0	0.0004758007117437723	0.0	0.0036975088967971534	0.0	0.0	0.001686476868327402	0.0018995317475182618	0.002812736467503278	0.30626662131044585	0.011100480427046262	0.0	0.006619561832740213
LC018	0.0002731070505938401	0.0	3.941916624300966e-06	0.0	0.0	0.0	0.0	0.0	8.70522308022308e-06	6.281256794955425e-07	0.0	5.411528617961842e-06	0.0	0.0	0.0	0.0	0.0	0.0	0.8745815778061224	2.9130350696235175e-05	0.0	0.0	0.0	0.0	0.0	0.0	0.0	0.0	0.0	0.0	0.0	0.0	0.7360485069573284	0.0	0.0	0.0	0.0	0.0	0.0	0.0	0.0	0.0	0.0	0.0	6.352627257799672e-06	0.0	0.0	0.0	0.0	0.0	0.0	0.0	0.0	0.0	0.0	0.0	0.0	0.0	0.0	0.0	0.0	0.0	0.0	0.0	0.0	0.0	0.0	0.0	0.0	0.0	0.0	0.0	0.0	0.0	0.0	0.0	0.0	0.0	0.0	0.0	0.0	0.0	0.0	0.0	0.0	0.0	0.0	0.0	0.0	0.0	0.0	0.0	0.0	0.0	0.0	0.0	0.0	0.0	0.0	0.0	0.0	0.0	0.0	0.0	0.0	0.0	0.0	0.0	0.0	0.0	0.0	0.0	0.0
LC019	0.00024036335087234393	0.0	0.0	0.0	0.0	1.2961453359729823e-06	0.0	6.544610624033007e-06	0.00012094567491679404	1.1689717510398982e-05	0.0	2.67406719269982e-06	0.0	2.2359641478899537e-05	0.0	0.0	0.0	0.0	0.0	0.651679106661106	0.0	0.0	0.0	0.0	0.0	0.0	0.0	0.0	0.0	0.0	0.0	0.0	4.166158750996297e-06	0.0	2.0721032589881806e-06	0.0	0.0	0.0	0.0	0.0	0.0	0.0	0.0	0.0	0.0	0.0	0.0008948577276215924	0.0	0.0	0.0	0.0	0.0	0.0	0.0	0.0	0.0	0.0	0.0	0.0	0.0	0.0	0.0	0.0	0.0	0.0	0.0	0.0	0.0	0.0	0.0	0.0	0.0	0.0	0.0	0.0	0.0	0.0	0.0	0.0	0.0	0.0	0.0	0.0	0.0	0.0	0.0	0.0	0.0	0.0	0.0	0.0	0.0	0.0	0.0	0.0	0.0	0.0	0.0	0.0	0.0	0.0	0.0	0.0	0.0	0.0	0.0	0.0	0.0	0.0	0.0	0.0	0.0	0.0
LC020	0.0005671351223213428	0.0	0.000994123328859897	0.0	0.0	0.0	0.0	3.142270041224745e-06	0.0	2.9139216576570403e-06	0.0	0.0001340308376774572	0.0	0.0	0.0	0.0	0.0	0.0	0.0	0.0	0.961040094477435	0.0	0.0	0.0	0.0	0.0	0.0	0.0	0.0	0.0	0.0	0.0	0.0	6.235715504008187e-06	0.18440319309157266	0.0030526201452084835	0.0	7.356620482553782e-05	0.001676109264431749	0.0	0.0	0.0	0.0	2.193593217983462e-05	0.009279784060440074	0.0	0.0021660508782556025	0.0	0.0005335765121796163	0.0	0.0	0.0	0.0	0.0	0.0	0.0	0.0	0.0	0.0	0.0	0.0	0.0	0.0	0.0	0.0	0.0	0.0	0.0	6.720842968715913e-05	0.0	0.0	0.0	0.0	0.0	0.0	0.0	0.0	0.0	0.0	0.0	0.0	0.0	0.0	0.0	0.0	0.0	0.0	0.0	0.0	0.0	0.0	0.0	0.0	0.0	0.0	0.0	0.0	0.0	0.0011731632270168856	0.0	0.0	0.0	0.0	0.0	0.0	0.0	0.0	0.0	0.0	0.0	0.0	0.0	0.0
LC021	2.6869067770323563e-05	0.0	2.3527831867320215e-06	0.0	0.0	0.0	0.0	0.0	0.0	1.3985525975704315e-05	0.0	0.0	0.0	1.908035133376708e-05	0.0	0.0	0.0	0.0	4.332109164420485e-05	0.0	0.0	0.9957141203275187	0.0	0.0	0.8576403353448935	8.798507754209149e-05	0.0	0.0	0.0	0.0	0.0	0.0	5.228473413379074e-05	0.0	7.176117859912122e-05	0.0	0.0	0.0	0.0	0.0	0.0	0.0	0.0	0.0	0.0	0.6370653875181422	0.0	0.0	3.5142678933416496e-05	0.0	0.0	0.0	0.0	0.0	0.0	0.0	0.0	0.0	0.0	0.0	0.0	0.0	0.0	0.0	0.0	0.0	0.0	0.0	0.0	0.0	0.0	0.0	0.0	0.0	0.0	0.0	0.0	0.0	0.0	0.0	0.0	0.0	0.0	0.0	0.0	0.0	0.0	0.0	0.0	0.0	0.0	0.0	0.0	0.0	0.0	0.0	0.0	0.0	0.00015269433962264152	0.0	0.0	0.0	0.0	0.0	0.0	0.0	0.0	0.0	0.0	0.0	0.0	0.0	0.0
LC022	0.00035080561367550563	0.0	0.0	0.0	0.0	0.0	0.0	0.0	0.0	0.0	0.0	0.0	0.0	0.0	0.0	0.0	0.0	0.0	0.0	0.0	0.0	0.0	0.7860898760330579	0.0	0.0	0.0	0.0	0.0	0.1637847524726431	0.0	0.0	0.0	0.0	0.0	0.0	0.0	0.0	0.0	0.0	0.0	0.4236479978354978	0.5321475625823452	0.0	0.0	0.000625879484500174	0.0	0.0	0.0	0.0	0.0	0.0	0.0	0.0	0.0	0.0	0.0	0.8000549242424242	0.0	0.6079097109796596	0.477280303030303	0.7365958387445888	0.0	0.0	0.20316688188705231	0.0	0.0	0.0	0.0	0.0	0.452194696969697	0.0	0.0	0.0	0.0	0.0	0.0	0.0	0.0	0.0	0.0	0.0	0.0	0.31701948995771667	0.0	0.0	0.0	0.0	0.0	0.0	0.1144891414141414	0.0	0.0	0.0	0.0	0.0	0.0	0.0	0.0	0.0	0.0	0.0	0.0	0.0	0.0	0.0	0.0	0.0	0.0	0.0	0.0	0.0	0.39341950757575755	0.0
LC023	0.005549376774867362	0.0	0.00016759198092545634	0.0	0.09916637072453297	7.264619148799176e-05	0.0	6.150963379363721e-06	0.0	5.446033351865523e-06	6.72965994616272e-06	1.9949352110112024e-05	0.0	0.00010168456191066144	0.0003582090584861473	0.0	0.0	0.013351385485257243	0.0	0.0	0.00036408908262274697	0.0	0.0	0.9761672359871076	0.0	7.768314303070875e-06	2.2486091646494245e-05	0.0	0.0	0.0	0.0	0.0	0.0	0.0007842524820488892	0.0026440439668607993	0.0	0.0	2.1967726354870434e-05	0.01564861787678662	0.0	0.0	0.0	0.0	4.697272122421823e-06	0.0006330679636894793	4.210041455550437e-06	6.947050780329106e-05	0.0	0.00023130928226192243	0.0	0.0	0.0	0.0	0.00044911994193431326	0.0005873682801993777	0.0	0.0	0.0	0.0	0.0	0.0	0.0	0.0	0.0	0.00025733723392908835	0.0	0.0	0.0	3.062247597827601e-05	0.0	5.363249404804848e-05	0.0	0.0	0.0	0.0	0.0	0.0	0.0	0.0	0.0	0.0	0.0	0.0	0.0	0.0	0.0	0.0	0.0	0.0	0.0	0.0	0.0	0.0	0.0007320005150988346	0.0	0.0	0.0	0.0	0.0004357844311377245	0.0	0.0	0.0	0.0	0.0	0.0	0.0	0.0	0.0	0.0	0.0	0.0	0.0	0.0002899201596806387
LC024	8.112787931457433e-05	0.0	2.5213595170515943e-05	0.0	0.0	4.5713987201253755e-05	0.0	0.0	0.0	0.0	0.0	0.00024272277097152803	0.0	6.436409325701522e-05	0.0	0.0	0.0	0.0	1.4074971081550029e-05	0.0	0.0	0.8633124784202888	0.0	0.0	0.9655363798783785	0.0003295672291095632	0.0	0.0	0.0	0.0	0.0	0.0	1.1199326988800673e-05	0.0	3.88785979701625e-05	1.7209281460630055e-05	0.0	0.0	0.0	0.0	0.0	0.0	0.0	0.0	3.241425845781563e-05	0.53342893646839	3.8926966113041536e-05	0.0	0.00010308244387191756	0.0	0.0	0.0	0.0	0.0	0.0	0.0	0.0	0.0	0.0	0.0	0.0	0.0	0.0	0.0	0.0	0.0	0.0	0.0	0.0	0.0	0.0	0.0	0.0	0.0	0.0	0.0	0.0	0.0	0.0	0.0	0.0	0.0	0.0	0.0	0.0	0.0	0.0	0.0	0.0	0.0	0.0	0.0	0.0	0.0	0.0	0.0	0.0	0.0	0.0	0.0	0.0	0.0	0.0	0.0	0.0	0.0	0.0	0.0	0.0	0.0	0.0	0.0	0.0
LC025	5.6187694919902325e-05	0.0	2.3030731710911196e-05	0.0	0.0	0.010138273959794298	0.0	5.978873536992436e-05	5.965592922114662e-06	0.0	0.0	4.444332045238432e-05	0.0	0.00175947847504819	0.041069661381243024	0.0	5.0307249318756e-06	0.0	1.828896776101745e-05	0.0	0.0	0.0	0.0	0.0	0.0	0.8276032431876342	0.0	0.0	0.0	0.0	0.0	0.0	8.426339705842812e-05	0.0	0.0	0.0	0.0	0.0	0.0	0.0	0.0	0.0	0.0	4.410704700559773e-06	1.4403909156532843e-05	0.0	0.0	0.0	2.908560477730438e-05	0.0	0.0	0.0	0.0	0.0	0.0	0.0	0.0	0.0	0.0	0.0	0.0	0.0	0.0	0.0	0.0	0.0	0.0	0.0	0.0	0.0	0.0	0.0	0.0	0.0	0.0	0.0	0.0	0.0	0.0	0.0	0.0	0.0	0.0	0.0	0.0	0.0	0.0	0.0	0.0	0.0	0.0	0.0	0.0	0.0	0.0	0.0	0.0	0.0	0.0	0.0	0.0	0.0	0.0	0.0	0.0	0.0	0.0	0.0	0.0	0.0	0.0	0.0	0.0
LC026	0.000951517618900093	0.0	4.1407839277151e-05	0.0	8.354409635921666e-06	3.029677419354839e-05	0.0	5.390997249963815e-05	6.9222413903264965e-06	7.242462514977817e-06	8.9254993818726e-05	3.8815441125511126e-05	0.0	1.9743213499633165e-05	3.5296655481396804e-05	0.00015156216991097027	0.014417431691923964	0.0	0.0	0.0	0.0	0.0	0.0	0.0	0.0	0.00017018545438526937	0.868567066093255	0.0	0.0	0.0	0.0	0.013425896187715365	0.0	0.0005695183199778945	7.260157388516467e-05	0.0006435171804090293	0.0	6.589231437255754e-05	0.0001451593350208661	2.087765957446809e-05	0.0	0.0	0.0	9.600267927501969e-05	0.0024875910980679873	0.0	0.00011532501256491875	1.4991027941553449e-05	6.368313697907509e-05	0.020201268197088465	0.0	0.0	0.36244052357113055	1.8633139909735654e-06	0.0	0.0	0.0	0.0	0.0	0.0	0.0	0.0	0.0	0.0	0.008767087542634399	0.0	5.608189482135688e-05	0.0	0.0	0.0	0.0	0.0	0.0	0.0	0.0	0.0	0.0	0.0	0.0	0.0	0.0	0.0	0.0	0.0	0.0	0.0	0.0	0.0	0.006868566958698373	0.0	0.0	0.06600730053191489	0.06597462765957446	0.0	0.0	0.0	0.0	0.0	0.0	0.0	0.0	0.0	0.0	0.0	0.0	0.0	0.0	0.0	0.0	0.0	0.004100856382978723	0.0	0.0
LC027	1.8339084197468416e-05	0.0	1.868580872139591e-06	0.0	0.0	0.0	0.0	0.0	0.0	0.0	0.0	0.0	0.0	0.0	0.0	0.0	0.0	0.0	0.0	0.0	0.0	0.0	0.0	0.0	0.0	0.0	0.0	0.0026770230659653735	0.0	0.0	0.0	0.0	0.0	0.0	0.0	0.0	0.0	0.0	0.0	0.0	0.0	0.0	0.0	0.0	0.0	0.0	0.0	0.0	0.0	0.0	0.0	0.0	0.0	0.0	0.0	0.0	0.0	0.0	0.0	0.0	0.0	0.0	0.0	0.0	0.0	0.0	0.0	0.0	0.0	0.0	0.0	0.0	0.0	0.0	0.0	0.0	0.0	0.0	0.0	0.0	0.0	0.0	0.0	0.0	0.0	0.0	0.0	0.0	0.0	0.0	0.0	0.0	0.0	0.0	0.0	0.0	0.0	0.0	0.0	0.0	0.0	0.0	0.0	0.0	0.0	0.0	0.0	0.0	0.0	0.0	0.0	0.0	0.0
LC028	0.00022927337212741157	0.0	0.0	0.0	0.0	7.364755077658304e-05	0.0	0.0	0.0	0.0	0.0	1.4277958740499457e-05	0.0	0.0	2.4154310289492264e-05	0.0	1.5064798368528389e-05	0.0	1.3673115079365079e-05	0.0	0.0	0.0	0.0	0.0	0.0	8.793420749942488e-05	0.0	0.0	0.6754465743955762	0.0	0.0	0.0	0.0	0.0020198845598845597	0.0	0.0	0.0	0.0	0.0	0.0	0.0	0.0	0.0	0.0020844650205761317	0.0006379789272030651	0.0	0.0001934419655876349	0.0	0.00018351124885215795	0.0	0.0	0.0	0.0	0.0	0.0	0.0	0.0	0.0	0.0	0.0	0.0	0.0	0.0	0.0	0.0	0.0	0.0	0.0	0.0	0.0	0.0	0.0	0.0	0.0	0.0	0.7714469907407407	0.0	0.0	0.0	0.0	0.0	0.0	0.0	0.0	0.0	0.0	0.0	0.0	0.0	0.0	0.0	0.0	0.0	0.0	0.0	0.0	0.0	0.0	0.0	0.0	0.0	0.0	0.0	0.0	0.0	0.0	0.0	0.0	0.0	0.0	0.0	0.0	0.0
LC029	5.027215207360539e-06	0.0	3.1509315469960227e-06	0.0	0.0	0.0	0.0	0.0	0.0	0.0	0.0	0.0	0.0	0.0	0.0	0.0	0.0	0.0	0.0	0.0	0.0	0.0	0.0	0.0	0.0	0.0	0.0	5.78381096028155e-06	0.0	0.9856333431141868	0.0	0.0	0.0	0.0	0.0	0.0	0.0	0.0	0.0	0.0	0.0	0.0	0.0	0.0	0.0	0.0	0.0	0.0	0.0	0.0	0.0	0.0	0.0	0.0	0.0	0.0	0.0	0.0	0.0	0.0	0.0	0.0	0.0	0.0	0.0	0.0	0.0	0.0	0.0	0.0	0.0	0.0	0.0	0.0	0.0	0.0	0.0	0.0	0.0	0.0	0.0	0.0	0.0	0.0	0.0	0.0	0.0	0.0	0.0	0.0	0.0	0.0	0.0	0.0	0.0	0.0	0.0	0.0	0.0	0.0	0.0	0.0	0.0	0.0	0.0	0.0	0.0	0.0	0.0	0.0	0.0	0.0	0.0
LC030	0.0008607293649389911	0.0	0.0016638303411104507	0.0	0.0	2.0148982382752793e-05	0.0	0.00031931022783178106	0.00019871923045239754	1.6860436427955985e-06	0.0	0.015052354821415518	0.19990713274569352	0.0	5.260246264754059e-06	0.00041571691339028317	0.0007357330474878523	0.0	7.442109013181333e-06	4.722849914923881e-06	0.0001941440956707668	0.0	0.0	0.0	0.0	0.0	1.8345625298455987e-05	0.0	0.0	0.0	0.684833425787153	5.328580861471001e-06	1.576318942902484e-05	0.0	7.132511187783965e-05	0.004004741608582422	0.0	0.0	0.000658362935105965	0.0	0.0	0.0	0.0	0.000687431421446384	0.003092580808515111	0.0	0.00019612288177194806	0.0	0.00020906762020568416	0.0	0.0	0.00039285422806619813	0.0	0.0	0.0	0.0	0.0	1.2772286152089656e-05	0.0	0.0	0.0	0.19757422205356173	0.0005003047935716264	0.0	0.0023087434086539378	0.0	2.852067943349174e-05	0.0	0.0	0.0	0.0	0.0	0.0	0.0	0.0	0.0	0.0	0.19734375119892578	0.0	0.0	0.0	0.0	0.0	0.0	0.19697371571072317	0.18482668329177057	0.0	0.0	0.004992812087428487	0.0	0.0	0.0	0.0017040523690773066	0.0	0.0	0.18949248545303407	0.0	0.0	0.0	0.0	0.0	0.0	0.0	0.0	0.0	0.0	0.0	0.0	0.0	0.0	0.0	0.0	0.0
LC031	0.0012284654803720442	7.1608406434685814e-06	0.00047655380618247354	0.0	0.0	2.053470437017995e-05	0.0	0.0	0.0	8.391340243296438e-06	1.6681996493793384e-05	0.00019926274670708323	0.0	0.00010376358478858256	8.827843691106825e-05	0.001448643548651753	0.001824474103567466	0.0	2.8340066103562246e-05	0.0	0.0001007924297158732	0.0	0.0	0.0	0.0	6.961152181896565e-05	0.06328626593009899	0.0	1.5727054174997618e-05	0.0	0.0	0.4131972693809848	0.0001288458585116683	0.001125254098087003	7.572630911716028e-06	3.2078844113395386e-05	0.0	0.0	0.0004475214706684631	0.000932099757212225	0.0	0.0	0.0001324587932859519	0.0019075616490526518	0.0038735839021363356	0.0	0.0005302329818027246	0.2790469487203312	0.0005944011982408805	0.04742235263608894	0.0	0.002122692217807899	0.07616243006199909	3.7210147749993507e-06	0.0	0.0	0.0	0.0	0.0	0.0	0.0	0.0	0.0	0.0	0.03174176377087463	0.0	0.00020846873938982393	0.3518426932964208	0.0	0.0	0.00016390497723541982	0.0	0.0	0.3423981362467866	0.0	0.0	0.21804543701799486	0.0	0.42194717223650385	0.370027753608859	0.0	0.0	0.0	0.0	0.0	0.0	0.0	0.0	0.0453417964615152	0.0	0.0	0.0	0.032542609254498714	0.0002245293971307737	0.0	0.0	0.3394236899347439	0.35071195372750646	5.9640102827763494e-05	0.0	0.0	0.0	0.006290411311053986	0.007506323907455012	0.0	0.0054084832904884314	0.008226735218508998	0.005199139493979163	0.004676687863617914	0.0	0.025786233933161953	0.0	0.0
LC032	0.00031881140465922053	0.0	1.0956540493907043e-06	0.0	0.0	4.795978215333055e-07	0.0	0.0	0.0	2.0366482832236254e-05	0.0	0.0	0.0	2.637707120465741e-06	1.8195322874698958e-06	0.0	0.0	0.0	0.7295337217068646	3.7582633972525668e-06	2.501888355546892e-06	0.0	0.0	0.0	0.0	0.00031299131510311633	0.0	0.0	0.0	0.0	0.0	0.0	0.6397586331590488	0.0	0.0	0.0	0.0	0.0	1.2861736334405144e-05	0.0	0.0	0.0	0.0	5.5709475709475705e-06	0.0	0.0	3.705798138869005e-05	0.0	0.0	0.0	0.0	0.0	0.0	0.0	0.0	0.0	0.0	0.0	0.0	0.0	0.0	0.0	0.0	0.0	0.0	0.0	0.0	0.0	0.0	0.0	0.0	0.0	0.0	0.0	0.0	0.0	0.0	0.0	0.0	0.0	0.0	0.0	0.0	0.0	0.0	0.0	0.0	0.0	0.0	0.0	0.0	0.0	0.0	0.0	0.0	0.0	0.0	0.0	0.0	0.0	0.0	0.0	0.0	0.0	0.0	0.0	0.0	0.0	0.0	0.0	0.0	0.0	0.0
LC033	0.002315187613232235	0.0	0.003552182804147217	0.0	9.632695930513645e-05	0.00015336707163803937	0.0	9.800477073946462e-05	0.000126994422994423	1.0927276680701337e-05	0.0021813733666944677	0.00017246194847497779	0.0	0.0004652577250335871	0.004067998289405569	0.00024390899880261585	6.855297455652695e-05	0.0	2.544990723562152e-06	4.007689061840686e-06	0.0	0.0	0.0	0.0	0.0	0.0002622967922346804	0.00019171461729759602	0.0	2.0490620490620493e-06	0.0	0.0	0.0	8.976218586608197e-06	0.7847753192781245	0.00042848959259918164	0.004157519300643954	0.0	6.696906591950324e-05	0.0008210022132208628	0.0005342045454545455	0.0	0.0	0.0	0.01471336507936508	0.0013549962680997163	0.00011813886113886113	0.0009907015032211883	0.0	0.0066328957819040465	0.0005894429254955572	0.0	0.003743289256198347	0.0003280468551056786	0.0005970484061393153	0.0002722135964594065	0.0	0.0	0.0	0.0	0.0	0.0	0.0	0.01814605675805676	0.0	0.0006614263904034898	0.0	0.0010076108796863515	0.0	4.3998791905768656e-05	0.0	0.0002440776091378501	0.0	0.0	0.0	0.0	0.0	0.0	0.0	0.0	0.0	0.00975948051948052	0.0	0.0	0.02432857142857143	0.0	0.0	0.0	0.0	0.0	0.0	0.0	0.0	0.0	7.87683284457478e-05	0.0	0.0	0.0	0.0	0.3545780467532468	0.0	0.0	0.012684675324675326	0.004802272727272727	0.00641948051948052	0.0	0.0	0.0018842077922077921	0.006780177717019823	0.005700775119617225	0.0	0.01172783116883117	0.0	0.01791615909090909
LC034	0.0014752350129007767	0.0	0.010830930629356993	0.0	0.0	0.00017654829871851526	0.0	0.00018338160469667317	5.815130198691843e-06	8.12993890869665e-06	0.00011678270705039587	4.1994556244701265e-05	0.0	0.00010780916391119509	0.0	0.0	1.583006885812307e-05	0.0	0.0	4.144206517976361e-06	0.0997753856434244	0.0	0.0	0.0	0.0	0.0	0.0	0.0	3.744736174530695e-05	0.0	0.0	0.0	2.4814090019569473e-06	0.00038208930795232164	0.462448666541565	0.0007468121276515007	0.0	0.0001088422061583929	0.0037825098004668984	0.0002876902587519026	0.0	0.0	0.0	2.8663622526636224e-05	0.0005916685036477195	0.0	0.0013912382698738	0.0	0.00439595380957772	0.0	0.0	0.0	9.166800966962127e-05	0.00021103085651030855	2.2517792913446088e-05	0.0	0.0	0.0	0.0	0.0	0.0	0.0	0.0	0.0	0.00014102269162396736	0.0	1.8873093822693203e-05	0.0	0.0001205543166613571	0.0	6.287506189140122e-05	0.0	0.0	0.0	0.002275068493150685	0.0	0.0	0.0	0.0	0.0	0.0	0.0	0.0	0.0	0.0	0.0	0.0	0.0	0.0	0.0	0.0	0.0	0.0	0.0004960936809544852	0.0	0.0	0.0	0.0	0.0005473972602739727	0.0	0.0	0.0	0.0011998630136986301	0.0007054794520547945	0.0	0.004717808219178082	0.0004791780821917808	0.0006239942321557318	0.0007191636625811104	0.0	0.0	0.0	0.005970308219178082
LC035	0.001000829587193863	0.0	0.00039225231086707215	0.0	0.010113586208613216	0.0002914045214904834	0.0	0.00017267077468106356	0.0	2.4064728030120966e-05	2.1093293349259193e-05	0.04729970882546672	0.0	8.701690705893592e-05	0.0	0.0001430276418930866	3.9440472734608324e-05	0.0	0.0	0.0	0.0022651063077858565	0.0	0.0	0.0	0.0	0.00010326502755745197	1.532209583308776e-05	0.0	0.0	0.0	0.0	0.0	0.0	0.0005488882253480592	0.0009848055249876675	0.9477623506572234	0.0	0.0006966145223423759	0.0	0.0	0.0	0.0	0.0	0.0003832789576279881	0.00018888676621984482	0.0	0.0006741782450323904	0.0	0.00218042741695474	0.0	0.0	0.0	0.0	0.0014222143876437506	0.0	0.0	0.0	5.994059339852485e-06	0.0	0.0	0.0	0.0	0.0	0.0	2.180118838679664e-05	0.0	0.0	0.0	0.0005111769632158733	0.0	0.0	0.0	0.0	0.0	0.0	0.0	0.0	0.0	0.0	0.0	0.0	0.0	0.0	0.0	0.0	0.0	0.0	0.0	0.0	0.0	0.0	0.0	0.0	0.0	0.0	0.0	0.0	0.0	0.008711414958448753	0.0	0.0	0.0	0.0	0.0	0.0	0.0	0.0031038781163434904	0.0	0.0	0.0	0.00022423822714681438	0.0	0.0
LC036	0.0013992277754382553	0.0	0.00022554403403280565	0.0	0.0	0.0	0.0	0.0	0.0	3.5952343462971715e-06	0.005631486607613624	9.22264030851024e-05	0.0	5.455013872374158e-05	1.930317336998745e-05	0.02417594664547159	0.007107130315836752	0.0	6.539460180623973e-05	0.0	6.894772594940804e-05	0.0	0.0	0.0	0.0	0.0	0.07354542064074346	0.0	0.0	0.0	0.0	0.1526936582158792	0.00016392819823854307	0.00010115091804746977	0.0009167296488741931	0.0	0.8763270238803011	0.0	0.00033095686883246483	0.0	0.0	0.0	0.9188155616125759	8.237547892720306e-06	0.018553542960320607	0.0	1.563942438229704e-05	0.06642692378710244	0.00028651087679300844	0.18457683378705383	0.6293576058817437	0.001131400208986416	0.09463005549921118	0.0	0.0007365552558916072	0.7718843399306264	0.0	0.0	0.0	0.0	0.0	0.0	0.0	0.0	0.012769638940071949	0.5770428257509901	0.0	0.01600793545534925	0.0	0.0	0.0007661404237640216	0.5652494485865176	0.0	0.0	0.0030689655172413794	0.0	0.06329978448275862	0.0	0.019165229885057474	0.0	0.0	0.5853112068965517	0.0	0.013959195402298851	0.0	0.0	0.6130220332401367	0.9118405172413793	0.03272679175118323	0.0	0.9196112068965517	0.15932517959770115	0.15997471264367816	0.0	0.7914196885428254	0.0	0.0	0.003382758620689655	0.0023684827586206896	0.04191060823754789	0.04277212643678161	0.0	0.0	0.0	0.0	0.0	0.0	0.0	0.0	0.0	0.0	0.0	0.0
LC037	0.001466960425718969	0.0	0.00019238939093685264	0.0	0.0	0.0	0.0	0.0	0.0	0.0	0.0	0.0005668146551314803	0.0	0.0	0.0	0.0	0.00013331123873045793	0.0	0.0	1.2612750102619699e-05	0.0006754013532510297	0.0	0.0	0.0	0.0	0.0	0.0	0.0	0.0	0.0	0.0	0.0	0.0	0.0	0.0017430552338352171	0.000586521890117345	0.0	0.9737972443454683	0.0008580728019273857	0.013334858884029802	0.0	0.0	0.0	0.00837220602526725	3.113166448845548e-05	0.0	5.547393310530061e-06	0.0	0.00016308218682986773	0.0	0.0	0.0	0.0	0.5819214344612303	0.0	0.0	0.0	0.0	0.0	0.0	0.0	0.0	0.0	0.0	0.0	0.0	0.0	0.0	0.6314712488982304	0.0	0.7279369840879554	0.0	0.7884039032244027	0.0	0.8405951357986803	0.0	0.0	0.0	0.0	0.0	0.0	0.0	0.0	0.0	0.0	0.0	0.0	0.0	0.0	0.0	0.0	0.0	0.0	0.0	0.0	0.0	0.0	0.0	0.0	0.0	0.0	0.8453084548104957	0.0	0.0	0.0	0.0	0.0	0.0	0.0	0.0	0.0	0.0	0.0
LC038	0.0019903185077002773	0.0	0.002422649166771559	0.0	0.0	0.00020234788922310963	0.0	0.0	0.0	0.00011274966108248052	0.0	0.00036178137142976844	0.0	1.780518904534871e-05	0.0	0.00022670064536726642	0.00042968936508027165	0.0	0.0	0.0	0.00037463125064097537	0.0	0.0	0.0	0.0	0.0	0.0	0.0	0.0	0.0	0.0	0.0	0.00016521902534764272	7.316156512297992e-05	0.0037358322688631463	0.0	0.0	3.326989959971127e-05	0.7004628322701377	0.0	0.0	0.0	0.0	0.0	0.00021731652930233704	0.0	0.0013240714484644403	0.0	2.2449576147325342e-05	0.0	0.0	0.0	2.1051636088519007e-05	3.209750235473708e-05	0.0	0.0	0.0	0.0	0.0	0.0	0.0	0.0	0.0	0.0	0.00016126751920669596	0.0	0.0	0.0	9.505720481567337e-05	0.0	0.00020441637934374152	0.0	0.0	0.0	0.0	0.0	0.0	0.0	0.0	0.0	0.0	0.0	0.0	0.0	0.0	0.0	0.0	0.0	0.0	0.0	0.0	0.0	0.0	0.001496888289596515	0.0	0.0	0.0	0.0	0.0	0.0	0.0	0.0	0.0	0.0	0.0	0.0	0.0	0.0	0.0	0.0	0.0	0.0	0.0
LC039	0.00020168498186420332	0.0	0.0	0.0	0.0	0.0	0.0	0.0	0.0	0.0	0.0	0.0	0.0	0.0	0.0	0.0	0.0	0.0	0.0	2.1372342559165666e-06	0.0	0.0	0.0	0.0	0.0	0.0	0.0	0.0	0.0	0.0	0.0	0.0	0.0	0.0	0.0	0.0	0.0	0.0	0.0	0.995250335165895	0.0	0.0	0.0	0.007323905606995885	7.383461047254151e-06	0.0	0.0	0.0	0.0	0.0	0.0	0.0	0.0	0.0	0.0	0.0	0.0	0.0	0.0	0.0	0.0	0.0	0.0	0.0	0.0	0.0	0.0	0.0	0.0	0.0	0.0	0.0	0.0	0.0	0.0	0.0	0.0	0.0	0.0	0.0	0.0	0.0	0.0	0.0	0.0	0.0	0.0	0.0	0.0	0.0	0.0	0.0	0.0	0.0	0.0	0.0	0.0	0.0	0.0	0.0	0.0	0.0	0.0	0.0	0.0	0.0	0.0	0.0	0.0	0.0	0.0	0.0	0.0
LC040	0.0005036366000134201	0.0	0.0	0.0	0.0	2.910138248847926e-06	0.0	0.0	0.0	0.0	0.0	0.001769242089343881	0.0	0.0	0.0	0.00028398682877406285	0.0	0.0	0.0	5.884025270758122e-05	0.0011624859287054409	0.0	0.4723714285714286	0.0	0.0	0.0	0.0	0.0	0.19299352926587302	0.0	0.0	0.0	0.0	0.0	0.0	0.0	0.0	0.0	0.0	0.0	0.5987923392857143	0.4725968944099378	0.0	0.0	0.021184343185550084	0.0	2.7397356580427446e-05	0.0	4.509297520661157e-05	0.0	0.0	0.0	0.0	0.0	0.0	0.0	0.4723714285714286	0.0	0.24844153620352252	0.5298569940476191	0.15158338265306123	0.0	0.0	0.058510982142857146	0.0	0.0	0.0	0.0	0.0	0.03959892857142857	0.0	0.0	0.0	0.0	0.0	0.226719693877551	0.0	0.0	0.0	0.0	0.0	0.0	0.09393826411960132	0.0	0.0	0.0	0.0	0.0	0.0	0.06596440476190477	0.0	0.0	0.0	0.0	0.0	0.0	0.0	0.0	0.0	0.0	0.0	0.0	0.0	0.0	0.0	0.0	0.0	0.0	0.0	0.0	0.0	0.10605375	0.0
LC041	0.00039322502910123144	0.0	0.0	0.0	0.0	0.0	0.0	0.0	0.0	0.0	0.0	0.0	0.0	0.0	0.0	0.0015260561208757324	0.0	0.0	0.0	0.0	0.0	0.0	0.8077476943346508	0.0	0.0	0.0	0.0	0.0	0.12923600711218466	0.0	0.0	0.0	0.0	0.0	0.0	0.0	0.0	0.0	0.0	0.0	0.9287049495341615	1.0040018903591683	0.0	0.0	0.004443901660280971	0.0	0.0	0.0	0.0	0.0	0.0	0.0	0.0	0.0	0.0	0.0	1.003	0.0	0.5668831496922772	1.0034782608695652	0.05131971014492753	0.0	0.0	0.44688695652173915	0.0	0.0	0.0	0.0	0.0	0.0	0.0	0.0	0.0	0.0	0.0	0.32076273291925467	0.0	0.0	0.0	0.0	0.0	0.0	0.2403323222109875	0.0	0.0	0.0	0.0	0.0	0.0	0.4476521739130435	0.0	0.0	0.0	0.0	0.0	0.0	0.0	0.0	0.0	0.0	0.0	0.0	0.0	0.0	0.0	0.0	0.0	0.0	0.0	0.0	0.0	0.0	0.0
LC042	0.0017321582384715276	0.0	0.0010890194333961342	0.0	2.15302423922072e-06	0.00021434819734345348	0.0	0.0	0.0	0.0	8.600411494873179e-05	1.3086798237210194e-05	0.0	7.981744421906695e-06	6.346212661841167e-06	0.07641772984459741	0.009112678272907742	0.0	0.0	0.0	9.324301953426775e-06	0.0	0.0	0.0	0.0	0.0	0.05641701971214018	0.0	2.147671568627451e-05	0.0	0.0	0.16057881351126568	0.0004907181054239877	0.000184938884644767	0.0011410676873489121	6.283200260713704e-05	0.8309770674864774	0.0	0.0006705255816152828	0.0	0.0	0.0	0.9447087464857267	0.00013411220043572987	0.004962290117196304	0.0	0.0002960195692450208	0.06613025779588944	0.0001711199562469616	0.1336066111971104	0.10492599364069953	0.0015336898395721926	0.06335647347174164	6.185383244206773e-05	0.00037079773250082163	0.7178257940306301	0.0	0.0	0.0	0.0	0.0	0.0	0.0	0.0	0.0056989896722047595	0.39478689137419676	0.0	0.029331801470588236	0.0	0.0	0.0003122563784549964	0.2334172794117647	0.0	0.0	0.0	0.0007999999999999999	0.1517452205882353	0.0	0.022672426470588234	0.0	0.0	0.13041525735294116	0.0	0.009183786764705881	0.0	0.0	0.17860409379968203	0.8702827205882353	0.05947554065743946	0.0	0.9642235294117647	0.1390638786764706	0.11095404411764705	0.0	0.8084357803605313	0.0	0.0	0.0	0.00031191176470588233	0.012237132352941176	0.018186029411764705	0.0	0.0	0.0	0.010838235294117647	0.0	0.0011551470588235294	0.0	0.0	0.0	0.0	0.0	0.0
LC043	0.0031001653880277646	0.0	2.5833662844339002e-05	0.0	0.0	0.0	0.0	0.0	5.965965965965966e-06	4.906702745363324e-06	0.0	0.0017583260948244661	0.0	0.0	0.0	0.00012250722353559235	0.006272554437208078	0.0	0.0	0.0	0.0	0.0	0.0	0.0	0.0	8.736753316463461e-05	0.0	1.518676796454574e-06	0.0	0.0	0.0	0.0	0.0	0.00017313900913900913	0.0	4.766184467015492e-05	0.0	0.0	7.605811599380731e-05	0.0550639737654321	0.0	0.0	0.0	0.4093041632373114	0.0009599176954732511	0.0	1.7869641294838143e-05	0.0	0.0017737480869299052	0.0	0.0	0.0	1.1793754538852577e-05	2.3082678638234194e-05	0.0	0.0	0.0	0.00033721999107541275	0.0	0.0	0.0	0.0	0.0	0.0	0.0	0.0	0.0	0.0	0.0	0.0	0.0	0.0	0.0	0.0	0.0	0.0	0.0	0.0	0.0	0.0	0.0	0.0	0.0	0.0	0.0	0.0	0.0	0.0	0.0	0.0	0.0	0.0	0.0	0.0002435244922341697	0.0	0.0	0.0	0.0	0.0	0.0	0.0019703703703703706	0.0	0.0	0.00043740740740740746	0.0	0.0	0.0	0.0002443664717348928	0.00024000000000000003	0.0	0.0	0.0	0.0
LC044	0.0027356281707275375	0.0	0.00020652022743076858	0.0	0.0	0.0002938499567420591	0.0	0.0017778387676909845	0.0055106035345690516	8.00982055902541e-05	3.155881284638007e-05	0.010216474471776055	0.0	0.00020436913727044524	0.0	0.16227086899812504	0.06190085951695554	0.0	1.6710454296661194e-05	0.0	0.015481945612559573	0.0	0.0	0.0	0.0	0.0008023067831163783	0.00018789679628270972	0.0	0.0	0.0	0.0	3.344758640388461e-05	4.620590137831517e-05	0.0006964999751206648	0.0008230147483335958	2.835885842858811e-05	0.0	0.0002235246808082839	0.00021273730765913938	0.0027175433695189443	0.0	0.0	0.0	0.00505835674755215	0.3991125952349496	0.0	0.00238970796753854	0.0	0.00018893005287989612	0.00021242858103112186	0.0	0.0	0.0	4.3525291226440655e-05	3.568141441383591e-06	0.0	0.0	0.0	0.0	0.0	0.0	0.0	0.0	0.0	1.2096750606884854e-05	0.0	1.8210077351261477e-05	0.0	0.00011292435177759957	0.0	0.0	0.0	0.0	0.0	0.0	0.0	0.0	0.0	0.0	0.0	0.0	0.0	0.0	0.0	0.0	0.0	0.0	0.0	0.0	0.0	0.0	0.003221455938697318	0.0	2.6473859844271412e-05	0.0	0.0	0.0	0.0	0.000508352490421456	0.0	0.0	0.0	0.0	0.0	0.01773793103448276	0.01585095785440613	0.000860536398467433	0.0	0.0	0.0	0.0	0.0	0.001060057471264368
LC045	0.00012064846262239405	0.0	6.898439638653162e-05	0.0	0.0	0.0	0.0	0.0	0.0	2.4646411427233344e-05	0.0	0.0019737885241794036	0.0	0.0006169834217506631	6.0664578056259164e-05	8.202945990180033e-05	6.122352780434486e-05	0.0	6.627747252747253e-06	0.0	2.6332804156443933e-05	0.005982381712626996	0.0	0.0	0.04280147539707256	2.8346074215639435e-05	0.0	0.0	0.0	0.0	0.0	0.0	0.00010712787212787214	6.191408591408591e-05	0.0	0.0	0.0	0.0	0.0	0.0	0.0	0.0	0.0	2.9393162393162392e-05	0.0	0.9157654260355029	0.0002191626287098728	0.0	1.6282581055308328e-05	0.0	0.0	0.0	0.0	0.0	0.0	0.0	0.0	0.0	0.0	0.0	0.0	0.0	0.0	0.0	0.0	0.0	0.0	0.0	0.0	0.0	0.0	0.0	0.0	0.0	0.0	0.0	0.0	0.0	0.0	0.0	0.0	0.0	0.0	0.0	0.0	0.0	0.0	0.0	0.0	0.0	0.0	0.0	0.0	0.0	0.0	0.0	0.0	0.0	0.0	0.0	0.0	0.0	0.0	0.0	0.0036861538461538464	0.0	0.0	0.0	0.0	0.0	0.0	0.0	0.0
LC046	0.004390129732638516	0.0003000058626692282	0.006994431679136193	0.0	3.891168770784268e-05	0.0005513716027432055	0.0	0.00023796186191011836	5.222919770163865e-05	2.9398123179808003e-05	0.0001183883551253341	0.0025804287747826313	0.0	0.0004150882432799348	3.4099810314005375e-05	8.881443011112973e-05	0.0012479629655529293	0.0	2.8815382452193475e-05	0.0012437249495437618	0.002334197308357093	0.0	0.0	0.0	0.0	9.165973818490081e-06	0.00016637460211090636	3.219429302106467e-06	0.0012603893263342081	0.0	0.0	9.675525777786773e-06	0.00015568053993250843	0.0014066274670211678	0.0019074037320677383	0.0012207167317381726	0.0	6.254792130575515e-05	0.0016971390232169532	5.16732283464567e-05	0.0	0.0	0.0	0.0034151370662000584	0.0036864934986574954	0.0	0.181171822493645	0.0	0.002740491312552873	0.0	0.0	0.00028010021474588403	1.2440172919561524e-05	2.8296746997534397e-05	0.003164800070382264	0.0	0.0	0.0	0.0	0.0	0.0	0.0	0.0002163896179644211	0.0	0.0014623790346817336	0.0	0.014334879661268757	0.0	0.0	0.0	4.667488853049995e-05	0.0	0.0	0.0	0.0	0.0	0.0	0.0	0.0	0.0	0.0	0.0	0.0	0.0008413385826771654	0.0	0.0	0.0	0.0	0.0009786475220009264	0.0	0.0	0.0	0.0	0.0034483997967995933	0.0	0.0	0.0	0.0	0.00128051968503937	0.02402244094488189	0.02382086614173228	0.0	0.015907677165354333	0.014710433070866141	0.0157745406824147	0.026435826771653542	0.030903149606299214	0.014412474098632408	0.014424326564442602	0.0	0.0	0.0	0.0
LC047	0.000744800394626887	0.0	0.0002668534160366257	0.0	0.0	1.5345511076564324e-06	0.0	0.0	0.0	0.0	0.0	3.313135277265413e-05	0.0	0.0	0.00015993568728988746	5.062804409125865e-05	0.0028251328582536185	0.0	0.0	0.0	0.0	0.0	0.0	0.0	0.0	0.0	0.019810242672818935	0.0	0.0002821154990331697	0.0	0.0	0.30722117673779953	0.0	0.0	0.0	0.0	0.0	0.0005946632009085906	0.0	0.005479154116465863	0.0	0.0	0.0	0.0034826506024096386	0.0	0.0	0.0011859112038706005	0.9387681118046483	6.791629327226261e-05	0.03425284118931868	0.0	0.0	0.004598438853453028	0.00012531945965680905	0.0	0.0	0.0	4.46412154642667e-05	0.0	0.0	0.0	0.0	0.0	0.0	0.006687510346730433	0.0	0.0	0.9583599590670374	5.4384981787615575e-05	0.0	0.0	0.0	0.0	0.9582363453815261	0.0	0.0	0.9031303212851405	0.0	0.9554345381526105	0.9571916666666667	0.0	0.0	0.0	0.0	0.0	0.0	0.0	0.0	0.0005558469170800851	0.0	0.0	0.0	0.00689156626506024	0.0	0.0	0.0	0.9593076305220883	0.9593076305220883	0.0005964337349397591	0.043471164658634535	0.053396787148594374	0.0	0.0	0.0	0.0	0.0	0.0	0.021506742760515746	0.03280011836820968	0.0	0.002673293172690763	0.0	0.0
LC048	0.004126635074861515	0.0	0.004446451182808349	0.0	0.00043519557814107937	0.0004193697680618501	0.0	0.0002578984651711924	8.217618444891172e-05	4.2856334201290615e-05	0.002148110167563879	0.0005544606563114114	0.0	0.00036837624679395844	0.00011303643811679104	0.0	7.626058746678802e-05	0.0	4.0628689492325855e-06	0.0	0.0002584737878529453	0.0	0.0	0.0	0.0	0.00015774857553513678	1.0787761561455954e-05	0.0	0.0	0.0	0.0	0.0	6.365031662552323e-05	0.0014388204357625846	0.0025548250877391603	0.0031668356951534992	0.0	0.00017476206539286318	0.0022243775079057162	0.0	0.0	0.0	0.0	0.0017800902969084787	0.0006916912067382287	0.0	0.0003005645213769766	0.0	0.26607111365343894	0.0	0.0	0.036588801652892564	0.0	0.000751220886551465	2.19123689921049e-05	0.0	0.0	0.0	0.0	0.0	0.0	0.0	0.01791248852157943	0.0	0.00010599015834963095	0.0	0.0	0.0	7.051700941764366e-05	0.0	0.0018550781638952503	0.0	0.011804588627112372	0.0	0.004673553719008265	0.0	0.0	0.0	0.0	0.0	0.04168157024793388	0.0	0.0	0.020791157024793387	0.0	0.0	0.0	0.0	0.0	0.0	0.0	0.0	0.0	0.004004545454545454	0.0	0.0	0.0	0.0	0.0025127603305785126	0.0010380165289256198	0.0012644628099173555	0.0	0.0017181818181818181	0.009795454545454545	0.0	0.0	0.012383057851239668	0.0067326272292301	0.0015638103523270986	0.0	0.0	0.0	0.0
LC049	0.0013530715145072638	0.0	0.00010021123389731743	0.0	0.0	0.0	0.0	1.5204678362573099e-05	0.0002618421052631579	0.0	3.102433070443693e-05	0.00011265929481684668	0.0	0.00010774954627949183	1.529386725044848e-05	0.15059146369914148	0.3151163682964071	0.0	0.0	0.0	0.00011413877094236528	0.0	0.0	0.0	0.0	0.0008857969198358214	0.19641967151922357	0.0	0.0	0.0	0.0	0.03910259662652776	1.3766233766233765e-05	0.0006138038277511962	2.5436193222782984e-05	0.0	0.012928946108086307	0.0010841197381208122	0.0	0.0	0.0	0.0	0.0002082527089783282	0.00026762670565302145	0.14163108321570209	0.0	0.0017836234286503657	0.03313307264144296	0.0005916394809337394	0.8466914819944599	0.0	0.0	0.3482951947884417	0.00010340023037391459	0.0001559737332157209	0.0018446589847399561	0.0	0.0	0.0	0.0	0.0	0.0	0.0	0.0	0.01333784652470872	0.005059855521155831	0.0	0.0289657810391363	0.0	0.0	0.0	0.0	0.0	0.021951315789473683	0.0	0.0	0.03551754385964913	0.0	0.04071600877192983	0.03919824561403509	0.0	0.0	0.0	0.0	0.0	0.0	0.0	0.03137105263157895	0.04322296181630547	0.0	0.0	0.9127279468201754	0.8935067982456141	0.0	0.029120118845500847	0.0	0.05978815789473684	0.06736469298245613	0.0015170000000000001	0.0011131578947368422	0.0	0.0	0.0	0.0	0.0	0.0	0.0	0.0	0.0	0.0	0.01498640350877193	0.0	0.0
LC050	0.0006047884427405329	0.0	0.0	0.0	0.0	0.0	0.0	0.0	0.0	0.0	0.0	4.819966546350911e-05	0.0	2.6020503261882574e-05	0.0	0.004072297297297298	0.004042651176931817	0.0	0.0	0.0	0.0	0.0	0.0	0.0	0.0	1.4772536511666947e-05	0.011562173663024727	0.0	0.0	0.0	0.0	0.10593741981055607	0.0	0.0	0.0	0.0	0.2560345190017604	0.0	0.0002818284522464587	0.0	0.0	0.0	0.07278626291732909	0.0	0.015309376617997307	0.0	0.0	0.018223700206230323	0.0	0.12160178402086297	0.9853723399074751	0.0	0.15043033253842078	0.0	0.0009576626906235844	0.3871874993336532	0.0	6.942364050797785e-05	0.0	0.0	0.0	0.0	0.0	0.0	7.04765834536827e-05	0.8446796956620486	0.0	0.0002051975051975052	0.0	0.0	0.0	0.9800846481616752	0.0	0.10679763513513513	0.0	0.0	0.014245045045045044	0.0	0.0019977477477477476	0.10241891891891891	0.0	0.9789459459459459	0.0	0.0	0.0	0.0	0.977645678110543	0.08563243243243243	0.0	0.0	0.02908693693693694	0.022976576576576573	0.22831599099099098	0.0	0.41841469049694857	0.0	0.07413513513513513	0.041430855855855854	0.0	0.0	0.0	0.0	0.0	0.0	0.0	0.0	0.0	0.0	0.0	0.0	0.0	0.0	0.0
LC051	0.00012897294931465904	0.0	0.0	0.0	0.0	0.0	0.0	0.0	0.0	0.0	0.0	0.0	0.0	0.0010548714733542319	0.0	0.0	0.0	0.0	0.0	0.0	0.0	0.0	0.0	0.0	0.0	0.0	0.0	0.0	0.0	0.0	0.0	0.0	0.00011891381345926801	0.0	0.0	0.0	0.0	0.0	0.0	0.0	0.0	0.0	0.0	0.0	0.0	0.0	0.0003036506800286328	0.0	0.037261876408715255	0.0	0.0	0.9942285123966943	0.0	0.0	0.0	0.0	0.0	0.0	0.0	0.0	0.0	0.0	0.9939249158249158	0.0	0.0	0.0	0.0	0.0	0.0	0.0	0.0	0.0	0.0	0.0	0.0	0.0	0.0	0.0	0.0	0.0	0.9837214545454546	0.0	0.0	0.9954954545454546	0.0	0.0	0.0	0.0	0.0	0.0	0.0	0.0	0.0	0.0	0.0	0.0	0.0	0.0	0.0	0.0	0.0	0.0	0.0	0.0	0.0	0.0	0.0	0.0	0.0	0.0	0.0	0.0	0.0
LC052	0.001617394259018779	0.0	9.887656130067684e-05	0.0	0.0	3.84326375711575e-05	0.0	0.0	0.0	0.0	0.0	3.101488152264163e-05	0.0	4.683231913455037e-05	2.66879056648656e-05	0.0022348777986371856	0.00477460993278306	0.0	6.13795518207283e-05	0.0	0.0	0.0	0.0	0.0	0.0	0.0	0.3754347778473091	0.0	0.0	0.0	0.0	0.005746268713140783	0.0	4.127196333078686e-05	7.858716089175395e-05	0.0	0.0	0.0	0.0006498865140911669	0.0	0.0	0.0	0.0	0.0	0.005441456314326496	0.0	1.8673768720086462e-05	0.0025266202063154585	0.0	0.13235970717234263	0.0	0.0	0.9032950932333719	0.0	0.0	0.0	0.0	0.0	0.0	0.0	0.0	0.0	0.0	0.0	0.010795973656638229	0.0	0.0	0.0	0.0	0.0	0.0	0.0	0.0	0.0	0.0	0.0	0.0	0.0	0.0	0.0	0.0	0.0	0.0	0.0	0.0	0.0	0.0	0.0	0.004266493656286043	0.0	0.0	0.4669481617647059	0.3192275735294117	0.0	0.0	0.0	0.0	0.0	0.0	0.0	0.0	0.0	0.0	0.0	0.0	0.0	0.0	0.0	0.0	0.0	0.011922426470588235	0.0	0.0
LC053	0.001534828807093955	0.0	1.7465880633140418e-05	0.0	0.0	4.761811665037471e-06	0.0	0.0	0.0002987032487032487	7.410482296327045e-06	0.0	0.000326068091336821	0.0	0.0	2.292771738179017e-05	0.0	0.0	0.0	0.0	0.0	0.00020106032179202912	0.0	0.0	0.0	0.0	0.0	0.0	0.0	0.0	0.0	0.0	0.0	0.0	1.9847828938738033e-05	0.00036133388681333883	6.824477461596575e-05	0.0	0.5825870056247607	0.0027964613985514307	0.011937484217171716	0.0	0.0	0.0	0.01453902356902357	2.125856263787298e-05	0.0	0.00020676250695935734	0.0	2.7955171550212874e-05	0.0	0.0	0.0	0.0	0.6830098280787675	0.0	0.0	0.0	0.0	0.0	0.0	0.0	0.0	0.0	0.0	0.0	0.0	0.0	0.0	0.6969069943622269	0.0	0.6153271206036267	0.0	0.5853539197949645	0.0	0.6190560340244551	0.0	0.0	0.0	0.0	0.0	0.0	0.0	0.0	0.0	0.0	0.0	0.0	0.0	0.0	0.0	0.0	0.0	0.0	0.0	0.0	0.0	0.0	0.0	0.0010781414141414142	0.0	0.0	0.5864863636363636	0.0	0.0	0.0	0.000852020202020202	0.0	0.0	0.0	0.0	0.0	0.0	0.0
LC054	0.0011071141275968207	0.0	0.0005471546816702784	0.0	0.0	0.0001230391061452514	0.0	0.0	0.0	2.0346419734190453e-05	0.9653557839167649	3.296271359161465e-05	0.0	0.0006919957618955884	0.0011450732453549956	0.0	0.0	0.0	0.0	0.0	0.00021617176936702758	0.0	0.0	0.0	0.0	0.00010072290271464426	0.0	0.0	0.0	0.0	0.0	0.0	0.0	2.4679677864035406e-05	5.633733833320578e-05	0.0	0.0	0.0	0.00021900698773105317	0.0	0.0	0.0	0.0	0.0	4.9384618677625806e-05	0.0	0.005690938283552545	0.0	0.0002959208643058313	0.0	0.0	0.0	0.0	0.0	0.957178817764739	0.0	0.0	0.0	0.0	0.0	0.0	0.0	0.0	0.0	0.0005007846816495373	0.0	0.0	0.0	0.0	0.0	0.00010863565995826883	0.0	0.0	0.0	0.0	0.0	0.0	0.0	0.0	0.0	0.0	0.0	0.0	0.0	0.0	0.0	0.0	0.0	0.0	0.0	0.0	0.0	0.0	0.0	0.0	0.0	0.0	0.0	0.0	0.0	0.0	0.0	0.0	0.0	0.0	0.0	0.004301675977653631	0.0	0.0	0.0	0.0	0.0	0.23148135474860337
LC055	0.002259235799789328	0.0	0.0032566762829286788	0.0	0.0	2.652109181141439e-05	0.0	0.0	0.0	0.0	0.00013184951957005592	1.9937166316519864e-05	0.0	2.3227912670883496e-05	0.0	0.04539237483738302	0.016347750323184123	0.0	0.0	0.0	0.00023020304850294746	0.0	0.0	0.0	0.0	0.0	0.13725872340425532	0.0	0.0	0.0	0.0	0.09868406778114115	5.509259970798432e-05	0.0	0.002487204344654292	0.0	0.7890742365503639	0.0	0.0014809832759375178	0.0	0.0	0.0	0.9051430516881308	6.364234056541749e-05	0.005339223287764401	0.0	0.0025766505148394916	0.04750623084052185	0.0004938407746100054	0.17033488529014845	0.6204002158963697	0.0037857772996234534	0.13766446803573498	0.0	0.0007260321972827345	0.867958359301145	0.0	0.0	0.0	0.0	0.0	0.0	0.0	0.0	0.008507186413117124	0.6256001939237233	0.0	0.023090714610832952	0.0	0.0	0.0	0.5718882456420918	0.0	0.0	0.018958579881656806	0.0	0.12542840236686392	0.0	0.009259171597633134	0.009157396449704142	0.0	0.6902082840236686	0.0	0.0	0.0	0.0	0.5386297617143772	0.87263550295858	0.03730838844413505	0.0	0.9414538461538462	0.1800266272189349	0.21580946745562132	0.0	0.8706448177133042	0.0	0.0	0.0	0.003006674556213017	0.0	0.0	0.0	0.0	0.0	0.04937810650887573	0.0	0.0	0.0	0.0	0.0	0.011724556213017752	0.0	0.0
LC056	0.0005688312196649444	0.0	0.0	0.0	0.0	0.0	0.0	0.0	0.0	0.0	0.0	0.0	0.0	0.0	0.0	0.0	0.0	0.0	0.0	0.0	0.0	0.0	1.0033063446969697	0.0	0.0	0.0	0.0	0.0	0.23310132688492063	0.0	0.0	0.0	0.0	0.0	0.0005717710371819962	0.0	0.0	0.0	0.0	0.0	0.7681665795068027	1.003	0.0	0.0	0.0	0.0	0.0	0.0	0.0	0.0	0.0	0.0	0.0	0.0	0.0	0.0	1.005	0.0	0.5805949934768427	1.003	0.0	0.0	0.0	0.93	0.0	0.0	0.0	0.0	0.0	0.9084999999999999	0.0	0.0	0.0	0.0	0.0	0.0	0.0	0.0	0.0	0.0	0.0	0.0	0.9052472868217054	0.0	0.0	0.0	0.0	0.0	0.0	0.9317333333333332	0.0	0.0	0.0	0.0	0.0	0.0	0.0	0.0	0.0	0.0	0.0	0.0	0.0	0.0	0.0	0.0	0.0	0.0	0.0	0.0	0.0	0.90145	0.0
LC057	0.0006327008833832276	0.0	4.420529091454787e-06	0.0	0.0	0.023420883015934705	0.0	0.0030677165806081465	0.005979816563551504	0.020662189396856833	0.0	0.00045505867116675167	0.0	0.0	0.0	0.0	0.0	0.0	0.0	0.0008073941977295464	0.0	0.0	0.0	0.0	0.0	0.0	0.0	0.0	0.0	0.0	0.0	0.0	0.0	0.0	0.0016675821092589538	0.0	0.0	0.0	0.0	6.3600234270415e-05	0.0	0.0	0.0	0.001212541276215975	0.0	0.0	0.0	0.0	0.0	0.0	0.0	0.0	0.0	0.0	0.0	0.0	0.0	0.30598843083176075	0.0	0.0	0.0	0.0	0.0	0.0	0.07629264232502529	0.0	0.0	0.0	0.0	0.0	0.0	0.0	0.0	0.0	0.0	0.0	0.0	0.0	0.0	0.0	0.0	0.0	0.0	0.0	0.0	0.0	0.0	0.0	0.0	0.0	0.0	0.0	0.0	0.0	0.0	0.0	0.0	0.0	0.0	0.0	0.0	0.0	0.0	0.002075301204819277	0.0	0.0	0.0022629518072289157	0.0	0.0	0.0	0.0	0.0	0.0
LC058	0.0002956286957025293	0.0	1.0468970896504654e-05	0.0	0.0	0.0	0.0	0.0	0.0	0.0	0.0	0.0007095254562491633	0.0	0.0	0.0	0.005037532789274264	0.0	0.0	0.0	0.0	2.7294456295458635e-06	0.0	0.3548946684308842	0.0	0.0	3.4476303922402795e-05	0.0	0.0	0.16736623699898528	0.0	0.0	0.0	0.0	0.0	0.00019020829423906923	0.0	0.0	0.0	0.0	0.0	0.15903131115459884	0.0	0.0	3.4424150177574834e-06	0.01673749540754737	0.0	0.000821809944989753	0.0	7.2257443677119894e-06	0.0	0.0	0.0	0.0	0.0016179881001798812	0.0	0.0	0.019187671232876714	0.0	0.6615886657909551	0.07151506849315069	0.6341167954990216	0.0	0.0	0.714581309672063	0.0	0.0	0.0	0.0	0.0	0.7161502283105023	0.0	0.0	0.0	0.0	0.0	0.14835616438356164	0.0	0.0	0.0	0.0	0.0	0.0	0.7565561165976425	0.0	0.0	0.0	0.0	0.0	0.0	0.7155333333333334	0.0	0.0	0.0	0.0	0.0	0.0	0.0	0.0	0.0	0.0	0.0	0.0	0.0	0.0	0.0	0.0	0.0	0.0	0.0	0.0	0.0	0.771046404109589	0.0
LC059	0.00042836686498616983	0.0	0.0	0.0	0.0	0.0	0.0	0.0	0.0	0.0	0.0	0.0	0.0	0.0	0.0	0.0	0.0	0.0	0.0	0.0	0.0	0.0	0.0	0.0	0.0	0.0	0.0	0.0	0.009745842978395062	0.0	0.0	0.0	0.0	0.0	0.0	0.0	0.0	0.0	0.0	0.0	0.9618341865079364	1.0034782608695652	0.0	0.0	0.0	0.0	0.0	0.0	0.0	0.0	0.0	0.0	0.0	0.0	0.0	0.0	0.0	0.0	0.14950527968036528	1.005	0.003087857142857143	0.0	0.0	0.0	0.0	0.0	0.0	0.0	0.0	0.0	0.0	0.0	0.0	0.0	0.0	0.5963999999999999	0.0	0.0	0.0	0.0	0.0	0.0	0.0	0.0	0.0	0.0	0.0	0.0	0.0	0.8554333333333334	0.0	0.0	0.0	0.0	0.0	0.0	0.0	0.0	0.0	0.0	0.0	0.0	0.0	0.0	0.0	0.0	0.0	0.0	0.0	0.0	0.0	0.0	0.0
LC060	3.771992216332282e-05	0.0	0.0	0.0	0.0	0.0	0.0	0.0	0.0	0.0	0.0	0.0	0.0	0.0	0.0	0.0	0.0	0.0	0.0	0.0	0.0	0.0	0.03333311688311688	0.0	0.0	0.0	0.0	0.0	0.21663655257936507	0.0	0.0	0.0	0.0	0.0	0.0001702270058708415	0.0	0.0	0.0	0.0	0.0	0.08122415306122449	0.0	0.0	0.0	0.009368779419813903	0.0	0.0	0.0	0.0	0.0	0.0	0.0	0.0	0.0	0.0	0.0	0.0	0.0	0.4119741242661448	0.0	0.9968245918367349	0.0	0.0	0.9513385714285714	0.0	0.0	0.0	0.0	0.0	0.99333	0.0	0.0	0.0	0.0	0.0	0.0	0.0	0.0	0.0	0.0	0.0	0.0	0.8356602325581395	0.0	0.0	0.0	0.0	0.0	0.0	0.37750261904761906	0.0	0.0	0.0	0.0	0.0	0.0	0.0	0.0	0.0	0.0	0.0	0.0	0.0	0.0	0.0	0.0	0.0	0.0	0.0	0.0	0.0	0.9934826785714285	0.0
LC061	0.00021844577300358746	0.0	0.0	0.0	0.0	0.0	0.0	0.0	2.3031727379553467e-05	0.0	0.0	0.03361398916584053	0.9783698653561008	0.0035605747126436784	0.0	0.0	0.0	0.0	0.0	0.0	0.0	0.0	0.0	0.0	0.0	0.0	0.0	0.0	0.0	0.0	0.61964409447396	0.0	0.0	0.0	0.0	0.0	0.0	0.0	0.0	0.0	0.0	0.0	0.0	0.0	0.00023168415792103949	0.0	0.0	0.0	6.276200742603905e-06	0.0	0.0	0.0	0.0	0.0	0.0	0.0	0.0	0.0	0.0	0.0	0.0	0.9972285759294266	0.0	0.0	0.0	0.0	9.965135356849878e-05	0.0	0.0	0.0	0.0	0.0	0.0	0.0	0.0	0.0	0.0	0.9173706661092531	0.0	0.0	0.0	0.0	0.0	0.0	0.9762659420289856	0.9335442028985508	0.0	0.0	0.0	0.0	0.0	0.0	0.0	0.0	0.0	0.9494376811594203	0.0	0.0	0.0	0.0	0.0	0.0	0.0	0.0	0.0	0.0	0.0	0.0	0.0	0.0	0.0	0.0	0.0
LC062	8.851451733556008e-05	0.0	0.0001382575458020298	0.0	0.0	0.0	0.0	0.0	0.0	0.0	0.0	0.0	0.0	0.0016912183908045976	0.0	0.0	0.0	0.0	0.0	0.0	0.0	0.0	0.0	0.0	0.0	0.0	0.0	0.0	0.0	0.0	0.0	0.0	0.0	0.0	0.0	0.0	0.0	0.0	0.0	0.0	0.0	0.0	0.0	0.0	0.0	0.0	0.0002460192475940508	0.0	0.039373911845730025	0.0	0.0	0.9939106060606062	0.0	0.0	0.0	0.0	0.0	0.0	0.0	0.0	0.0	0.0	0.9983075445816186	0.0	0.0	0.0	0.0	0.0	0.0	0.0	0.0	0.0	0.0	0.0	0.0	0.0	0.0	0.0	0.0	0.0	0.9743888888888889	0.0	0.0	0.9924555555555554	0.0	0.0	0.0	0.0	0.0	0.0	0.0	0.0	0.0	0.0	0.0	0.0	0.0	0.0	0.0	0.0	0.0	0.0	0.0	0.0	0.0	0.0	0.0	0.0	0.0	0.0	0.0	0.0	0.0
LC063	0.000426823305862761	0.0	0.0	0.0	0.0	0.0	0.0	0.0	0.0	0.0	0.0	0.0	0.0	0.0	0.0	0.0	0.0	0.0	0.0	0.0	0.0	0.0	0.0	0.0	0.0	0.0	0.0	0.0	0.37843397692199776	0.0	0.0	0.0	0.0	0.0	0.0	0.0	0.0	0.0	0.0	0.0	0.07080494047619047	0.0	0.0	0.0	0.0	0.0	0.0	0.0	0.0	0.0	0.0	0.0	0.0	0.0	0.0	0.0	0.0	0.0	0.22072652552926525	0.0	0.9281737445887446	0.0	0.0	1.006	0.0	0.0	0.0	0.0	0.0	0.9519	0.0	0.0	0.0	0.0	0.0	0.0	0.0	0.0	0.0	0.0	0.0	0.0	0.9666465116279069	0.0	0.0	0.0	0.0	0.0	0.0	1.0046666666666666	0.0	0.0	0.0	0.0	0.0	0.0	0.0	0.0	0.0	0.0	0.0	0.0	0.0	0.0	0.0	0.0	0.0	0.0	0.0	0.0	0.0	0.9532499999999999	0.0
LC064	0.007101854255483168	0.0	0.0005204436173969738	0.0	0.0	0.00032421866535336125	0.0	9.872358103546762e-05	3.819086261834353e-06	0.0007767506709888807	0.0	5.294651515528259e-05	0.0	2.195314556462227e-06	4.277058224297829e-05	0.0010957067836067347	9.931528209022006e-05	0.0	2.572246455834242e-06	0.0	0.0	0.0	0.0	0.0	0.0	0.0	0.002174812408640572	0.0	0.0	0.0	0.0	0.004124237131811849	0.0	0.0006441875681570337	0.00013533619157168251	8.083567697870631e-05	0.0	0.0	0.0	0.0	0.0	0.0	0.0	0.0	0.0	0.0	0.0019948999218609123	0.0	6.712194814207306e-05	0.000427109280835677	0.0	0.0	0.0038781769196228107	3.995682010949187e-05	0.0	0.0	0.0	0.07641833900487446	0.0	0.0	0.0	0.0	0.0	0.0	0.5399731251092593	0.0	0.0	0.0	0.0	0.0	0.00035813482939391154	0.0	0.0	0.0	0.0	0.0	0.0	0.0	0.0	0.0	0.0	0.0	0.0	0.0	0.0	0.0	0.0	0.0	0.6640593174674451	0.0	0.0	0.0	0.0	0.0	0.0	0.0	0.0	0.0	0.0	0.0	0.0	0.0	0.0	0.0	0.0	0.0	0.0	0.0	0.0	0.0	0.5971856870229008	0.0	0.0
LC065	0.001012595568993215	0.0	0.0023530179331519084	0.0	2.781847013516575e-05	8.106587150989429e-05	0.0	0.0	0.0	0.0	0.0	0.0004087126707360469	0.0	0.0	0.0	0.039919728529709764	0.009724762302789677	0.0	0.0	0.0	0.0	0.0	0.0	0.0	0.0	0.0	0.041637934918648305	0.0	0.0	0.0	0.0	0.087840992849582	0.00019496234857579396	0.0	7.513295729250605e-05	0.0	0.3320769873466628	0.0	0.0067253965251695535	0.0	0.0	0.0	0.42644763964409294	2.7721755368814194e-05	0.026218390804597702	0.0	0.0005275524382981539	0.02332990449191725	0.0001497951246614348	0.08575282323455698	0.9152367552426376	0.0	0.06507534190146647	0.00016138273491214666	7.939533355241539e-05	0.37119954751131223	0.0	0.0	0.0	0.0	0.0	0.0	0.0016967942732648616	0.0	0.01653803964333825	0.6997952686957136	0.0	0.05334907886231416	0.0	0.0	0.0	0.8801894617306381	0.0	0.018400840336134455	0.0	0.0	0.032105672268907565	0.0	0.05698760504201681	0.03764873949579832	0.0	0.926231512605042	0.0	0.0	0.0	0.0	0.9169237111060641	0.32308235294117643	0.002078299555116164	0.0	0.30450672268907564	0.02516386554621849	0.08071764705882355	0.0	0.32411100569259965	0.0	0.013284809308338719	0.013284873949579832	0.013748974789915967	0.0	0.0	0.0	0.0	0.0	0.0	0.0	0.0019983193277310924	0.0	0.0	0.0	0.01134453781512605	0.0	0.0
LC066	0.0034490266933718547	0.8757368075817501	0.010497503301327246	0.0	0.00021901203768740765	0.00055657699330493	0.0	0.0	0.0	0.0	3.7202123362760376e-05	0.0010243546801057095	0.0	0.0023175260247234875	0.0016273633955724144	4.1519470092332404e-05	0.0059372348269043865	0.0	0.0	0.0003849942102036646	4.1289957166625376e-05	0.0	0.0	0.0	0.0	3.660299230438689e-06	0.0011722059413890003	0.0	0.0	0.0	0.0	0.0005461609351506039	1.8610634648370498e-05	0.0024312692967409944	0.004828376841561127	0.0083685308106413	0.0	0.0001346168656141702	0.007152617848692593	0.0	0.0	0.0	0.0	0.00011422082459818308	0.013857326682570663	0.0	0.09285089882632595	0.0	0.0033852837985342272	0.0	0.0	0.0	0.0	0.000203830760434534	0.0011650732581427216	0.0	0.0	0.0	0.0	0.0	0.0	0.0	0.0	0.0	0.0	0.0	0.8639552776788892	0.0	8.828433523475208e-05	0.0	0.0	0.0	0.0	0.0	0.0	0.0	0.0	0.0	0.0	0.0	0.0	0.0	0.0	0.0	0.0	0.0	0.0	0.0	0.0	0.0	0.0	0.0	0.0	0.00018560559951308583	0.0	0.0	0.0	0.0	0.0	0.009862264150943396	0.0	0.003966037735849056	0.0	0.0033132075471698115	0.051154716981132074	0.05671132075471698	0.0	0.0	0.0	0.0	0.0	0.0	0.0
LC067	0.0012877165606821547	0.0	0.0	0.0	0.0	7.18287841191067e-06	0.0	0.0	0.0	0.0	0.0	0.0	0.0	0.0	0.00015951206505799225	0.0	0.0	0.0	0.0	0.0	0.0	0.0	0.0	0.0	0.0	0.0	0.007750488952536826	0.0	0.0	0.0	0.0	0.3808628312240459	0.0	0.0	0.0	0.0	0.0	0.00012017829109665844	0.0	0.002645138888888889	0.0	0.0	0.0	0.0024247685185185184	0.007515708812260536	0.0	0.0	0.9583615654927402	0.0	0.0018793859649122806	0.0	0.0	0.00744828431372549	0.0	0.0	0.0	0.0	0.0	0.0	0.0	0.0	0.0	0.0	0.0	0.0	0.0	0.0	0.99745	0.0	0.0	0.0	0.0	0.0	0.9956999999999999	0.0	0.0	0.9223	0.0	0.9857499999999999	0.99185	0.0	0.0	0.0	0.0	0.0	0.0	0.0	0.0	0.0	0.0	0.0	0.0	0.0	0.0	0.0	0.0	0.9956	0.9956	0.0	0.09951538461538462	0.1062	0.0	0.0	0.10029759615384615	0.0	0.0	0.0	0.05531842105263158	0.07983684210526316	0.0	0.0	0.0	0.0
LC068	0.001602670704665363	0.0	0.0001651355899473089	0.0	0.0	0.0	0.0	0.0	0.0	0.0	0.0	0.00011270926444966291	0.0	0.0	0.0	0.0	0.0	0.0	0.0	0.0	4.476635106243728e-05	0.0	0.0	0.0	0.0	0.0	0.0	0.0	0.0	0.0	0.0	0.0	0.0	0.0	8.690347244345331e-05	3.4839592862204475e-05	0.0	0.6310472608312427	0.0018993905630748523	0.01121814841731266	0.0	0.0	0.0	0.008881541774332473	0.0	0.0	0.0	0.0	5.849509898135691e-05	0.0	0.0	0.0	0.0	0.6975868863049096	0.0	0.0	0.0	0.0	0.0	0.0	0.0	0.0	0.0	0.0	0.0	0.0	0.0	0.0	0.9272203082747431	0.0	0.6846938358083497	0.0	0.6180452967719542	0.0	0.6320532435740515	0.0	0.0	0.0	0.0	0.0	0.0	0.0	0.0	0.0	0.0	0.0	0.0	0.0	0.0	0.0	0.0	0.0	0.0	0.0	0.0	0.0	0.0	0.0	0.0	0.0	0.0	0.7491755813953488	0.0	0.0	0.0	0.0	0.0	0.0	0.0	0.0	0.0	0.0	0.0
LC069	6.611085016439642e-05	0.0	0.0	0.0	0.0	0.0	0.0	0.0	0.0	0.0	0.0	0.0	0.0	0.0	0.0	0.0	0.0	0.0	0.0	0.0	0.0	0.0	0.0	0.0	0.0	0.0	0.0	0.0	0.38402667824074077	0.0	0.0	0.0	0.0	0.0	0.0	0.0	0.0	0.0	0.0	0.0	0.10917574404761905	0.0	0.0	0.0	0.0	0.0	0.0	0.0	0.0	0.0	0.0	0.0	0.0	0.0	0.0	0.0	0.0	0.0	0.4410828848662752	0.0	0.9932171428571428	0.0	0.0	0.9519	0.0	0.0	0.0	0.0	0.0	1.006	0.0	0.0	0.0	0.0	0.0	0.0	0.0	0.0	0.0	0.0	0.0	0.0	0.9854767441860466	0.0	0.0	0.0	0.0	0.0	0.0	0.9534666666666665	0.0	0.0	0.0	0.0	0.0	0.0	0.0	0.0	0.0	0.0	0.0	0.0	0.0	0.0	0.0	0.0	0.0	0.0	0.0	0.0	0.0	0.997025	0.0
LC070	0.0013738519130538122	0.0	0.00016603067072560706	0.0	0.0	6.571317528177226e-06	0.0	0.0	0.0	0.0	0.0	0.0001428024802794239	0.0	0.0	0.0	0.0	0.0	0.0	0.0	0.0	0.00011935622414611542	0.0	0.0	0.0	0.0	1.3919030157898677e-05	0.0	0.0	0.0	0.0	0.0	0.0	0.0	0.00017634798936003756	0.0016243571546459815	0.0	0.0	0.7280788928307984	0.0016082671522101267	0.0002455906961178046	0.0	0.0	0.0	0.007836604194556002	7.818861653510593e-05	0.0	0.00013080352907693767	0.0	2.749676391516479e-05	0.0	0.0	0.0	0.0	0.6161349336740903	0.0	0.0	0.0	0.0	0.0	0.0	0.0	0.0	0.0	0.0	0.0	0.0	0.0	0.0	0.6858007425049033	0.0	0.9779543910582087	0.0	0.8976619672720733	0.0	0.7608893468611287	0.0	0.0	0.0	0.0	0.0	0.0	0.0	0.0	0.0	0.0	0.0	0.0	0.0	0.0	0.0	0.0	0.0	0.0	0.0	0.0	0.0	0.0	0.0	0.0011540722891566265	0.0	0.0	0.8533180722891567	0.0	0.0	0.0	0.0	0.0	0.0	0.0	0.0	0.0	0.0	0.0
LC071	0.0008381180734515634	0.0	0.0	0.0	0.0	0.0	0.0	0.0	0.0	0.0	0.0	0.0	0.0	0.0	0.0003445032554217996	0.027513103795284644	0.009022245691517449	0.0	0.0	0.0	0.0	0.0	0.0	0.0	0.0	0.0024524508981030716	0.015491566992524438	0.0	0.0	0.0	0.0	0.10899936080038908	0.0	0.0	0.0	0.0	0.34453593507300406	0.0	0.003978995394107935	0.0	0.0	0.0	0.24211049284578698	0.0	0.014757906182044114	0.0	0.0	0.06568390318028872	4.975988385079293e-05	0.2843476766239924	0.9800843194545897	0.0	0.28293789745627984	0.0	0.0	0.46557276507276507	0.0	0.0	0.0	0.0	0.0	0.0	0.0	0.0	0.0	0.8661220531455824	0.0	0.07816216216216217	0.0	0.0	0.0	0.9810284879474069	0.0	0.17377601351351352	0.0	0.0	0.0	0.0	0.0	0.0	0.0	0.9742513513513513	0.0	0.0	0.0	0.0	0.9745380569758948	0.3803837837837838	0.0	0.0	0.15517094594594594	0.1866918918918919	0.3377675675675676	0.0	0.41626216216216216	0.0	0.0	0.0	0.0	0.0	0.0	0.0	0.0	0.0	0.0	0.0	0.0	0.0	0.0	0.0	0.0	0.0	0.0
LC072	0.00075485617941294	0.0	0.0	0.0	0.0	0.0	0.0	0.0	0.0	0.0	0.0	8.005347853566047e-05	0.0	0.0	0.0	0.0	0.0	0.0	0.0	0.0	0.0	0.0	0.0	0.0	0.0	0.0	0.0	0.0	0.0	0.0	0.0	0.0	0.0	0.0	0.0	0.0	0.0	0.7878716461424655	0.0	0.0	0.0	0.0	0.0	0.0068663460475400775	0.0	0.0	0.0	0.0	0.003710768471691131	0.0	0.0	0.0	0.0	0.5823963440373888	0.0	0.0	0.0	0.0	0.0	0.0	0.0	0.0	0.0	0.0	0.0	0.0	0.0	0.0	0.6182798507462686	0.0	0.8977811185038661	0.0	0.9984005791935843	0.0	0.8346253731343284	0.0	0.0	0.0	0.0	0.0	0.0	0.0	0.0	0.0	0.0	0.0	0.0	0.0	0.0	0.0	0.0	0.0	0.0	0.0	0.0	0.0	0.0	0.0	0.031125671641791045	0.0	0.0	0.8343955223880596	0.0	0.0	0.0	0.0	0.0	0.0	0.0	0.0	0.0	0.0	0.0
LC073	0.000268253875058713	0.0	0.0	0.0	0.0	0.0	0.0	0.0	0.0	0.0	0.0	0.0	0.0	0.0	0.0	0.0	0.038052575488454705	0.0	0.0	0.0	0.0	0.0	0.0	0.0	0.0	0.0002560287267080745	0.011534375000000001	0.0	0.0	0.0	0.0	0.35149181796272494	0.0	0.0	0.0	0.0	0.0	0.0	0.0	0.0	0.0	0.0	0.0	0.001166388888888889	0.0	0.0	0.0	0.9582099397590361	0.0	0.03809945175438596	0.0	0.0	0.004527941176470588	0.0	0.0	0.0	0.0	0.0	0.0	0.0	0.0	0.0	0.0	0.0	0.0	0.0	0.0	0.9956999999999999	0.0	0.0	0.0	0.0	0.0	1.001	0.0	0.0	0.91785	0.0	0.9848999999999999	0.9909999999999999	0.0	0.0	0.0	0.0	0.0	0.0	0.0	0.0	0.0	0.0	0.0	0.0	0.0	0.0	0.0	0.0	0.9975	0.9975	0.0	0.0	0.0	0.0	0.0	0.0	0.0	0.0	0.0	0.11678815789473684	0.10805657894736842	0.0	0.0	0.0	0.0
LC074	0.0021432282679455803	0.0	0.0006570581257413998	0.0	0.0	0.0	0.0	0.0	0.002671777040198093	0.0	0.0	0.0004193811074918567	0.0	0.0	0.0	0.0	0.0	0.0	0.0	0.0	0.0	0.0	0.0	0.0	0.0	0.0	0.0	0.0	0.0	0.0	0.0	0.0	0.0	0.0	0.0	0.0	0.0	0.8380978773464274	0.0	0.0	0.0	0.0	0.0	0.02818350877192982	0.0	0.0	0.0012543307086614172	0.0	0.0	0.0	0.0	0.0	0.0	0.6192808435229488	0.0	0.0	0.0	0.0	0.0	0.0	0.0	0.0	0.0	0.0	0.0	0.0	0.0	0.0	0.6310506935944512	0.0	0.759180913126189	0.0	0.8365626865671641	0.0	1.001	0.0	0.0	0.0	0.0	0.0	0.0	0.0	0.0	0.0	0.0	0.0	0.0	0.0	0.0	0.0	0.0	0.0	0.0	0.0	0.0	0.0	0.0	0.0	0.0	0.0	0.0	0.7842000000000001	0.0	0.0	0.0	0.0	0.0	0.0	0.0	0.0	0.0	0.0	0.0
LC075	5.4062940347581023e-05	0.0	0.0	0.0	0.0	0.0	0.0	0.0	0.0	0.0	0.0	0.0	0.0	0.0	0.0	0.0	0.0	0.0	0.0	0.0	0.0	0.0	0.0	0.0	0.0	0.0	0.0	0.0	0.4264810681216931	0.0	0.0	0.0	0.0	0.0	0.0	0.0	0.0	0.0	0.0	0.0	0.0	0.0	0.0	0.0	0.0	0.0	0.0	0.0	0.0	0.0	0.0	0.0	0.0	0.0	0.0	0.0	0.0	0.0	0.0	0.0	0.0	0.0	0.0	0.0	0.0	0.0	0.0	0.0	0.0	0.0	0.0	0.0	0.0	0.0	0.0	1.003	0.0	0.0	0.0	0.0	0.0	0.0	0.0	0.0	0.0	0.0	0.0	0.0	0.0	0.0	0.0	0.0	0.0	0.0	0.0	0.0	0.0	0.0	0.0	0.0	0.0	0.0	0.0	0.0	0.0	0.0	0.0	0.0	0.0	0.0	0.0	0.0	0.0
LC076	0.0019892777460913907	0.0	0.003644246737841044	0.0	0.0	0.0	0.0	0.0	0.0	0.0	0.0	0.0005451140065146579	0.0	0.0	0.00032981802426343155	0.0	0.003136589698046181	0.0	0.0002827040816326531	0.0	0.0	0.0	0.0	0.0	0.0	0.0	0.07503788753799391	0.0	0.0	0.0	0.0	0.40407956298200515	0.0	0.0	0.0	0.0	0.0	0.0	0.0	0.04887734375	0.0	0.0	0.0	0.003343240740740741	0.0	0.0	0.0	0.9028333333333334	0.0	0.0	0.0	0.0	0.008092647058823529	0.0	0.0	0.0	0.0	0.0	0.0	0.0	0.0	0.0	0.0	0.0	0.0	0.0	0.0	0.9223	0.0	0.0	0.0	0.0	0.0	0.9178500000000002	0.0	0.0	1.001	0.0	0.9017999999999999	0.9029999999999999	0.0	0.0	0.0	0.0	0.0	0.0	0.0	0.0	0.052105882352941175	0.0	0.39165	0.0	0.0	0.0	0.0	0.0	0.9197999999999998	0.9197999999999998	0.03850000000000001	0.0	0.0	0.0	0.0	0.0	0.0	0.0	0.0	0.0	0.0	0.0	0.0	0.0	0.0
LC077	0.0012524691079235466	0.0	0.0	0.0	0.0	0.0	0.0	0.00033840659340659337	0.0	0.0	0.0	0.052439933600601354	0.887216647626301	0.0004098972148541114	0.0	0.0	0.0	0.0	0.0	0.008441283671202445	0.0	0.0	0.0	0.0	0.0	0.0	0.0	0.0	0.0	0.0	0.2198184011126031	0.0	0.0	0.0	0.0	0.0	0.0	0.0	0.0	0.0	0.0	0.0	0.0	0.0	0.0004977158856469201	0.0	0.0	0.0	0.0	0.0	0.0	0.0	0.0017244343891402714	0.0	0.0	0.0	0.0	0.0	0.0	0.0	0.0	0.9031366917502788	0.0	0.0	0.0	0.0	0.0	0.0	0.0	0.0	0.0	0.0	0.0	0.0	0.0	0.0	0.0	0.9332218934911242	0.0	0.0	0.0	0.0	0.0	0.0	0.8972115384615383	0.9404884615384616	0.0	0.0	0.0	0.0	0.0	0.0	0.0	0.0	0.0	0.9427000000000001	0.0	0.0	0.0	0.0	0.0	0.0	0.0	0.0	0.0	0.0	0.0	0.0	0.0	0.0	0.0	0.0	0.0
LC078	0.000355771488961954	0.0	0.0008313167259786478	0.0	0.0	0.0	0.0	0.0	0.0	0.0	0.0	0.0	0.0	0.00037396551724137937	0.0	0.0	0.0	0.0	0.0	0.0	0.0	0.0	0.0	0.0	0.0	0.0	0.007373617021276595	0.0	0.0	0.0	0.0	0.3895099812141586	0.0	0.0007662337662337662	0.0	0.0	0.0	0.0	0.0	0.0	0.0	0.0	0.0	0.003432592592592592	0.0	0.0	0.0	0.9554345381526106	0.0	0.03413471659919029	0.0	0.0	0.014539950980392156	0.0	0.0	0.0	0.0	0.0	0.0	0.0	0.0	0.0	0.0	0.0	0.01712492660011744	0.0	0.0	0.98575	0.0	0.0	0.0	0.0	0.0	0.9848999999999999	0.0	0.0	0.9008	0.0	1.001	0.9873	0.0	0.0	0.0	0.0	0.0	0.0	0.0	0.0	0.09668235294117647	0.0	0.0	0.0	0.0	0.0	0.0	0.0	0.9877	0.9877	0.003588	0.0	0.0	0.0	0.0	0.0	0.0	0.0	0.0	0.01367328947368421	0.05623315789473683	0.0	0.0	0.0	0.0
LC079	0.00035618338331466564	0.0	0.0	0.0	0.0	0.0	0.0	0.0	0.0	0.0	0.0	0.0	0.0	0.0	0.0	0.0	0.0	0.0	0.0	0.0	0.0	0.0	0.0	0.0	0.0	0.0	0.0	0.0	0.0	0.0	0.0	0.4073289153648408	0.0	0.000447012987012987	0.0	0.0	0.0	0.0	0.0	0.0	0.0	0.0	0.0	0.0	0.0	0.0	0.0005720472440944882	0.957196485943775	0.0	0.07776430499325236	0.0	0.0	0.0	0.0	0.0	0.0	0.0	0.0	0.0	0.0	0.0	0.0	0.0	0.0	0.0	0.0	0.0	0.99185	0.0	0.0	0.0	0.0	0.0	0.9909999999999999	0.0	0.0	0.9065	0.0	0.9873	1.001	0.0	0.0	0.0	0.0	0.0	0.0	0.0	0.0	0.0	0.0	0.0	0.0	0.0	0.0	0.0	0.0	0.9927	0.9927	0.0	0.09957	0.09869	0.0	0.0	0.0	0.0	0.0	0.0	0.11061052631578946	0.1103	0.0	0.0	0.0	0.0
LC080	0.0004433348990136214	0.0	0.0	0.0	0.0	0.0	0.0	0.0	0.0	0.0	0.0	0.0	0.0	0.0006062068965517242	0.0	0.0	0.0	0.0	0.0	0.0	0.0	0.0	0.0	0.0	0.0	0.0	0.0	0.0	0.0	0.0	0.0	0.0	0.0	0.0	0.0	0.0	0.0	0.0	0.0	0.0	0.0	0.0	0.0	0.0	0.0	0.0	0.0	0.0	0.022215454545454545	0.0	0.0	0.989909090909091	0.0	0.0	0.0	0.0	0.0	0.0	0.0	0.0	0.0	0.0	0.9794259259259259	0.0	0.0	0.0	0.0	0.0	0.0	0.0	0.0	0.0	0.0	0.0	0.0	0.0	0.0	0.0	0.0	0.0	1.003	0.0	0.0	0.9937999999999999	0.0	0.0	0.0	0.0	0.0	0.0	0.0	0.0	0.0	0.0	0.0	0.0	0.0	0.0	0.0	0.0	0.0	0.0	0.0	0.0	0.0	0.0	0.0	0.0	0.0	0.0	0.0	0.0	0.0
LC081	5.800845467355566e-05	0.0	0.0	0.0	0.0	0.0	0.0	0.0	0.0	0.0	0.0	2.6920466883821934e-05	0.0	0.0	0.0	0.0	0.0	0.0	0.0	0.0	0.0	0.0	0.0	0.0	0.0	0.0	0.013998120567375885	0.0	0.0	0.0	0.0	0.041036503856041136	0.0	0.0	0.0	0.0	0.23028717672413793	0.0	0.0	0.0	0.0	0.0	0.0	0.0	0.0012835249042145594	0.0	0.0	0.0	0.0	0.19793629385964914	0.9789563063063064	0.0	0.16203529411764706	0.0	0.0	0.660107100591716	0.0	0.0	0.0	0.0	0.0	0.0	0.0	0.0	0.0	0.9250474789915967	0.0	0.0	0.0	0.0	0.0	0.9725108108108108	0.0	0.0	0.0	0.0	0.0	0.0	0.0	0.0	0.0	1.002	0.0	0.0	0.0	0.0	0.9775243243243242	0.0	0.0	0.0	0.0	0.0	0.151575	0.0	0.10452903225806452	0.0	0.0	0.0	0.0	0.0	0.0	0.0	0.0	0.0	0.0	0.0	0.0	0.0	0.0	0.0	0.0	0.0	0.0
LC082	0.0003409423574775798	0.0	0.0	0.0	0.0	0.0	0.0	0.0	0.0	0.0	0.0	0.003407029770471934	0.0	0.0	0.0	0.0	0.0	0.0	0.0	0.0	0.0	0.0	0.0	0.0	0.0	0.0	0.0	0.0	0.21655989987080104	0.0	0.0	0.0	0.0	0.0	0.0	0.0	0.0	0.0	0.0	0.0	0.011867466777408638	0.0	0.0	0.0	0.0	0.0	0.0	0.0	0.0	0.0	0.0	0.0	0.0	0.0	0.0	0.0	0.0	0.0	0.2098306148454922	0.0	0.5247419933554817	0.0	0.0	0.9666465116279069	0.0	0.0	0.0	0.0	0.0	0.9854767441860466	0.0	0.0	0.0	0.0	0.0	0.0	0.0	0.0	0.0	0.0	0.0	0.0	0.9866195781503515	0.0	0.0	0.0	0.0	0.0	0.0	0.9677038759689922	0.0	0.0	0.0	0.0	0.0	0.0	0.0	0.0	0.0	0.0	0.0	0.0	0.0	0.0	0.0	0.0	0.0	0.0	0.0	0.0	0.0	0.9926982558139535	0.0
LC083	0.0	0.0	0.0	0.0	0.0	0.0	0.0	0.0	0.0	0.0	0.0	0.0	0.0	0.0018387931034482756	0.0	0.0	0.0	0.0	0.0	0.0	0.0	0.0	0.0	0.0	0.0	0.0	0.0	0.0	0.0	0.0	0.0	0.0	0.0	0.012174805194805197	0.0	0.0	0.0	0.0	0.0	0.0	0.0	0.0	0.0	0.0	0.0	0.0	0.0008484251968503937	0.0	0.006929338842975208	0.0	0.0	0.9954954545454546	0.0	0.0	0.0	0.0	0.0	0.0	0.0	0.0	0.0	0.0	0.9924555555555556	0.0	0.0	0.0	0.0	0.0	0.0	0.0	0.0	0.0	0.0	0.0	0.0	0.0	0.0	0.0	0.0	0.0	0.9765999999999998	0.0	0.0	1.003	0.0	0.0	0.0	0.0	0.0	0.0	0.0	0.0	0.0	0.0	0.0	0.0	0.0	0.0	0.0	0.0	0.0	0.0	0.0	0.0	0.0	0.0	0.0	0.0	0.0	0.0	0.0	0.0	0.0
LC084	0.0008077031470173791	0.0	0.0	0.0	0.0	0.0	0.0	0.0	0.0	0.0	0.0	0.05936822394136808	0.9480908910891088	0.0	0.0	0.0	0.0	0.0	0.0	0.0	0.0	0.0	0.0	0.0	0.0	0.0	0.0	0.0	0.0	0.0	0.3274917456359102	0.0	0.0	0.0	0.0	0.0	0.0	0.0	0.0	0.0	0.0	0.0	0.0	0.0	0.0	0.0	0.0	0.0	0.0	0.0	0.0	0.0	0.0	0.0	0.0	0.0	0.0	0.0	0.0	0.0	0.0	0.9762659420289854	0.0	0.0	0.0	0.0	0.0	0.0	0.0	0.0	0.0	0.0	0.0	0.0	0.0	0.0	0.0	0.8972115384615386	0.0	0.0	0.0	0.0	0.0	0.0	1.003	0.9418	0.0	0.0	0.0	0.0	0.0	0.0	0.0	0.0	0.0	0.9635	0.0	0.0	0.0	0.0	0.0	0.0	0.0	0.0	0.0	0.0	0.0	0.0	0.0	0.0	0.0	0.0	0.0
LC085	0.000331470173790512	0.0	0.0	0.0	0.0	0.0	0.0	0.0	0.0	0.0	0.0	0.0395714006514658	0.9116855115511552	0.0004334310344827587	0.0	0.0	0.0	0.0	0.0	0.0	0.0	0.0	0.0	0.0	0.0	0.0	0.0	0.0	0.0	0.0	0.13340802992518702	0.0	0.0	0.0	0.0	0.0	0.0	0.0	0.0	0.0	0.0	0.0	0.0	0.0	0.0	0.0	0.0	0.0	0.0	0.0	0.0	0.0	0.0	0.0	0.0	0.0	0.0	0.0	0.0	0.0	0.0	0.9335442028985508	0.0	0.0	0.0	0.0	0.0	0.0	0.0	0.0	0.0	0.0	0.0	0.0	0.0	0.0	0.0	0.9404884615384616	0.0	0.0	0.0	0.0	0.0	0.0	0.9418	1.003	0.0	0.0	0.0	0.0	0.0	0.0	0.0	0.0	0.0	0.9606	0.0	0.0	0.0	0.0	0.0	0.0	0.0	0.0	0.0	0.0	0.0	0.0	0.0	0.0	0.0	0.0	0.0
LC086	0.000759023396341386	0.0	0.003021486967394441	0.0	0.0	0.0	0.0	0.0	0.0	0.0	0.0020365732705182244	0.00024799718285060306	0.0	0.0	0.0	0.012130764807360552	0.0449752388267486	0.0	0.0	0.0	0.0	0.0	0.0	0.0	0.0	0.0	0.0003585163887291546	0.0	0.0	0.0	0.0	0.08552217744737026	0.0	0.003706177606177606	1.794890781192151e-05	0.0	0.6189778657968313	0.0	0.0	0.0	0.0	0.0	0.5240899145468998	0.0	0.04825796831314073	0.0	0.0	0.004809768804949528	0.0	0.07149651493598862	0.9776495373752131	0.0	0.2838972178060413	0.0	0.011698505209119733	0.5212931552854629	0.0	0.0	0.0	0.0	0.0	0.0	0.0	0.0	0.0	0.9122804224392459	0.0	0.1879297297297297	0.0	0.0	0.0	0.9745380569758948	0.0	0.0	0.0	0.0	0.0	0.0	0.0	0.0	0.0	0.9775243243243242	0.0	0.0	0.0	0.0	0.9992388604821038	0.7862351351351351	0.0	0.0	0.0	0.0	0.0	0.0	0.7230884045335658	0.0	0.3739378378378378	0.3707148648648649	0.0	0.0	0.0	0.0	0.0	0.0	0.0	0.0	0.0	0.0	0.0	0.0	0.0	0.0	0.0
LC087	0.0017721641615782058	0.0	0.0028549228944246734	0.0	0.0	0.0	0.0	0.0	0.0	0.0	0.0	0.0	0.0	0.0	0.0	0.0	0.0025923623445825933	0.0	0.0	0.0	0.0	0.0	0.0	0.0	0.0	0.0	0.12231567375886525	0.0	0.0	0.0	0.0	0.08067853470437018	0.0	0.0	0.0033271232876712327	0.0	0.9232472701149427	0.0	0.0	0.0	0.0	0.0	0.9105881433823529	0.0	0.029518773946360148	0.0	0.0	0.005416867469879519	0.0004847107438016529	0.2625224780701754	0.7956292792792793	0.0	0.03195906862745098	0.0	0.0	0.9438449704142013	0.0	0.0	0.0	0.0	0.0	0.0	0.0	0.0	0.0011496183206106871	0.8564647058823529	0.0	0.0	0.0	0.0	0.0	0.7884554054054055	0.0	0.0	0.0	0.0	0.0	0.0	0.0	0.0	0.0	0.8126000000000001	0.0	0.0	0.0	0.0	0.7956858108108108	1.002	0.0	0.0	0.8966999999999999	0.0	0.0	0.0	0.9949193548387097	0.0	0.0	0.0	0.0	0.0	0.0	0.0	0.0	0.0	0.0	0.0	0.0	0.0	0.0	0.0	0.0	0.0	0.0
LC088	0.007940755118393058	0.0	0.0	0.0	0.0	0.0	0.0	0.0	0.0	0.0015310591816635332	0.0	0.00801933320559494	0.0	0.0	0.006465868080334386	0.02361749582811848	0.0	0.0	0.0	0.0	0.0	0.0	0.0	0.0	0.0	0.0	0.009795500625782229	0.0	0.0	0.0	0.0	0.012114320278239832	0.0	0.0	0.0	0.0	0.0	0.0	0.0	0.0	0.0	0.0	0.0	0.0	0.0	0.0	0.0017998610467809173	0.0	0.00020038891589693725	0.0	0.0	0.0	0.0023895617070357556	0.0	0.0	0.0	0.0	0.0	0.0	0.0	0.0	0.0	0.0	0.0	0.6629101032779524	0.0	0.0	0.0	0.0	0.0	0.0	0.0	0.0	0.0	0.0	0.0	0.0	0.0	0.0	0.0	0.0	0.0	0.0	0.0	0.0	0.0	0.0	0.0	1.0	0.0	0.0	0.0	0.0	0.0	0.0	0.0	0.0	0.0	0.0	0.0	0.0	0.0	0.0	0.0	0.0	0.0	0.0	0.0	0.0	0.0	0.7257470588235294	0.0	0.0
LC089	0.0002062000939408173	0.0	0.0	0.0	0.0	0.0	0.0	0.0	0.0	0.0	0.0	0.00020380021715526604	0.0	0.0	0.0	0.0	0.0	0.0	0.0	0.0	0.0	0.0	0.0	0.0	0.0	0.0	0.0	0.0	0.12485259539842873	0.0	0.0	0.0	0.0	0.0	0.0	0.0	0.0	0.0	0.0	0.0	0.05291304112554112	0.0	0.0	0.0	0.0	0.0	0.0	0.0	0.0	0.0	0.0	0.0	0.0	0.0	0.0	0.0	0.0	0.0	0.2041896222498962	0.0	0.9350963636363636	0.0	0.0	1.0046666666666666	0.0	0.0	0.0	0.0	0.0	0.9534666666666667	0.0	0.0	0.0	0.0	0.0	0.0	0.0	0.0	0.0	0.0	0.0	0.0	0.9677038759689922	0.0	0.0	0.0	0.0	0.0	0.0	1.0053333333333332	0.0	0.0	0.0	0.0	0.0	0.0	0.0	0.0	0.0	0.0	0.0	0.0	0.0	0.0	0.0	0.0	0.0	0.0	0.0	0.0	0.0	0.9547083333333334	0.0
LC090	0.0009425493189290747	0.0	0.0	0.0	0.0	0.0	0.0	0.0	0.0	0.0	0.0	0.0	0.0	0.0	0.0	0.05014257535460993	0.053098090586145646	0.0	0.0	0.0	0.0	0.0	0.0	0.0	0.0	0.0	0.10291787234042553	0.0	0.0	0.0	0.0	0.21848026992287917	0.0	0.0	0.0	0.0	0.8964893678160919	0.0	0.0	0.0	0.0	0.0	0.964222794117647	0.0	0.04201111111111111	0.0	0.0031968503937007875	0.3651774347389558	0.0	0.16526677631578945	0.0	0.0	0.04865134803921568	0.0	0.0	0.6783774038461539	0.0	0.0	0.0	0.0	0.0	0.0	0.0	0.0	0.0899643606870229	0.02193781512605042	0.0	0.407725	0.0	0.0	0.0	0.0	0.0	0.3967	0.0	0.0	0.4365	0.0	0.0	0.383975	0.0	0.024653125	0.0	0.0	0.0	0.0	0.0	0.8966999999999999	0.20084411764705884	0.0	1.002	0.0	0.0	0.0	0.06028387096774194	0.0	0.385375	0.38516249999999996	0.0	0.1341	0.1298	0.0	0.0	0.0	0.0	0.0	0.0	0.0	0.0	0.0	0.0	0.0	0.0
LC091	0.0014294122827618598	0.0	0.0	0.0	0.0	0.0	0.0	0.0	0.0	0.0	0.0	0.0	0.0	0.0	0.0	0.37109176640070923	0.3492698989786856	0.0	0.0	0.0	0.0031562851782363974	0.0	0.0	0.0	0.0	0.0	0.2080387234042553	0.0	0.0	0.0	0.0	0.024768380462724938	0.0	0.0	0.0	0.0	0.0	0.0	0.0	0.0	0.0	0.0	0.0	0.0	0.24579434865900382	0.0	0.0	0.0	0.0	0.9090615542763159	0.0	0.0	0.5829719362745098	0.0	0.0	0.0	0.0	0.0	0.0	0.0	0.0	0.0	0.0	0.0	0.0	0.0	0.0	0.0	0.0	0.0	0.0	0.0	0.0	0.0	0.0	0.0	0.0	0.0	0.0	0.0	0.0	0.0	0.0	0.0	0.0	0.0	0.0	0.0	0.0	0.0	0.0	1.005	0.9708	0.0	0.0	0.0	0.0	0.0	0.0	0.0	0.0	0.0	0.0	0.0	0.0	0.0	0.0	0.0	0.0	0.0	0.0	0.0	0.0
LC092	0.000696230624706435	0.0	0.0	0.0	0.0	0.0	0.0	0.0	0.0	0.0	0.0	0.0	0.0	0.0	0.0	0.2599979388297872	0.25961216696269984	0.0	0.0	0.0	0.0	0.0	0.0	0.0	0.0	0.0	0.19407849069148936	0.0	0.0	0.0	0.0	0.03176143958868895	0.0	0.0	0.0	0.0	0.0	0.0	0.0	0.0	0.0	0.0	0.0	0.0	0.008175287356321838	0.0	0.0	0.0	0.0	0.8933307017543859	0.0	0.0	0.419071568627451	0.0	0.0	0.0	0.0	0.0	0.0	0.0	0.0	0.0	0.0	0.0	0.0	0.0	0.0	0.0	0.0	0.0	0.0	0.0	0.0	0.0	0.0	0.0	0.0	0.0	0.0	0.0	0.0	0.0	0.0	0.0	0.0	0.0	0.0	0.0	0.0	0.0	0.0	0.9708	1.005	0.0	0.0	0.0	0.0	0.0	0.0	0.0	0.0	0.0	0.0	0.0	0.0	0.0	0.0	0.0	0.0	0.0	0.0	0.0	0.0
LC093	0.012540683040652131	0.0	0.0011612979757394865	0.0	0.0	0.00020395421436004163	0.0	0.0	0.0	0.002083684391417489	0.0	0.0	0.0	8.687430478309234e-06	8.80863196735059e-05	0.0	0.0	0.0	0.0	0.0	0.0	0.0	0.0	0.0	0.0	0.0	0.0	3.283705541770058e-05	0.0	0.0	0.0	0.0	0.0	4.7454545454545446e-05	0.0	0.0	0.0	0.0	0.0	0.0	0.0	0.0	0.0	6.536439665471924e-05	0.0	0.0	0.0017215519431038862	0.0	0.0043527326046387625	0.0	0.0	0.008929618768328445	0.0	0.0	0.0	0.0	0.0	0.0	0.0	0.0	0.0	0.0	0.0	0.0	0.0	0.0	0.0	0.0	0.0	0.0	0.0	0.0	0.0	0.0	0.0	0.0	0.0	0.0	0.0	0.0	0.03301290322580645	0.0	0.0	0.0	0.0	0.0	0.0	0.0	0.005770018975332069	0.0	0.0	0.0	0.0	0.7581488033298647	0.0	0.0	0.0	0.0	0.0	0.027209677419354837	0.025470967741935482	0.0	0.14586129032258063	0.05543225806451613	0.0	0.0	0.04321935483870967	0.019008149405772494	0.039194057724957564	0.0	0.0	0.0	0.0
LC094	0.0017346111304716739	0.0	0.000940542608961849	0.0	0.0	0.0	0.0	0.0	0.0	0.0	0.0	0.00016122727750341495	0.0	0.0	0.0	0.0009170441546556852	0.0011966767890907008	0.0	0.0	0.0	0.0	0.0	0.0	0.0	0.0	0.0	0.1495319629375429	0.0	0.0	0.0	0.0	0.1349345716891948	7.111855886049433e-05	0.0	0.0	0.0	0.9138435113088617	0.0	0.0007688414064931023	0.0	0.0	0.0	0.9118486480075902	0.0	0.02359788654060067	0.0	8.641097282194565e-05	0.0012403420132141468	0.0	0.24026661007357103	0.7714306887532695	0.0	0.046386622390891835	0.0	0.0	0.9457883183813706	0.0	0.0	0.0	0.0	0.0	0.0	0.0	0.0	0.002828465895099729	0.8304871238818107	0.0	0.0	0.0	0.0	0.0	0.7413047515257192	0.0	0.0	0.0	0.0	0.0551225806451613	0.0	0.0	0.0	0.0	0.8143548387096774	0.0	0.0	0.0	0.0	0.7806296425457716	0.9949193548387096	0.0	0.0	0.9002580645161291	0.07868387096774193	0.5866806451612904	0.0	0.9936836628511967	0.0	0.0	0.0	0.021041548387096775	0.0	0.0	0.0	0.0	0.0	0.019006451612903225	0.0	0.0	0.0	0.0	0.0	0.0	0.0	0.0
LC095	0.0006241686237670269	0.0	0.0	0.0	0.0	0.0	0.0	0.0	0.0	0.0	0.0	0.061799603691639525	0.9299953190319032	0.004762551724137931	0.0	0.0	0.0	0.0	0.0	0.0	0.0	0.0	0.0	0.0	0.0	0.0	0.0	0.0	0.0	0.0	0.34479331670822944	0.0	0.0	0.0	0.0	0.0	0.0	0.0	0.0	0.0	0.0	0.0	0.0	0.0	0.0	0.0	0.0007149737532808399	0.0	0.0	0.0	0.0	0.0	0.0	0.0	0.0	0.0	0.0	0.0	0.0	0.0	0.0	0.9360666666666667	0.0	0.0	0.0	0.0	0.0	0.0	0.0	0.0	0.0	0.0	0.0	0.0	0.0	0.0	0.0	0.9427000000000001	0.0	0.0	0.0	0.0	0.0	0.0	0.9635	0.9606	0.0	0.0	0.0	0.0	0.0	0.0	0.0	0.0	0.0	1.003	0.0	0.0	0.0	0.0	0.0	0.0	0.0	0.0	0.0	0.0	0.0	0.0	0.0	0.0	0.0	0.0	0.0
LC096	0.000803630270621816	0.0	0.0	0.0	0.0	0.0	0.0	0.0	0.0	0.0	0.0	0.0	0.0	0.0	0.00016804159445407278	0.0	0.0	0.0	0.0	0.0	0.0	0.0	0.0	0.0	0.0	0.0	0.0	0.0	0.0	0.0	0.0	0.27889911014435437	0.0	0.0	0.0	0.0	0.0	0.0	0.0	0.0	0.0	0.0	0.0	0.0031977777777777777	0.0	0.0	0.0	0.9592028112449799	0.0	0.0	0.0	0.0	0.0	0.0	0.0	0.0	0.0	0.0	0.0	0.0	0.0	0.0	0.0	0.0	0.0	0.0	0.0	0.9956	0.0	0.0	0.0	0.0	0.0	0.9975	0.0	0.0	0.9185	0.0	0.9877	0.9927	0.0	0.0	0.0	0.0	0.0	0.0	0.0	0.0	0.0	0.0	0.0	0.0	0.0	0.0	0.0	0.0	1.001	1.001	0.0	0.1164	0.10519999999999999	0.0	0.0	0.0	0.0	0.0	0.0	0.0	0.05322995951417004	0.0	0.0	0.0	0.0
LC097	0.0007628346641615782	0.0	0.0	0.0	0.0	0.0	0.0	0.0	0.0	0.0	0.0	0.0	0.0	0.0	0.00016804159445407278	0.0	0.0	0.0	0.0	0.0	0.0	0.0	0.0	0.0	0.0	0.0	0.0	0.0	0.0	0.0	0.0	0.28029566936919126	0.0	0.0	0.0	0.0	0.0	0.0	0.0	0.0	0.0	0.0	0.0	0.0031977777777777777	0.0	0.0	0.0	0.9592377510040161	0.0	0.0	0.0	0.0	0.0	0.0	0.0	0.0	0.0	0.0	0.0	0.0	0.0	0.0	0.0	0.0	0.0	0.0	0.0	0.9956	0.0	0.0	0.0	0.0	0.0	0.9975	0.0	0.0	0.9185	0.0	0.9877	0.9927	0.0	0.0	0.0	0.0	0.0	0.0	0.0	0.0	0.0	0.0	0.0	0.0	0.0	0.0	0.0	0.0	1.001	1.001	0.0	0.1164	0.10519999999999999	0.0	0.0	0.0	0.0	0.0	0.0	0.0	0.0	0.0	0.0	0.0	0.0
LC098	0.0007914874589008924	0.0	0.0017195065243179122	0.0	0.0	7.06683870967742e-05	0.0	0.0	0.0	0.0	0.0	0.0009732508143322474	0.0	0.00018902068965517244	0.0005012201039861352	0.0	0.0026757158081705153	0.0	0.0	0.0	0.0	0.0	0.0	0.0	0.0	1.4211180124223603e-05	0.0	0.0	0.0	0.0	0.0	2.6488431876606683e-05	0.0	0.3754141714285714	0.0	0.0033289750692520777	0.0	0.0	0.0	0.0	0.0	0.0	0.0	0.012340755555555557	0.00023161685823754787	0.0	0.0011212440944881892	0.0	0.003672198347107438	0.0	0.0	0.0	0.0	0.0	0.0	0.0	0.0	0.0	0.0	0.0	0.0	0.0	0.0	0.0	0.0	0.0	0.0	0.0	0.0	0.0	0.0	0.0	0.0	0.0	0.0	0.0	0.0	0.0	0.0	0.0	0.0	0.0	0.0	0.0	0.0	0.0	0.0	0.0	0.0	0.0	0.0	0.0	0.0	0.0	0.0	0.0	0.0	0.0	0.76762384	0.0	0.0	0.0	0.0	0.0	0.0	0.0	0.0	0.009089684210526316	0.0	0.0	0.0	0.0	0.0
LC099	0.0006031047440112729	0.0	0.06370964313958087	0.0	0.0	0.0	0.0	0.0	0.0	0.0005321156773211568	0.0	0.05719609120521172	0.0	0.0	0.0	0.0	0.0002900532859680284	0.0	0.0	0.0	0.0	0.0	0.0	0.0	0.0	0.0	0.0	0.0	0.0	0.0	0.0	0.0	0.0	0.0	0.0	0.0	0.0	0.0	0.0	0.0	0.0	0.0	0.0	0.0010014814814814814	0.0	0.0	0.02402244094488189	0.0	0.0	0.0	0.0	0.0	0.0	0.0	0.0	0.0	0.0	0.0	0.0	0.0	0.0	0.0	0.0	0.0	0.0	0.0	0.0	0.0	0.0	0.0	0.0	0.0	0.0	0.0	0.0	0.0	0.0	0.0	0.0	0.0	0.0	0.0	0.0	0.0	0.0	0.0	0.0	0.0	0.0	0.0	0.0	0.0	0.0	0.0	0.0	0.0	0.0	0.0	0.0	1.002	1.001	0.0	0.6055499999999999	0.64625	0.0	0.0	0.6501	0.651478947368421	0.6540105263157895	0.0	0.0	0.0	0.0
LC100	6.68858619069986e-05	0.0	0.06355901542111507	0.0	0.0	0.0	0.0	0.0	0.0	0.0005692541856925419	0.0	0.05708371335504886	0.0	0.0	0.0	0.0	0.0003010657193605684	0.0	0.0	0.0	0.0	0.0	0.0	0.0	0.0	0.0	0.0	0.0	0.0	0.0	0.0	0.0	0.0	0.0	0.0	0.0	0.0	0.0	0.0	0.0	0.0	0.0	0.0	0.0021866666666666666	0.0	0.0	0.023820866141732278	0.0	0.0	0.0	0.0	0.0	0.0	0.0	0.0	0.0	0.0	0.0	0.0	0.0	0.0	0.0	0.0	0.0	0.0	0.0	0.0	0.0	0.005348837209302325	0.0	0.0	0.0	0.0	0.0	0.0	0.0	0.0	0.0	0.0	0.0	0.0	0.0	0.0	0.0	0.0	0.0	0.0	0.0	0.0	0.0	0.0	0.0	0.0	0.0	0.0	0.0	0.0	0.0	0.0	1.001	1.002	0.0	0.6385000000000001	0.63835	0.0	0.0	0.64685	0.6475684210526316	0.6423263157894737	0.0	0.0	0.0	0.0
LC101	0.0009459840300610616	0.0	0.0	0.0	0.0	0.0	0.0	0.0	0.0	0.0	0.0	0.00023884364820846905	0.0	0.0	0.0	0.0	0.0	0.0	0.0	0.0	0.00204953095684803	0.0	0.0	0.0	0.0	0.0	0.0	0.0	0.0	0.0	0.0	0.0	0.0	0.00727012987012987	0.016144520547945206	0.0	0.0	0.8453128279883383	0.0	0.000778125	0.0	0.0	0.0	0.00696074074074074	0.0	0.0	0.0	0.0	0.0	0.0	0.0	0.0	0.0	0.5957883838383838	0.0	0.0	0.0	0.0	0.0	0.0	0.0	0.0	0.0	0.0	0.0	0.0	0.0	0.0	0.749389534883721	0.0	0.8522277108433735	0.0	0.8339029850746268	0.0	0.7838491228070176	0.0	0.0	0.0	0.0	0.0	0.0	0.0	0.0	0.0	0.0	0.0	0.0	0.0	0.0	0.0	0.0	0.0	0.0	0.0	0.0	0.0	0.0	0.0	0.0	0.0	0.0	1.001	0.0	0.0	0.0	0.0	0.0	0.0	0.0	0.0	0.0	0.0	0.0
LC102	0.0020375645843118836	0.0	0.04558585678852583	0.0	0.0	0.0003249032258064516	0.0	0.0	0.0	0.0002031963470319635	0.0	0.03375195439739413	0.0	0.0	0.0	0.0	0.0	0.0	0.0	0.0	0.0	0.0	0.0	0.0	0.0	0.0	0.0	0.0	0.0	0.0	0.0	0.0	0.0	0.0	0.00046232876712328766	0.0	0.0	0.0	0.0	0.0	0.0	0.0	0.0	0.006422777777777778	0.0012659352142110763	0.0	0.014365748031496062	0.0	0.0	0.0	0.0	0.0	0.0	0.0	0.0	0.0	0.0	0.002437951807228916	0.0	0.0	0.0	0.0	0.0	0.0	0.0	0.0	0.0	0.0	0.0	0.0	0.0	0.0	0.0	0.0	0.0	0.0	0.0	0.0	0.0	0.0	0.0	0.0	0.0	0.0	0.0	0.0	0.0	0.0	0.0	0.0	0.0	0.0	0.0	0.06105263929618769	0.0	0.0	0.0	0.0	0.0	0.5844	0.62085	0.0	1.002	0.9961500000000001	0.0	0.0	0.9982	0.9963473684210526	0.9962894736842106	0.0	0.0	0.0	0.0
LC103	0.002464102865194927	0.0	0.04789739027283512	0.0	0.0	0.0	0.0	0.0	0.0	0.00019581430745814306	0.0	0.026783143322475566	0.0	0.0	0.0	0.0	0.0	0.0	0.0	0.0	0.0	0.0	0.0	0.0	0.0	0.0	0.0	0.0	0.0	0.0	0.0	0.0	0.0	0.0	0.0	0.0	0.0	0.0	0.0	0.0	0.0	0.0	0.0	0.010346296296296296	0.0	0.0	0.012271259842519684	0.0	0.00042334710743801657	0.0	0.0	0.0	0.0	0.0	0.0	0.0	0.0	0.0022180722891566268	0.0	0.0	0.0	0.0	0.0	0.0	0.0	0.0	0.0	0.0	0.0	0.0	0.0	0.0	0.0	0.0	0.0	0.0	0.0	0.0	0.0	0.0	0.0	0.0	0.0	0.0	0.0	0.0	0.0	0.0	0.0	0.0	0.0	0.0	0.0	0.004161290322580645	0.0	0.0	0.0	0.0	0.0	0.625	0.6473	0.0	0.99615	1.002	0.0	0.0	0.9887250000000001	1.001	1.001	0.0	0.0	0.0	0.0
LC104	0.008917921447583261	0.0	0.0032402135231316726	0.0	0.0	0.018104903225806452	0.0	0.0	0.0	0.0	0.0	0.0	0.0	0.00830696223316913	0.0	0.0	0.0	0.0	0.0	0.0	0.0	0.0	0.0	0.0	0.0	0.0	0.0	0.0	0.0	0.0	0.0	0.0	0.0	0.0	0.0	0.0	0.0	0.0	0.0	0.0	0.0	0.0	0.0	0.0	0.00754712643678161	0.0	0.007499999999999999	0.0	0.0	0.0	0.0	0.0	0.0	0.0	0.0	0.0	0.0	0.0	0.0	0.0	0.0	0.0	0.0	0.0	0.0	0.0	0.02206132075471698	0.0	0.0	0.0	0.0	0.0	0.0	0.0	0.0	0.0	0.0	0.0	0.0	0.0	0.0	0.0	0.0	0.0	0.0	0.0	0.0	0.0	0.0	0.0	0.0	0.0	0.0	0.0	0.0	0.0	0.0	0.0	0.0	0.0	0.0	0.0	0.0	0.0	1.004	1.002	0.0	0.0	0.0	0.0	0.0	0.0	0.0
LC105	0.009232010333489901	0.0	0.0	0.0	0.0	0.017674021505376347	0.0	0.0	0.0	0.0	0.0	0.0007405537459283388	0.0	0.01896110016420361	0.0	0.0	0.0	0.0	0.0	0.0	0.0	0.0	0.0	0.0	0.0	0.0	0.0	0.0	0.0	0.0	0.0	0.0	0.0	0.0	0.0	0.0	0.0	0.0	0.0	0.0	0.0	0.0	0.0	0.0	0.009869458128078818	0.0	0.004288976377952756	0.0	0.0	0.0	0.0	0.0	0.0	0.0019464646464646465	0.0	0.0	0.0	0.0	0.0	0.0	0.0	0.0	0.0	0.0	0.0	0.0	0.0	0.0	0.0	0.0	0.0	0.0	0.0	0.0	0.0	0.0	0.0	0.0	0.0	0.0	0.0	0.0	0.0	0.0	0.0	0.0	0.0	0.0	0.0	0.0	0.0	0.0	0.0	0.008854377880184332	0.0	0.0	0.0	0.0	0.0	0.0	0.0	0.0	0.0	0.0	1.002	1.004	0.0	0.0	0.0	0.0	0.0	0.0	0.0
LC106	0.001783125880695162	0.0	0.047835468564650055	0.0	0.0	0.0008049032258064515	0.0	0.0	0.0	0.00016971080669710807	0.0	0.03983982084690554	0.0	0.0	0.0	0.0	0.0	0.0	0.0	0.0	0.0	0.0	0.0	0.0	0.0	0.00020080745341614909	0.0	0.0	0.0	0.0	0.0	0.0	0.0	0.0	0.0	0.0	0.0	0.0	0.0	0.0	0.0	0.0	0.0	0.004753888888888889	0.0	0.0	0.015111417322834646	0.0	0.0018514462809917354	0.0	0.0	0.0	0.0	0.0	0.0	0.0	0.0	0.0020945783132530122	0.0	0.0	0.0	0.0	0.0	0.0	0.0	0.0	0.0	0.0	0.0	0.0	0.0	0.0	0.0	0.0	0.0	0.0	0.0	0.0	0.0	0.0	0.0	0.0	0.0	0.0	0.0	0.0	0.0	0.0	0.0	0.0	0.0	0.0	0.0	0.10546774193548387	0.0	0.0	0.0	0.0	0.0	0.6414	0.6422	0.0	0.9982	0.988725	0.0	0.0	1.002	0.9887131578947368	0.9886552631578948	0.0	0.0	0.0	0.0
LC107	0.002120374032780401	0.0	0.04914382218892427	0.0	0.0	0.0	0.0	0.0	0.0	0.0001962509012256669	0.0	0.035451602948739926	0.0	0.0	0.0	0.0	0.0	0.0	0.0	0.0	0.0	0.0	0.0	0.0	0.0	0.0	0.0	0.0	0.0	0.0	0.0	0.0	0.0	0.0	0.0002255515501081471	0.0	0.0	0.0	0.0	0.0	0.0	0.0	0.0	0.007291228070175439	0.0	0.0	0.015034894322420223	0.0	0.001849482383645063	0.0	0.0	0.0	0.0	0.0	0.0	0.0	0.0	0.002079866835764109	0.0	0.0	0.0	0.0	0.0	0.0	0.0	0.0	0.0	0.0	0.0	0.0	0.0	0.0	0.0	0.0	0.0	0.0	0.0	0.0	0.0	0.0	0.0	0.0	0.0	0.0	0.0	0.0	0.0	0.0	0.0	0.0	0.0	0.0	0.0	0.0026183361629881154	0.0	0.0	0.0	0.0	0.0	0.6276999999999999	0.6389052631578946	0.0	0.9963473684210528	1.001	0.0	0.0	0.9887131578947369	1.001512465373961	1.001512465373961	0.0	0.0	0.0	0.0
LC108	0.0023564522508714245	0.0	0.04925639008553412	0.0	0.0	0.0	0.0	0.0	0.0	0.0002071777617559881	0.0	0.034394016800960055	0.0	0.0	0.0	0.0	0.0	0.0	0.0	0.0	0.0	0.0	0.0	0.0	0.0	0.0	0.0	0.0	0.0	0.0	0.0	0.0	0.0	0.0	0.001985436193222783	0.0	0.0	0.0	0.0	0.001193859649122807	0.0	0.0	0.0	0.006980155945419103	0.0	0.0	0.011522917530045586	0.0	0.0011842322749021313	0.0	0.0	0.0	0.0	0.0	0.0	0.0	0.0	0.0022127457197209893	0.0	0.0	0.0	0.0	0.0	0.0	0.0	0.0	0.0	0.0	0.0	0.0	0.0	0.0	0.0	0.0	0.0	0.0	0.0	0.0	0.0	0.0	0.0	0.0	0.0	0.0	0.0	0.0	0.0	0.0	0.0	0.0	0.0	0.0	0.0	0.002371816638370119	0.0	0.0	0.0	0.0	0.0	0.6161280701754386	0.6309789473684211	0.0	0.9962894736842106	1.001	0.0	0.0	0.9886552631578948	1.001512465373961	1.001512465373961	0.0	0.0	0.0	0.0
LC109	0.000121509684193076	0.0	0.0	0.9867531196549415	0.004983372347655365	0.0	0.0	0.0	0.0	0.0	0.0	0.0	0.0	0.0	0.0	0.0	0.0	0.3579226397320494	0.0	0.0	0.0	0.0	0.0	0.23451001526359047	0.0	0.0	0.0	0.0	0.0	0.0	0.0	0.0	0.0	0.0	0.0	0.0	0.0	0.0	0.0	0.0	0.0	0.0	0.0	0.0	0.0	0.0	0.0	0.0	0.0006234321827904715	0.0	0.0	0.0	0.0	0.0	0.0	0.0	0.0	0.0	0.0	0.0	0.0	0.0	0.0	0.0	0.0	0.0	0.0	0.0	0.0	0.0	0.0	0.0	0.0	0.0	0.0	0.0	0.0	0.0	0.0	0.0	0.0	0.0	0.0	0.0	0.0	0.0	0.0	0.0	0.0	0.0	0.0	0.0	0.0	0.0	0.0	0.0	0.0	0.0	0.0	0.0	0.0	0.0	0.0	0.0	0.0	0.0	0.0	0.0	0.0	0.9955474048442907	0.0	0.0	0.0
LC110	0.010961449037106623	0.0	0.0	0.0	0.0	0.0	0.0	0.0	0.0008271771771771771	0.0007780821917808219	0.0	0.00015814332247557003	0.0	0.0	0.0	0.005079787234042553	0.0	0.0	0.0	0.0	0.0	0.0	0.0	0.0	0.0	0.0	0.011740531914893616	0.0	0.0	0.0	0.0	0.007487660668380463	0.0	0.0	0.0	0.0	0.0	0.0	0.0	0.0	0.0	0.0	0.0	0.0	0.0	0.0	0.005384842519685039	0.0	0.0	0.011013157894736843	0.0	0.0	0.0	0.0	0.0	0.0	0.0	0.0	0.0	0.0	0.0	0.0	0.0	0.0	0.59745	0.0	0.0	0.0	0.0	0.0	0.0	0.0	0.0	0.0	0.0	0.0	0.0	0.0	0.0	0.0	0.0	0.0	0.0	0.0	0.0	0.0	0.0	0.0	0.7259485294117647	0.0	0.0	0.0	0.0	0.0	0.0	0.0	0.0	0.0	0.0	0.0	0.0	0.0	0.0	0.0	0.0	0.0	0.0	0.0	0.0	0.0	1.0	0.0	0.0
LC111	0.00016828910286519492	0.0	0.0	0.0	0.0	0.0	0.0	0.0	0.0	0.0	0.0	0.0027797638436482083	0.0	0.0	0.0	0.0	0.0	0.0	0.0	0.0	0.0	0.0	0.0	0.0	0.0	0.0	0.0	0.0	0.24335500578703703	0.0	0.0	0.0	0.0	0.0	0.0	0.0	0.0	0.0	0.0	0.0	0.011607410714285716	0.0	0.0	0.0	0.0	0.0	0.0	0.0	0.0	0.0	0.0	0.0	0.0	0.0	0.0	0.0	0.0	0.0	0.2238126712328767	0.0	0.3948948214285714	0.0	0.0	0.9532518939393939	0.0	0.0	0.0	0.0	0.0	0.997025	0.0	0.0	0.0	0.0	0.0	0.0	0.0	0.0	0.0	0.0	0.0	0.0	0.9926982558139534	0.0	0.0	0.0	0.0	0.0	0.0	0.9547083333333333	0.0	0.0	0.0	0.0	0.0	0.0	0.0	0.0	0.0	0.0	0.0	0.0	0.0	0.0	0.0	0.0	0.0	0.0	0.0	0.0	0.0	1.00575	0.0
LC112	0.002257662047909817	0.0	0.0	0.0	0.0	0.0	0.0	0.0	0.0	0.0	0.12480486429663608	0.0	0.0	0.0012867025862068966	0.0	0.0	0.0	0.0	0.0	0.0	0.0	0.0	0.0	0.0	0.0	0.0	0.0	0.0	0.0	0.0	0.0	0.0	0.0	0.005093435064935065	0.0	0.00019335180055401663	0.0	0.0	0.0	0.0	0.0	0.0	0.0	0.0	0.0	0.0	0.0006138779527559055	0.0	0.0	0.0	0.0	0.0	0.0	0.0	0.07367164804469274	0.0	0.0	0.0	0.0	0.0	0.0	0.0	0.0	0.0	0.0	0.0	0.0	0.0	0.0	0.0	0.0	0.0	0.0	0.0	0.0	0.0	0.0	0.0	0.0	0.0	0.0	0.0	0.0	0.0	0.0	0.0	0.0	0.0	0.0	0.0	0.0	0.0	0.0	0.0	0.0	0.0	0.0	0.0	0.0	0.0	0.0	0.0	0.0	0.0	0.0	0.0	0.0	0.0	0.0	0.0	0.0	0.0	0.9838609374999999
