file	hydrophobic	hbond	saltbridge	pistacking	pication	halogen	metal
/Volumes/GigiMurin/plip/sphingo_lipids/BD1onq-A-A-SLF1/report.txt	18	3	2	0	0	0	0
/Volumes/GigiMurin/plip/sphingo_lipids/BD1onq-C-C-SLF1/report.txt	14	2	0	0	0	0	0
/Volumes/GigiMurin/plip/sphingo_lipids/BD2akr-A-A-CIS1/report.txt	25	4	0	0	0	0	0
/Volumes/GigiMurin/plip/sphingo_lipids/BD2akr-C-C-CIS1/report.txt	16	8	1	0	0	0	0
/Volumes/GigiMurin/plip/sphingo_lipids/BD2e3o-A-A-16C1/report.txt	12	6	0	0	0	0	0
/Volumes/GigiMurin/plip/sphingo_lipids/BD2e3p-A-A-16C1/report.txt	11	5	0	0	0	0	0
/Volumes/GigiMurin/plip/sphingo_lipids/BD2e3q-A-A-18C1/report.txt	18	5	0	0	0	0	0
/Volumes/GigiMurin/plip/sphingo_lipids/BD2e3r-A-A-18C1/report.txt	8	6	0	0	0	0	0
/Volumes/GigiMurin/plip/sphingo_lipids/BD2osx-A-A-16C1/report.txt	4	3	0	0	0	0	0
/Volumes/GigiMurin/plip/sphingo_lipids/BD2yg2-A-A-S1P1/report.txt	12	2	2	0	0	0	0
/Volumes/GigiMurin/plip/sphingo_lipids/BD2yg2-B-B-S1P1/report.txt	10	3	2	0	0	0	0
/Volumes/GigiMurin/plip/sphingo_lipids/BD2zxc-A-A-2ED1/report.txt	4	4	0	0	0	0	0
/Volumes/GigiMurin/plip/sphingo_lipids/BD2zxc-B-B-2ED1/report.txt	4	5	0	0	0	0	0
/Volumes/GigiMurin/plip/sphingo_lipids/BD3ard-A-A-3GH1/report.txt	23	2	0	0	0	0	0
/Volumes/GigiMurin/plip/sphingo_lipids/BD3ard-C-A-3GH1/report.txt	0	2	0	0	0	0	0
/Volumes/GigiMurin/plip/sphingo_lipids/BD3are-A-A-4GH1/report.txt	22	4	0	0	0	0	0
/Volumes/GigiMurin/plip/sphingo_lipids/BD3are-C-A-4GH1/report.txt	0	2	0	0	0	0	0
/Volumes/GigiMurin/plip/sphingo_lipids/BD3au1-A-A-ERA1/report.txt	15	0	0	0	0	0	0
/Volumes/GigiMurin/plip/sphingo_lipids/BD3i9g-H-L-S1P1/report.txt	5	2	0	0	0	0	0
/Volumes/GigiMurin/plip/sphingo_lipids/BD3i9g-L-L-S1P1/report.txt	2	1	0	0	0	0	0
/Volumes/GigiMurin/plip/sphingo_lipids/BD3if7-A-A-SPU1/report.txt	3	0	2	0	0	0	0
/Volumes/GigiMurin/plip/sphingo_lipids/BD3if7-A-A-SPU2/report.txt	2	0	0	0	0	0	0
/Volumes/GigiMurin/plip/sphingo_lipids/BD3if7-A-A-SPU3/report.txt	3	0	0	0	0	0	0
/Volumes/GigiMurin/plip/sphingo_lipids/BD3if7-A-A-SPU4/report.txt	0	0	0	0	0	0	0
/Volumes/GigiMurin/plip/sphingo_lipids/BD3ric-A-A-CIS1/report.txt	18	3	0	0	0	0	0
/Volumes/GigiMurin/plip/sphingo_lipids/BD3rzc-A-A-LGN1/report.txt	27	3	0	0	0	0	0
/Volumes/GigiMurin/plip/sphingo_lipids/BD3rzc-C-A-LGN1/report.txt	0	2	0	0	0	0	0
/Volumes/GigiMurin/plip/sphingo_lipids/BD3rzn-A-A-CIS1/report.txt	20	3	1	0	0	0	0
/Volumes/GigiMurin/plip/sphingo_lipids/BD3s0i-A-A-CIS1/report.txt	24	1	0	0	0	0	0
/Volumes/GigiMurin/plip/sphingo_lipids/BD3s0k-A-A-03F1/report.txt	20	4	0	0	0	0	0
/Volumes/GigiMurin/plip/sphingo_lipids/BD3scm-A-A-LGN1/report.txt	16	4	0	0	0	0	0
/Volumes/GigiMurin/plip/sphingo_lipids/BD3scm-C-A-LGN1/report.txt	0	4	0	0	0	0	0
/Volumes/GigiMurin/plip/sphingo_lipids/BD3sda-A-A-GCY1/report.txt	16	3	0	0	0	0	0
/Volumes/GigiMurin/plip/sphingo_lipids/BD3sda-C-A-GCY1/report.txt	0	2	0	0	0	0	0
/Volumes/GigiMurin/plip/sphingo_lipids/BD3sdc-A-A-3GB1/report.txt	24	3	0	0	0	0	0
/Volumes/GigiMurin/plip/sphingo_lipids/BD3sdc-C-A-3GB1/report.txt	0	4	0	0	0	0	0
/Volumes/GigiMurin/plip/sphingo_lipids/BD3sdd-A-A-3GD1/report.txt	25	4	0	0	0	0	0
/Volumes/GigiMurin/plip/sphingo_lipids/BD3sdd-C-A-3GD1/report.txt	0	4	0	0	0	0	0
/Volumes/GigiMurin/plip/sphingo_lipids/BD3sdx-A-A-GCY1/report.txt	11	3	0	0	0	0	0
/Volumes/GigiMurin/plip/sphingo_lipids/BD3sdx-C-C-GCY1/report.txt	14	3	0	0	0	0	0
/Volumes/GigiMurin/plip/sphingo_lipids/BD3sdx-E-A-GCY1/report.txt	0	2	0	0	0	0	0
/Volumes/GigiMurin/plip/sphingo_lipids/BD3vwk-A-A-4GH1/report.txt	19	3	0	0	0	0	0
/Volumes/GigiMurin/plip/sphingo_lipids/BD3vwk-C-A-4GH1/report.txt	0	1	0	0	0	0	0
/Volumes/GigiMurin/plip/sphingo_lipids/BD3vzb-A-A-SQS1/report.txt	7	1	0	0	0	0	0
/Volumes/GigiMurin/plip/sphingo_lipids/BD3vzb-B-B-SQS1/report.txt	4	4	0	0	0	0	0
/Volumes/GigiMurin/plip/sphingo_lipids/BD4apq-A-A-CIS1/report.txt	0	2	0	0	0	0	0
/Volumes/GigiMurin/plip/sphingo_lipids/BD4apq-C-A-CIS1/report.txt	0	0	1	0	0	0	0
/Volumes/GigiMurin/plip/sphingo_lipids/BD4ei5-A-A-CIS1/report.txt	16	5	0	0	0	0	0
/Volumes/GigiMurin/plip/sphingo_lipids/BD4ei5-D-A-CIS1/report.txt	1	0	0	0	0	0	0
/Volumes/GigiMurin/plip/sphingo_lipids/BD4ei5-E-E-CIS1/report.txt	8	6	0	0	0	0	0
/Volumes/GigiMurin/plip/sphingo_lipids/BD4elm-A-A-SGF1/report.txt	10	3	0	0	0	0	0
/Volumes/GigiMurin/plip/sphingo_lipids/BD4elm-C-C-SGF1/report.txt	11	4	0	0	0	0	0
/Volumes/GigiMurin/plip/sphingo_lipids/BD4elm-F-C-SGF1/report.txt	0	0	1	0	0	0	0
/Volumes/GigiMurin/plip/sphingo_lipids/BD4gjq-A-A-CIS1/report.txt	9	4	1	0	0	0	0
/Volumes/GigiMurin/plip/sphingo_lipids/BD4gjq-A-B-CIS1/report.txt	5	0	0	0	0	0	0
/Volumes/GigiMurin/plip/sphingo_lipids/BD4gjq-B-A-CIS1/report.txt	5	0	0	0	0	0	0
/Volumes/GigiMurin/plip/sphingo_lipids/BD4k80-A-A-1PW1/report.txt	11	1	4	0	0	0	0
/Volumes/GigiMurin/plip/sphingo_lipids/BD4k84-A-A-1PX1/report.txt	18	1	3	0	0	0	0
/Volumes/GigiMurin/plip/sphingo_lipids/BD4k84-B-B-1PX1/report.txt	21	1	3	0	0	0	0
/Volumes/GigiMurin/plip/sphingo_lipids/BD4k85-A-A-1PZ1/report.txt	14	1	3	0	0	0	0
/Volumes/GigiMurin/plip/sphingo_lipids/BD4k85-A-B-1PZ1/report.txt	4	0	0	0	0	0	0
/Volumes/GigiMurin/plip/sphingo_lipids/BD4k85-B-A-1PZ1/report.txt	1	0	0	0	0	0	0
/Volumes/GigiMurin/plip/sphingo_lipids/BD4k85-B-B-1PZ1/report.txt	6	1	4	0	0	0	0
/Volumes/GigiMurin/plip/sphingo_lipids/BD4k85-C-C-1PZ1/report.txt	6	1	3	0	0	0	0
/Volumes/GigiMurin/plip/sphingo_lipids/BD4k85-C-D-1PZ1/report.txt	2	0	0	0	0	0	0
/Volumes/GigiMurin/plip/sphingo_lipids/BD4k85-D-D-1PZ1/report.txt	15	1	4	0	0	0	0
/Volumes/GigiMurin/plip/sphingo_lipids/BD4k8n-A-A-1Q01/report.txt	17	1	4	0	0	0	0
/Volumes/GigiMurin/plip/sphingo_lipids/BD4k8n-B-B-1Q01/report.txt	8	1	4	0	0	0	0
/Volumes/GigiMurin/plip/sphingo_lipids/BD4k8n-C-C-1Q01/report.txt	20	1	4	0	0	0	0
/Volumes/GigiMurin/plip/sphingo_lipids/BD4k8n-D-F-1Q01/report.txt	1	0	0	0	0	0	0
/Volumes/GigiMurin/plip/sphingo_lipids/BD4k8n-E-A-1Q01/report.txt	2	2	0	0	0	0	0
/Volumes/GigiMurin/plip/sphingo_lipids/BD4k8n-F-D-1Q01/report.txt	1	1	0	0	0	0	0
/Volumes/GigiMurin/plip/sphingo_lipids/BD4k8n-F-F-1Q01/report.txt	0	1	4	0	0	0	0
/Volumes/GigiMurin/plip/sphingo_lipids/BD4kf6-A-A-1T91/report.txt	9	1	3	0	0	0	0
/Volumes/GigiMurin/plip/sphingo_lipids/BD4kf6-A-C-1T91/report.txt	0	1	1	0	0	0	0
/Volumes/GigiMurin/plip/sphingo_lipids/BD4kf6-C-C-1T91/report.txt	7	1	3	0	0	0	0
/Volumes/GigiMurin/plip/sphingo_lipids/BD4kf6-D-A-1T91/report.txt	1	1	0	0	0	0	0
/Volumes/GigiMurin/plip/sphingo_lipids/BD4kf6-F-F-1T91/report.txt	0	1	3	0	0	0	0
/Volumes/GigiMurin/plip/sphingo_lipids/BD4mng-A-A-CIS1/report.txt	21	5	0	0	0	0	0
/Volumes/GigiMurin/plip/sphingo_lipids/BD4mng-C-C-CIS1/report.txt	23	5	0	0	0	0	0
/Volumes/GigiMurin/plip/sphingo_lipids/BD4mng-E-A-CIS1/report.txt	0	1	0	0	0	0	0
/Volumes/GigiMurin/plip/sphingo_lipids/BD4mq7-A-A-CIS1/report.txt	29	4	0	0	0	0	0
/Volumes/GigiMurin/plip/sphingo_lipids/BD4nt2-A-A-SPU1/report.txt	2	2	0	0	0	0	0
/Volumes/GigiMurin/plip/sphingo_lipids/BD4ntg-A-A-1PZ1/report.txt	10	0	3	0	0	0	0
/Volumes/GigiMurin/plip/sphingo_lipids/BD4ntg-B-A-1PZ1/report.txt	0	1	0	0	0	0	0
/Volumes/GigiMurin/plip/sphingo_lipids/BD4nti-A-A-1PZ1/report.txt	15	1	3	0	0	0	0
/Volumes/GigiMurin/plip/sphingo_lipids/BD4nti-A-A-1PZ2/report.txt	3	2	0	0	0	0	0
/Volumes/GigiMurin/plip/sphingo_lipids/BD4nti-B-B-1PZ1/report.txt	11	1	3	0	0	0	0
/Volumes/GigiMurin/plip/sphingo_lipids/BD4nto-A-A-1PW1/report.txt	3	0	3	0	0	0	0
/Volumes/GigiMurin/plip/sphingo_lipids/BD4nto-B-B-1PW1/report.txt	3	1	0	0	0	0	0
/Volumes/GigiMurin/plip/sphingo_lipids/BD4nto-B-B-1PW2/report.txt	3	0	3	0	0	0	0
/Volumes/GigiMurin/plip/sphingo_lipids/BD4nto-B-C-1PW1/report.txt	1	0	0	0	0	0	0
/Volumes/GigiMurin/plip/sphingo_lipids/BD4nto-B-C-1PW2/report.txt	3	0	0	0	0	0	0
/Volumes/GigiMurin/plip/sphingo_lipids/BD4nto-C-C-1PW1/report.txt	0	1	0	0	0	0	0
/Volumes/GigiMurin/plip/sphingo_lipids/BD4nto-C-C-1PW2/report.txt	4	1	3	0	0	0	0
/Volumes/GigiMurin/plip/sphingo_lipids/BD4x6f-A-A-3XU1/report.txt	14	2	1	0	0	0	0
/Volumes/GigiMurin/plip/sphingo_lipids/BD4y4h-A-A-49X1/report.txt	13	5	0	0	0	0	0
/Volumes/GigiMurin/plip/sphingo_lipids/BD4y4h-C-A-49X1/report.txt	0	2	0	0	0	0	0
/Volumes/GigiMurin/plip/sphingo_lipids/BD5j14-A-A-18C1/report.txt	16	4	0	0	0	0	0
/Volumes/GigiMurin/plip/sphingo_lipids/BD5j14-A-B-18C1/report.txt	3	0	0	0	0	0	0
/Volumes/GigiMurin/plip/sphingo_lipids/BD5j14-B-A-18C1/report.txt	2	0	0	0	0	0	0
/Volumes/GigiMurin/plip/sphingo_lipids/BD5j14-B-B-18C1/report.txt	14	4	0	0	0	0	0
/Volumes/GigiMurin/plip/sphingo_lipids/BD5j7z-A-A-18C1/report.txt	11	4	0	0	0	0	0
/Volumes/GigiMurin/plip/sphingo_lipids/BD5ksi-A-A-S1P1/report.txt	0	2	2	0	0	0	0
/Volumes/GigiMurin/plip/sphingo_lipids/BD5ksi-A-A-S1P2/report.txt	1	2	1	0	0	0	0
/Volumes/GigiMurin/plip/sphingo_lipids/BD5ksi-A-D-S1P1/report.txt	0	0	0	0	0	0	0
/Volumes/GigiMurin/plip/sphingo_lipids/BD5ksi-B-A-S1P1/report.txt	0	1	0	0	0	0	0
/Volumes/GigiMurin/plip/sphingo_lipids/BD5ksi-B-C-S1P2/report.txt	2	0	1	0	0	0	0
/Volumes/GigiMurin/plip/sphingo_lipids/BD5ksi-D-A-S1P2/report.txt	2	1	1	0	0	0	0
/Volumes/GigiMurin/plip/sphingo_lipids/BD5ksi-D-C-S1P1/report.txt	0	1	0	0	0	0	0
/Volumes/GigiMurin/plip/sphingo_lipids/BD5ksi-D-D-S1P1/report.txt	0	0	0	0	0	0	0
/Volumes/GigiMurin/plip/sphingo_lipids/BD5ksj-A-A-S1P1/report.txt	2	0	1	0	0	0	0
/Volumes/GigiMurin/plip/sphingo_lipids/BD6c5m-A-A-J811/report.txt	11	6	0	0	0	0	0
/Volumes/GigiMurin/plip/sphingo_lipids/BD6c69-A-A-ELM1/report.txt	13	5	0	0	0	0	0
/Volumes/GigiMurin/plip/sphingo_lipids/BD6c6f-A-A-ELS1/report.txt	20	7	0	1	0	0	0
/Volumes/GigiMurin/plip/sphingo_lipids/BD6cq8-A-A-16C1/report.txt	5	1	0	0	0	0	0
/Volumes/GigiMurin/plip/sphingo_lipids/BD6cq9-A-A-16C1/report.txt	3	1	0	0	0	0	0
/Volumes/GigiMurin/plip/sphingo_lipids/BD6cq9-B-A-16C1/report.txt	1	0	0	0	0	0	0
/Volumes/GigiMurin/plip/sphingo_lipids/BD6cwb-A-A-FJJ1/report.txt	11	7	0	0	0	0	0
/Volumes/GigiMurin/plip/sphingo_lipids/BD6cwb-C-A-FJJ1/report.txt	0	2	0	0	0	0	0
/Volumes/GigiMurin/plip/sphingo_lipids/BD6cx7-A-A-ELM1/report.txt	12	7	0	0	0	0	0
/Volumes/GigiMurin/plip/sphingo_lipids/BD6cx7-C-A-ELM1/report.txt	0	2	0	0	0	0	0
/Volumes/GigiMurin/plip/sphingo_lipids/BD6cxf-A-A-ELS1/report.txt	23	7	0	0	0	0	0
/Volumes/GigiMurin/plip/sphingo_lipids/BD6cxf-C-A-ELS1/report.txt	0	2	0	0	0	0	0
/Volumes/GigiMurin/plip/sphingo_lipids/BD6cyw-A-A-FO41/report.txt	19	3	0	0	0	0	0
/Volumes/GigiMurin/plip/sphingo_lipids/BD6miv-A-A-JU11/report.txt	21	6	0	0	0	0	0
/Volumes/GigiMurin/plip/sphingo_lipids/BD6miv-C-A-JU11/report.txt	0	2	0	0	0	0	0
/Volumes/GigiMurin/plip/sphingo_lipids/BD6miy-A-A-JTV1/report.txt	24	6	0	0	0	0	0
/Volumes/GigiMurin/plip/sphingo_lipids/BD6miy-C-A-JTV1/report.txt	0	2	0	0	0	0	0
/Volumes/GigiMurin/plip/sphingo_lipids/BD6miy-E-E-JTV1/report.txt	24	5	0	0	0	0	0
/Volumes/GigiMurin/plip/sphingo_lipids/BD6mja-A-A-JTJ1/report.txt	22	5	0	0	0	0	0
/Volumes/GigiMurin/plip/sphingo_lipids/BD6mja-C-A-JTJ1/report.txt	0	2	0	0	0	0	0
/Volumes/GigiMurin/plip/sphingo_lipids/BD6mji-A-A-JTD1/report.txt	18	5	0	0	0	0	0
/Volumes/GigiMurin/plip/sphingo_lipids/BD6mji-C-A-JTD1/report.txt	0	2	0	0	0	0	0
/Volumes/GigiMurin/plip/sphingo_lipids/BD6mjj-A-A-JU41/report.txt	20	6	0	0	0	0	0
/Volumes/GigiMurin/plip/sphingo_lipids/BD6mjj-C-A-JU41/report.txt	0	2	0	0	0	0	0
/Volumes/GigiMurin/plip/sphingo_lipids/BD6mjq-A-A-JUD1/report.txt	18	4	0	0	0	0	0
/Volumes/GigiMurin/plip/sphingo_lipids/BD6mjq-C-A-JUD1/report.txt	0	2	0	0	0	1	0
/Volumes/GigiMurin/plip/sphingo_lipids/BD6mjq-G-E-JUD1/report.txt	0	3	0	0	0	1	0
/Volumes/GigiMurin/plip/sphingo_lipids/BD6w8a-A-A-16C1/report.txt	5	1	0	0	0	0	0
/Volumes/GigiMurin/plip/sphingo_lipids/BD6w8f-A-A-16C1/report.txt	5	0	0	0	0	0	0
/Volumes/GigiMurin/plip/sphingo_lipids/BD6w8f-B-A-16C1/report.txt	1	0	0	0	0	0	0
/Volumes/GigiMurin/plip/sphingo_lipids/BD6xng-A-A-V8P1/report.txt	10	0	0	0	0	0	0
/Volumes/GigiMurin/plip/sphingo_lipids/BD6xng-A-A-V8P2/report.txt	19	6	0	0	0	0	0
/Volumes/GigiMurin/plip/sphingo_lipids/BD6xng-C-A-V8P2/report.txt	0	3	1	0	0	0	0
/Volumes/GigiMurin/plip/sphingo_lipids/BD7c4s-A-A-S1P1/report.txt	8	7	1	0	0	0	0
/Volumes/GigiMurin/plip/sphingo_lipids/BD7c4s-B-B-S1P1/report.txt	10	7	1	0	0	0	0
/Volumes/GigiMurin/plip/sphingo_lipids/BD7ew3-R-R-S1P1/report.txt	6	6	2	0	0	0	0
/Volumes/GigiMurin/plip/sphingo_lipids/BD7fdv-A-A-HWP1/report.txt	2	1	0	0	0	0	0
/Volumes/GigiMurin/plip/sphingo_lipids/BD7fdv-A-D-HWP1/report.txt	3	0	0	0	0	0	0
/Volumes/GigiMurin/plip/sphingo_lipids/BD7k0k-B-B-VSD1/report.txt	5	2	0	0	0	0	0
/Volumes/GigiMurin/plip/sphingo_lipids/BD7kp0-A-A-WUA1/report.txt	14	1	1	0	0	0	0
/Volumes/GigiMurin/plip/sphingo_lipids/BD7kp1-A-A-FO41/report.txt	19	1	0	0	0	0	0
/Volumes/GigiMurin/plip/sphingo_lipids/BD7kv8-A-A-1Q01/report.txt	9	1	0	0	0	0	0
/Volumes/GigiMurin/plip/sphingo_lipids/BD7lhv-A-A-S1P1/report.txt	4	1	0	0	0	0	0
/Volumes/GigiMurin/plip/sphingo_lipids/BD7lhv-A-A-S1P2/report.txt	1	0	1	0	0	0	0
/Volumes/GigiMurin/plip/sphingo_lipids/BD7lhv-A-B-S1P1/report.txt	3	0	0	0	0	0	0
/Volumes/GigiMurin/plip/sphingo_lipids/BD7m72-A-A-QOD1/report.txt	12	7	0	0	0	0	0
/Volumes/GigiMurin/plip/sphingo_lipids/BD7m72-C-A-QOD1/report.txt	0	2	0	0	0	0	0
/Volumes/GigiMurin/plip/sphingo_lipids/BD7mlm-A-A-ZKM1/report.txt	0	1	1	0	0	0	0
/Volumes/GigiMurin/plip/sphingo_lipids/BD7mlm-A-A-ZKM2/report.txt	0	2	0	0	0	0	0
/Volumes/GigiMurin/plip/sphingo_lipids/BD7mlm-C-A-ZKM1/report.txt	8	0	0	0	0	0	0
/Volumes/GigiMurin/plip/sphingo_lipids/BD7mlm-C-A-ZKM2/report.txt	15	2	0	0	0	0	0
/Volumes/GigiMurin/plip/sphingo_lipids/BD7mlm-C-C-ZKM1/report.txt	12	0	0	0	0	0	0
/Volumes/GigiMurin/plip/sphingo_lipids/BD7ryn-A-A-CIS1/report.txt	21	5	1	0	0	0	0
/Volumes/GigiMurin/plip/sphingo_lipids/BD7t6b-R-R-S1P1/report.txt	9	3	1	0	0	0	0
/Volumes/GigiMurin/plip/sphingo_lipids/BD7td3-R-R-S1P1/report.txt	7	5	2	0	0	0	0
/Volumes/GigiMurin/plip/sphingo_lipids/BD7vie-F-F-S1P1/report.txt	5	5	1	0	0	0	0
/Volumes/GigiMurin/plip/sphingo_lipids/BD7w9k-A-A-1PW1/report.txt	7	1	0	0	0	0	0
/Volumes/GigiMurin/plip/sphingo_lipids/BD7w9p-A-A-1PW1/report.txt	9	3	0	0	0	0	0
/Volumes/GigiMurin/plip/sphingo_lipids/BD7wf7-A-A-S1P1/report.txt	6	3	1	0	0	0	0
/Volumes/GigiMurin/plip/sphingo_lipids/BD7xve-A-A-1PW1/report.txt	5	1	0	0	0	0	0
/Volumes/GigiMurin/plip/sphingo_lipids/BD7xvf-A-A-1PW1/report.txt	9	1	0	0	0	0	0
/Volumes/GigiMurin/plip/sphingo_lipids/BD7yiy-B-D-Z1T1/report.txt	2	0	0	0	0	0	0
/Volumes/GigiMurin/plip/sphingo_lipids/BD7yiy-D-D-Z1T1/report.txt	3	3	0	0	0	0	0
/Volumes/GigiMurin/plip/sphingo_lipids/BD7yjk-B-B-Z1T1/report.txt	2	1	0	0	0	0	0
/Volumes/GigiMurin/plip/sphingo_lipids/BD7yjk-D-B-Z1T1/report.txt	7	3	0	0	0	0	0
/Volumes/GigiMurin/plip/sphingo_lipids/BD7yjm-B-D-Z1T1/report.txt	4	1	0	0	0	0	0
/Volumes/GigiMurin/plip/sphingo_lipids/BD7yjm-D-D-Z1T1/report.txt	7	3	0	0	0	0	0
/Volumes/GigiMurin/plip/sphingo_lipids/BD7yjo-B-D-Z1T1/report.txt	3	1	0	0	0	0	0
/Volumes/GigiMurin/plip/sphingo_lipids/BD7yjo-D-D-Z1T1/report.txt	6	3	0	0	0	0	0
/Volumes/GigiMurin/plip/sphingo_lipids/BD7yub-R-R-S1P1/report.txt	6	2	0	0	0	0	0
/Volumes/GigiMurin/plip/sphingo_lipids/BD8c6d-A-A-SQS1/report.txt	16	3	0	0	0	0	0
/Volumes/GigiMurin/plip/sphingo_lipids/BD8c80-A-A-Z8A1/report.txt	6	0	0	0	0	0	0
/Volumes/GigiMurin/plip/sphingo_lipids/BD8c81-A-A-Z8A1/report.txt	5	0	0	0	0	0	0
/Volumes/GigiMurin/plip/sphingo_lipids/BD8c82-A-A-Z8A1/report.txt	4	2	0	0	0	0	0
/Volumes/GigiMurin/plip/sphingo_lipids/BD8c82-C-A-Z8A1/report.txt	3	1	0	0	0	0	0
/Volumes/GigiMurin/plip/sphingo_lipids/BD8c82-E-E-Z8A1/report.txt	5	2	0	0	0	0	0
/Volumes/GigiMurin/plip/sphingo_lipids/BD8ex4-A-A-S1P1/report.txt	13	1	0	0	0	0	0
/Volumes/GigiMurin/plip/sphingo_lipids/BD8ex6-A-A-S1P1/report.txt	9	1	0	0	0	0	0
/Volumes/GigiMurin/plip/sphingo_lipids/BD8gle-A-A-SGF1/report.txt	6	1	0	0	0	0	0
/Volumes/GigiMurin/plip/sphingo_lipids/BD8i5y-A-A-1PW1/report.txt	5	2	0	0	0	0	0
/Volumes/GigiMurin/plip/sphingo_lipids/BD8iaj-B-B-Z1T1/report.txt	6	0	0	0	0	0	0
/Volumes/GigiMurin/plip/sphingo_lipids/BD8iaj-F-F-Z1T1/report.txt	6	0	0	0	0	0	0
/Volumes/GigiMurin/plip/sphingo_lipids/BD8iam-D-D-Z1T1/report.txt	7	1	0	0	0	0	0
/Volumes/GigiMurin/plip/sphingo_lipids/BD8iam-H-H-Z1T1/report.txt	7	1	0	0	0	0	0
/Volumes/GigiMurin/plip/sphingo_lipids/BD8ijq-A-A-16C1/report.txt	4	4	0	0	0	0	0
/Volumes/GigiMurin/plip/sphingo_lipids/BD8ijq-B-B-16C1/report.txt	4	3	0	0	0	0	0
/Volumes/GigiMurin/plip/sphingo_lipids/BD8ijq-C-C-16C1/report.txt	3	4	0	0	0	0	0
/Volumes/GigiMurin/plip/sphingo_lipids/BD8ijq-D-D-16C1/report.txt	5	5	0	0	0	0	0
/Volumes/GigiMurin/plip/sphingo_lipids/BD8ijq-E-E-16C1/report.txt	2	5	0	0	0	0	0
/Volumes/GigiMurin/plip/sphingo_lipids/BD8ijq-F-F-16C1/report.txt	4	6	0	0	0	0	0
/Volumes/GigiMurin/plip/sphingo_lipids/BD8jhq-A-A-S1P1/report.txt	5	2	0	0	0	0	0
/Volumes/GigiMurin/plip/sphingo_lipids/BD8sgb-A-A-FO41/report.txt	16	4	0	0	2	0	0
/Volumes/GigiMurin/plip/sphingo_lipids/BD8sjx-A-A-HWP1/report.txt	2	0	0	0	0	0	0
/Volumes/GigiMurin/plip/sphingo_lipids/BD8sjx-A-A-HWP2/report.txt	0	0	0	0	0	0	0
/Volumes/GigiMurin/plip/sphingo_lipids/BD8sjx-A-A-HWP3/report.txt	9	1	1	0	0	0	0
/Volumes/GigiMurin/plip/sphingo_lipids/BD8sjx-A-A-HWP4/report.txt	1	1	0	0	0	0	0
/Volumes/GigiMurin/plip/sphingo_lipids/BD8sjx-A-A-HWP5/report.txt	0	0	0	0	0	0	0
/Volumes/GigiMurin/plip/sphingo_lipids/BD8sjx-A-A-HWP6/report.txt	10	0	0	0	0	0	0
/Volumes/GigiMurin/plip/sphingo_lipids/BD8sjx-A-A-HWP7/report.txt	6	0	0	0	0	0	0
/Volumes/GigiMurin/plip/sphingo_lipids/BD8sjy-A-A-HWP1/report.txt	1	1	1	0	0	0	0
/Volumes/GigiMurin/plip/sphingo_lipids/BD8sjy-A-A-HWP2/report.txt	8	3	0	0	0	0	0
/Volumes/GigiMurin/plip/sphingo_lipids/BD8sjy-A-A-HWP3/report.txt	0	0	0	0	0	0	0
/Volumes/GigiMurin/plip/sphingo_lipids/BD8sjy-A-A-HWP4/report.txt	9	0	0	0	0	0	0
/Volumes/GigiMurin/plip/sphingo_lipids/BD8sjy-A-A-HWP5/report.txt	3	1	0	0	0	0	0
/Volumes/GigiMurin/plip/sphingo_lipids/BD8sos-A-A-FO41/report.txt	20	2	2	0	0	0	0
/Volumes/GigiMurin/plip/sphingo_lipids/BD8sos-E-E-FO41/report.txt	27	2	2	0	0	0	0
/Volumes/GigiMurin/plip/sphingo_lipids/BD8ue9-A-A-16C1/report.txt	1	0	0	0	0	0	0
/Volumes/GigiMurin/plip/sphingo_lipids/BD8uec-A-A-16C1/report.txt	7	3	0	0	0	0	0
/Volumes/GigiMurin/plip/sphingo_lipids/BD8uf6-A-A-16C1/report.txt	6	1	0	0	0	0	0
/Volumes/GigiMurin/plip/sphingo_lipids/BD8uf6-A-B-16C1/report.txt	1	0	0	0	0	0	0
/Volumes/GigiMurin/plip/sphingo_lipids/BD8uf6-B-B-16C1/report.txt	1	0	0	0	0	0	0
/Volumes/GigiMurin/plip/sphingo_lipids/BD8xmm-A-A-1PW1/report.txt	5	0	0	0	0	0	0
