interaction_type	group_1	group_2	U_statistic	p_value	n1	n2	p_adj_FDR_BH	significant_FDR_0.05
hydrophobic	sterol	sphingolipid	591520.0	1.0320928476196682e-08	6797	224	1.313572715152305e-08	True
hydrophobic	sterol	saccharolipid	1575019.0	1.4574224470343193e-36	6797	329	2.7205219011307293e-36	True
hydrophobic	sterol	prenol	41144078.5	1.5643467076460656e-103	6797	14798	3.65014231784082e-103	True
hydrophobic	sterol	polyketide	8152077.5	3.112650792952813e-10	6797	2616	4.1502010572704175e-10	True
hydrophobic	sterol	glycerophospholipid	135943456.0	2.7158205118738147e-198	6797	32546	1.0863282047495259e-197	True
hydrophobic	sterol	glycerolipid	29491712.5	8.30173753768205e-118	6797	7088	2.324486510550974e-117	True
hydrophobic	sterol	fattyacyl	141780424.5	0.0	6797	30138	0.0	True
hydrophobic	sphingolipid	saccharolipid	53040.0	6.782330894486299e-19	224	329	9.995013949769283e-19	True
hydrophobic	sphingolipid	prenol	1832894.5	0.006214797139046536	224	14798	0.006692858457434731	True
hydrophobic	sphingolipid	polyketide	344694.5	1.024611039917398e-05	224	2616	1.1475643647074859e-05	True
hydrophobic	sphingolipid	glycerophospholipid	4944532.0	1.2300267641863287e-20	224	32546	2.025926435130424e-20	True
hydrophobic	sphingolipid	glycerolipid	1073246.5	1.1179686134410082e-19	224	7088	1.7390622875749013e-19	True
hydrophobic	sphingolipid	fattyacyl	4866620.5	2.7254649708856153e-31	224	30138	4.769563699049827e-31	True
hydrophobic	saccharolipid	prenol	1145038.5	2.286687932936316e-61	329	14798	4.9251740094012955e-61	True
hydrophobic	saccharolipid	polyketide	229103.5	4.3765320583718544e-44	329	2616	8.753064116743709e-44	True
hydrophobic	saccharolipid	glycerophospholipid	4593939.0	7.194953470024905e-06	329	32546	8.394112381695724e-06	True
hydrophobic	saccharolipid	glycerolipid	952582.5	1.3141795955867417e-08	329	7088	1.599870812018642e-08	True
hydrophobic	saccharolipid	fattyacyl	5041230.5	0.5912862493556711	329	30138	0.5912862493556711	False
hydrophobic	prenol	polyketide	21335044.0	4.952582117694001e-17	14798	2616	6.933614964771602e-17	True
hydrophobic	prenol	glycerophospholipid	330885747.5	0.0	14798	32546	0.0	True
hydrophobic	prenol	glycerolipid	72220951.0	0.0	14798	7088	0.0	True
hydrophobic	prenol	fattyacyl	336199065.0	0.0	14798	30138	0.0	True
hydrophobic	polyketide	glycerophospholipid	55128303.0	2.0577595677750452e-142	2616	32546	7.202158487212659e-142	True
hydrophobic	polyketide	glycerolipid	12013493.5	5.611370362884743e-113	2616	7088	1.4283488196433891e-112	True
hydrophobic	polyketide	fattyacyl	56817869.0	0.0	2616	30138	0.0	True
hydrophobic	glycerophospholipid	glycerolipid	113056382.0	0.00806977903498587	32546	7088	0.008368659739985346	True
hydrophobic	glycerophospholipid	fattyacyl	560875854.0	5.749618445586726e-219	32546	30138	2.683155274607139e-218	True
hydrophobic	glycerolipid	fattyacyl	125572578.5	1.1991482456278704e-121	7088	30138	3.7306834308422635e-121	True
hbond	sterol	sphingolipid	414328.5	1.9606278454728578e-38	6797	224	2.744878983662001e-38	True
hbond	sterol	saccharolipid	82194.0	1.469190299804725e-216	6797	329	4.5708142660591445e-216	True
hbond	sterol	prenol	57366982.5	2.0951920858378047e-91	6797	14798	4.1903841716756095e-91	True
hbond	sterol	polyketide	5009908.0	8.010944354066507e-272	6797	2616	3.73844069856437e-271	True
hbond	sterol	glycerophospholipid	113897937.5	1.0429992640174428e-05	6797	32546	1.2168324746870167e-05	True
hbond	sterol	glycerolipid	24830876.5	0.00037338719796328024	6797	7088	0.00041819366171887384	True
hbond	sterol	fattyacyl	101390968.5	0.14102777112809423	6797	30138	0.1518760612148707	False
hbond	sphingolipid	saccharolipid	6967.0	2.3093006966471307e-59	224	329	3.8035540885952745e-59	True
hbond	sphingolipid	prenol	2568290.5	5.918585484306035e-73	224	14798	1.1048026237371266e-72	True
hbond	sphingolipid	polyketide	295826.5	0.8066143283757057	224	2616	0.8364889331303614	False
hbond	sphingolipid	glycerophospholipid	5383194.0	5.2143513931220684e-45	224	32546	8.111213278189883e-45	True
hbond	sphingolipid	glycerolipid	1180657.0	5.5517480274968916e-45	224	7088	8.181523408942787e-45	True
hbond	sphingolipid	fattyacyl	4754263.5	7.481455175608783e-33	224	30138	9.975273567478378e-33	True
hbond	saccharolipid	prenol	4710906.5	1.0000326206948166e-295	329	14798	5.600182675890973e-295	True
hbond	saccharolipid	polyketide	778391.0	5.7352079220734735e-130	329	2616	1.338215181817144e-129	True
hbond	saccharolipid	glycerophospholipid	10325256.5	4.1716953744939575e-240	329	32546	1.668678149797583e-239	True
hbond	saccharolipid	glycerolipid	2255952.5	5.638043954495119e-227	329	7088	1.9733153840732918e-226	True
hbond	saccharolipid	fattyacyl	9350742.5	1.979188169093783e-214	329	30138	5.541726873462592e-214	True
hbond	prenol	polyketide	9166893.5	0.0	14798	2616	0.0	True
hbond	prenol	glycerophospholipid	213924318.0	5.847124622641284e-117	14798	32546	1.2593806879535073e-116	True
hbond	prenol	glycerolipid	46510350.0	3.0464298818210267e-62	14798	7088	5.331252293186797e-62	True
hbond	prenol	fattyacyl	191458171.5	6.359851300753712e-180	14798	30138	1.618871240191854e-179	True
hbond	polyketide	glycerophospholipid	62012776.5	0.0	2616	32546	0.0	True
hbond	polyketide	glycerolipid	13606446.0	0.0	2616	7088	0.0	True
hbond	polyketide	fattyacyl	54760010.5	5.7873106525192405e-297	2616	30138	4.0511174567634685e-296	True
hbond	glycerophospholipid	glycerolipid	115392203.0	0.9485995434517128	32546	7088	0.9485995434517128	False
hbond	glycerophospholipid	fattyacyl	471980353.5	1.5513478572946114e-20	32546	30138	1.974442727465869e-20	True
hbond	glycerolipid	fattyacyl	102707063.0	1.0746682168872474e-08	7088	30138	1.3082917422975185e-08	True
saltbridge	sterol	sphingolipid	669447.0	9.115716848793631e-08	6797	224	1.1601821443919166e-07	True
saltbridge	sterol	saccharolipid	324594.0	1.783469084649084e-265	6797	329	1.2484283592543588e-264	True
saltbridge	sterol	prenol	53419105.5	1.4765120999539343e-56	6797	14798	2.7561559199140107e-56	True
saltbridge	sterol	polyketide	8292342.0	5.05713879157309e-17	6797	2616	7.866660342447029e-17	True
saltbridge	sterol	glycerophospholipid	96253317.5	7.543959506970951e-118	6797	32546	1.920280601774424e-117	True
saltbridge	sterol	glycerolipid	23020535.5	1.613442617740417e-13	6797	7088	2.258819664836584e-13	True
saltbridge	sterol	fattyacyl	88804719.5	1.286858495407191e-121	6797	30138	3.603203787140135e-121	True
saltbridge	sphingolipid	saccharolipid	15792.5	2.9989933315092338e-33	224	329	5.248238330141159e-33	True
saltbridge	sphingolipid	prenol	1944514.0	1.903868798603202e-27	224	14798	3.1357839035817447e-27	True
saltbridge	sphingolipid	polyketide	310006.5	0.03523464371587094	224	2616	0.03946280096177545	True
saltbridge	sphingolipid	glycerophospholipid	3642438.0	0.9796830487582485	224	32546	0.9796830487582485	False
saltbridge	sphingolipid	glycerolipid	857605.0	0.0017155109672927673	224	7088	0.002088448134095543	True
saltbridge	sphingolipid	fattyacyl	3356327.0	0.8469347520049014	224	30138	0.8783027057828607	False
saltbridge	saccharolipid	prenol	4202123.0	0.0	329	14798	0.0	True
saltbridge	saccharolipid	polyketide	715380.0	2.5747251710064516e-145	329	2616	1.2015384131363441e-144	True
saltbridge	saccharolipid	glycerophospholipid	8611269.5	8.600848926235471e-138	329	32546	3.010297124182415e-137	True
saltbridge	saccharolipid	glycerolipid	1969281.0	6.964106178038049e-206	329	7088	3.8998994597013073e-205	True
saltbridge	saccharolipid	fattyacyl	7925488.0	3.683219863885951e-132	329	30138	1.1458906243200734e-131	True
saltbridge	prenol	polyketide	16890752.0	2.8433228092204847e-112	14798	2616	6.634419888181131e-112	True
saltbridge	prenol	glycerophospholipid	196059323.0	0.0	14798	32546	0.0	True
saltbridge	prenol	glycerolipid	46829014.0	7.233543510302459e-143	14798	7088	2.8934174041209835e-142	True
saltbridge	prenol	fattyacyl	180852181.5	0.0	14798	30138	0.0	True
saltbridge	polyketide	glycerophospholipid	39851029.5	4.017534709563603e-13	2616	32546	5.356712946084804e-13	True
saltbridge	polyketide	glycerolipid	9496477.0	0.005227251912766819	2616	7088	0.006098460564894622	True
saltbridge	polyketide	fattyacyl	36764998.0	2.892850592337588e-14	2616	30138	4.263148241339603e-14	True
saltbridge	glycerophospholipid	glycerolipid	125605046.0	5.747351144373474e-57	32546	7088	1.1494702288746947e-56	True
saltbridge	glycerophospholipid	fattyacyl	488419519.0	0.23920162741971707	32546	30138	0.25760175260584917	False
saltbridge	glycerolipid	fattyacyl	96974752.0	8.331843050063188e-60	7088	30138	1.7945508107828404e-59	True
pistacking	sterol	sphingolipid	770971.5	0.14411817509815936	6797	224	0.15520418856724855	False
pistacking	sterol	saccharolipid	950081.5	2.190757516291415e-67	6797	329	5.576473677832693e-67	True
pistacking	sterol	prenol	49616205.0	1.1159538493694725e-08	6797	14798	1.4203048991975105e-08	True
pistacking	sterol	polyketide	6856795.5	3.7902980795070672e-292	6797	2616	1.7688057704366316e-291	True
pistacking	sterol	glycerophospholipid	112508125.5	9.530597979961287e-123	6797	32546	2.6685674343891604e-122	True
pistacking	sterol	glycerolipid	24503216.0	1.3690692609486791e-28	6797	7088	2.3958712066601885e-28	True
pistacking	sterol	fattyacyl	103234984.5	9.887900094660159e-09	6797	30138	1.3183866792880211e-08	True
pistacking	sphingolipid	saccharolipid	30848.5	4.975786512751253e-10	224	329	6.966101117851754e-10	True
pistacking	sphingolipid	prenol	1614023.0	0.023239030299495863	224	14798	0.026027713935435366	True
pistacking	sphingolipid	polyketide	222509.5	2.378694172385259e-16	224	2616	3.7001909348215136e-16	True
pistacking	sphingolipid	glycerophospholipid	3661313.0	2.5715544952507264e-17	224	32546	4.235501521589432e-17	True
pistacking	sphingolipid	glycerolipid	797400.0	1.8614869086949927e-08	224	7088	2.2661579758026e-08	True
pistacking	sphingolipid	fattyacyl	3359321.5	0.4551042661476351	224	30138	0.4719599797086586	False
pistacking	saccharolipid	prenol	2767609.5	2.4658789060456692e-42	329	14798	4.602973957951916e-42	True
pistacking	saccharolipid	polyketide	393218.5	0.0005752447917832875	329	2616	0.0006711189237471688	True
pistacking	saccharolipid	glycerophospholipid	6248671.5	0.0	329	32546	0.0	True
pistacking	saccharolipid	glycerolipid	1360896.0	1.4995948781054335e-261	329	7088	5.998379512421734e-261	True
pistacking	saccharolipid	fattyacyl	5738116.5	3.0679951495168455e-164	329	30138	9.544873798496852e-164	True
pistacking	prenol	polyketide	15172634.5	0.0	14798	2616	0.0	True
pistacking	prenol	glycerophospholipid	248172140.0	7.66956447408735e-220	14798	32546	2.6843475659305725e-219	True
pistacking	prenol	glycerolipid	54049544.0	4.1545155827071063e-50	14798	7088	8.309031165414213e-50	True
pistacking	prenol	fattyacyl	227734416.5	5.55490842732554e-63	14798	30138	1.1964418151162702e-62	True
pistacking	polyketide	glycerophospholipid	52983690.5	0.0	2616	32546	0.0	True
pistacking	polyketide	glycerolipid	11539264.0	0.0	2616	7088	0.0	True
pistacking	polyketide	fattyacyl	48691652.0	0.0	2616	30138	0.0	True
pistacking	glycerophospholipid	glycerolipid	115346568.0	0.6407806792381363	32546	7088	0.6407806792381363	False
pistacking	glycerophospholipid	fattyacyl	485926781.5	7.071024039982865e-67	32546	30138	1.6499056093293352e-66	True
pistacking	glycerolipid	fattyacyl	105823840.0	4.815409208809227e-16	7088	30138	7.096392518245176e-16	True
pication	sterol	sphingolipid	760430.5	0.7825040951088174	6797	224	0.8114857282609957	False
pication	sterol	saccharolipid	1104900.0	0.00082525338617428	6797	329	0.0012837274896044355	True
pication	sterol	prenol	50298064.5	0.8670685394055715	6797	14798	0.8670685394055715	False
pication	sterol	polyketide	8543128.5	1.3543007258264687e-46	6797	2616	1.2640140107713709e-45	True
pication	sterol	glycerophospholipid	108778997.5	1.0272938917164352e-21	6797	32546	3.196025440895576e-21	True
pication	sterol	glycerolipid	24170080.0	9.521811781025817e-07	6797	7088	1.7774048657914859e-06	True
pication	sterol	fattyacyl	101742794.5	1.1366125206215086e-07	6797	30138	2.2732250412430172e-07	True
pication	sphingolipid	saccharolipid	36455.0	0.2356657935765596	224	329	0.29993828273380313	False
pication	sphingolipid	prenol	1659422.5	0.747760824619063	224	14798	0.8052808880512986	False
pication	sphingolipid	polyketide	281912.0	0.005271109035641716	224	2616	0.0077679501577877915	True
pication	sphingolipid	glycerophospholipid	3589127.5	0.09991490788225547	224	32546	0.13321987717634062	False
pication	sphingolipid	glycerolipid	797400.0	1.8614869086949927e-08	224	7088	4.009356418727676e-08	True
pication	sphingolipid	fattyacyl	3356780.5	0.40656552586547245	224	30138	0.4743264468430512	False
pication	saccharolipid	prenol	2463367.5	0.0002846440756291825	329	14798	0.0004688255363304183	True
pication	saccharolipid	polyketide	418557.5	0.016223605024189507	329	2616	0.02271304703386531	True
pication	saccharolipid	glycerophospholipid	5328378.5	0.5388587659067805	329	32546	0.6035218178155941	False
pication	saccharolipid	glycerolipid	1183696.0	3.014833318724286e-25	329	7088	1.2059333274897144e-24	True
pication	saccharolipid	fattyacyl	4983022.0	0.3562700280083303	329	30138	0.43372003409709775	False
pication	prenol	polyketide	18596806.0	3.7951610230414392e-84	14798	2616	1.062645086451603e-82	True
pication	prenol	glycerophospholipid	236792734.0	2.2883697249030926e-44	14798	32546	1.2814870459457317e-43	True
pication	prenol	glycerolipid	52614224.0	1.5861948121357916e-06	14798	7088	2.7758409212376354e-06	True
pication	prenol	fattyacyl	221476712.5	1.4062408275480211e-14	14798	30138	3.579522106485872e-14	True
pication	polyketide	glycerophospholipid	43531362.0	2.0909211299495498e-14	2616	32546	4.878815969882283e-14	True
pication	polyketide	glycerolipid	9664488.0	4.018988292822193e-68	2616	7088	5.6265836099510706e-67	True
pication	polyketide	fattyacyl	40693824.0	8.873524934349369e-46	2616	30138	6.211467454044558e-45	True
pication	glycerophospholipid	glycerolipid	117639536.0	4.658901683884931e-33	32546	7088	2.174154119146301e-32	True
pication	glycerophospholipid	fattyacyl	495254105.5	8.351872584093878e-24	32546	30138	2.923155404432857e-23	True
pication	glycerolipid	fattyacyl	105738784.0	2.6308335753135296e-17	7088	30138	7.366334010877883e-17	True
halogen	sterol	sphingolipid	754804.0	2.8180264642083733e-06	6797	224	7.173158272530405e-06	True
halogen	sterol	saccharolipid	1118600.0	0.7034012906624013	6797	329	0.8206348391061349	False
halogen	sterol	prenol	50231648.0	0.02264869979100937	6797	14798	0.03730374083225073	True
halogen	sterol	polyketide	8656534.0	7.574083370690213e-39	6797	2616	3.534572239655433e-38	True
halogen	sterol	glycerophospholipid	110656400.0	0.0001505510739184894	6797	32546	0.00035128583914314197	True
halogen	sterol	glycerolipid	24099200.0	0.0769299947788572	6797	7088	0.1196688807671112	False
halogen	sterol	fattyacyl	102448809.0	0.24767557754141012	6797	30138	0.3152234623254311	False
halogen	sphingolipid	saccharolipid	37177.0	0.08673809144150817	224	329	0.12782455580853835	False
halogen	sphingolipid	prenol	1669486.0	0.009027972222980882	224	14798	0.01685221481623098	True
halogen	sphingolipid	polyketide	287764.0	0.10308607251440154	224	2616	0.14432050152016215	False
halogen	sphingolipid	glycerophospholipid	3677698.0	3.699729383867644e-65	224	32546	3.453080758276468e-64	True
halogen	sphingolipid	glycerolipid	800944.0	1.7882101727013156e-15	224	7088	6.258735604454605e-15	True
halogen	sphingolipid	fattyacyl	3404920.0	1.0632194973798398e-15	224	30138	4.252877989519359e-15	True
halogen	saccharolipid	prenol	2430323.0	0.4648201602523937	329	14798	0.5658680211768271	False
halogen	saccharolipid	polyketide	418817.0	0.002679579404477853	329	2616	0.005359158808955706	True
halogen	saccharolipid	glycerophospholipid	5353817.0	1.0	329	32546	1.0	False
halogen	saccharolipid	glycerolipid	1165976.0	1.0	329	7088	1.0	False
halogen	saccharolipid	fattyacyl	4956714.0	0.7980909939244314	329	30138	0.8938619131953631	False
halogen	prenol	polyketide	18869198.0	7.464501589362579e-59	14798	2616	5.225151112553806e-58	True
halogen	prenol	glycerophospholipid	241198406.0	3.6743492051903584e-13	14798	32546	1.1431308638370002e-12	True
halogen	prenol	glycerolipid	52529168.0	0.0006931347154141151	14798	7088	0.00149290554089194	True
halogen	prenol	fattyacyl	223308300.0	4.088059664049924e-08	14798	30138	1.1446567059339787e-07	True
halogen	polyketide	glycerophospholipid	43709278.0	8.92054360438811e-192	2616	32546	2.497752209228671e-190	True
halogen	polyketide	glycerolipid	9519184.0	1.9034363552400705e-43	2616	7088	1.0659243589344394e-42	True
halogen	polyketide	fattyacyl	40467428.0	1.662362308362592e-161	2616	30138	2.3273072317076288e-160	True
halogen	glycerophospholipid	glycerolipid	115343024.0	1.0	32546	7088	1.0	False
halogen	glycerophospholipid	fattyacyl	490338036.0	0.010910448014497129	32546	30138	0.019093284025369976	True
halogen	glycerolipid	fattyacyl	106787808.0	0.23485196784508455	7088	30138	0.3131359571267794	False
metal	sterol	sphingolipid	761264.0	1.0	6797	224	1.0	False
metal	sterol	saccharolipid	1118106.5	1.0	6797	329	1.0	False
metal	sterol	prenol	50263815.0	0.05521414689535117	6797	14798	0.3864990282674582	False
metal	sterol	polyketide	8890476.0	1.0	6797	2616	1.0	False
metal	sterol	glycerophospholipid	110607581.0	1.0	6797	32546	1.0	False
metal	sterol	glycerolipid	24088568.0	1.0	6797	7088	1.0	False
metal	sterol	fattyacyl	102400203.5	0.2089199680691639	6797	30138	0.8199843742160955	False
metal	sphingolipid	saccharolipid	36848.0	1.0	224	329	1.0	False
metal	sphingolipid	prenol	1656480.0	0.7279322144520299	224	14798	1.0	False
metal	sphingolipid	polyketide	292992.0	1.0	224	2616	1.0	False
metal	sphingolipid	glycerophospholipid	3645152.0	1.0	224	32546	1.0	False
metal	sphingolipid	glycerolipid	793856.0	1.0	224	7088	1.0	False
metal	sphingolipid	fattyacyl	3374672.0	0.8196679434426826	224	30138	1.0	False
metal	saccharolipid	prenol	2432955.0	0.6732629244171312	329	14798	1.0	False
metal	saccharolipid	polyketide	430332.0	1.0	329	2616	1.0	False
metal	saccharolipid	glycerophospholipid	5353817.0	1.0	329	32546	1.0	False
metal	saccharolipid	glycerolipid	1165976.0	1.0	329	7088	1.0	False
metal	saccharolipid	fattyacyl	4956549.5	0.782286862802966	329	30138	1.0	False
metal	prenol	polyketide	19366248.0	0.23428124977602727	14798	2616	0.8199843742160955	False
metal	prenol	glycerophospholipid	240938038.0	2.729789611944842e-05	14798	32546	0.0007643410913445558	True
metal	prenol	glycerolipid	52472464.0	0.050254110025160594	14798	7088	0.3864990282674582	False
metal	prenol	fattyacyl	223059797.0	0.09276264098188297	14798	30138	0.5194707894985446	False
metal	polyketide	glycerophospholipid	42570168.0	1.0	2616	32546	1.0	False
metal	polyketide	glycerolipid	9271104.0	1.0	2616	7088	1.0	False
metal	polyketide	fattyacyl	39411348.0	0.43567401378676607	2616	30138	1.0	False
metal	glycerophospholipid	glycerolipid	115343024.0	1.0	32546	7088	1.0	False
metal	glycerophospholipid	fattyacyl	490321763.0	0.005967960897103727	32546	30138	0.08355145255945218	False
metal	glycerolipid	fattyacyl	106784264.0	0.19943696261188726	7088	30138	0.8199843742160955	False
