LeidenCluster	LC00	LC01	LC02	LC03	LC04	LC05	LC06	LC07	LC08	LC09	LC10	LC11	LC12	LC13	LC14	LC15	LC16	LC17	LC18	LC19	LC20	LC21	LC22	LC23	LC24	LC25	LC26	LC27	LC28	LC29	LC30	LC31	LC32	LC33	LC34	LC35	LC36	LC37	LC38	LC39	LC40	LC41	LC42	LC43	LC44	LC45	LC46	LC47	LC48	LC49	LC50	LC51	LC52	LC53	LC54	LC55	LC56	LC57	LC58	LC59	LC60	LC61
LC00	0.015563073811057178	0.0006257734334831109	0.0019361689164320742	0.0018318901974074388	0.0010462465378744449	0.001343309846567765	0.0009392820818556113	0.0016843533660543968	0.001480970991234149	0.0016372427234927235	0.0008410950090361855	0.003693979066599756	0.006848223667238266	0.0	0.007092562158781671	0.0014187493609624758	0.0032526368676368675	0.0001160189775574391	0.0	0.001896019538939893	0.001435007343264224	0.0011405657855657857	0.0	0.013170446020961485	0.01044679899332531	0.003089045190939928	0.003340906625689234	0.0020193689756189755	0.008130797113855937	0.001392041877041877	0.0004048844024747639	0.0031432453222453222	0.0061378375746730185	0.0033030628678516	0.002109797995469637	0.002348189968814969	0.0018450554987843124	0.0132487294987295	0.002575835450835451	0.0029719375484081366	0.020848397869022872	0.0018654146454146453	0.006954726672373731	0.019216735966735968	0.000674948024948025	0.0009496125496125497	0.002785862785862786	0.002553607068607068	0.0012398908523908523	0.0003002754677754678	0.001311954261954262	0.0005737006237006236	0.0009447505197505198	0.0009557744282744285	0.0014626299376299375	0.0009423076923076923	0.0015238825363825363	0.009476522869022869	0.0003556999306999307	0.004177598752598753	0.002436174636174636	0.0001266112266112266
LC01	0.006575687411977734	0.8005514417851775	0.01790855847095745	0.017097277783395693	0.065728034151395	0.0035920138179341217	0.7103986864853469	0.009149599822636072	0.03019513802427215	0.49844845564516127	0.001036888045540797	0.00995315150166852	0.003978623341966878	0.0	0.001961349768336393	0.000314110699806099	0.009958517921146954	1.2715743038323682e-05	0.0	0.28787621467313734	0.0009248337772516524	0.011081537634408603	0.0	0.0002935395189003437	0.006418225240520656	0.004838819920769666	0.0008944086021505376	0.011109284213098728	0.003333540796963946	0.003088570404505888	0.0018281435419095738	0.06396544623655914	0.003150281747652103	0.14193592306527336	0.025698643877387257	0.025723786962365592	0.01951201385092036	6.794902429311031e-05	0.0434394424532059	0.001725553447185326	0.0	0.12946067861409796	0.028424301075268818	0.016866159139784946	0.0008935483870967741	0.0034318328445747804	0.003514408602150538	0.0007055913978494623	0.0005589247311827958	0.002791612903225806	0.002175806451612903	0.000887741935483871	0.0066831720430107515	0.0010408602150537634	0.0026460215053763438	0.0	0.0007377956989247312	0.0	0.841547072879331	0.00178752688172043	0.002366236559139785	0.8457834017595307
LC02	0.0011417737667737667	0.00018193394042290476	0.8331675854490511	0.0	0.000618574448807007	0.0019412901340145922	5.5298339431466364e-05	9.253440536674395e-05	0.010498132292453622	0.0007219004186602871	4.4821277793414014e-05	0.0011619567728097674	0.001402774770369853	0.0	7.293344225308282e-05	0.0	0.0008746810207336523	0.0	0.0	0.0012065418977854935	4.6810938940345024e-05	3.1168831168831166e-05	0.0	0.0	0.009605467136741375	0.0007776580206497104	0.0	4.576718138321009e-05	0.0	0.0033501680337206653	0.0021140629503660574	0.0011675478468899522	0.0007092907758464055	0.0011880955589999326	0.0015367599800042847	0.0036442060406698565	0.009832288541075339	3.388711678185362e-05	0.0006578903065745171	0.0	0.0	0.0014930994152046783	0.03464074021953279	0.0002683444976076555	0.007299760765550239	0.0004423336233144845	0.008342105263157895	0.0005586124401913876	0.0004906698564593301	0.0031267942583732057	0.004954904306220095	0.009971052631578946	0.007318421052631579	0.005815311004784689	0.00595921052631579	0.005330622009569378	0.013504784688995214	0.0	0.0	0.012459583450605124	0.011936602870813396	0.0
LC03	0.009533771075150386	0.012466993629285064	0.0018296455730377524	1.003374573756154	0.03077950093210719	0.0032838990623980484	0.0013256561558792795	0.09327828588048993	0.008633073016920567	0.00942960815047022	0.005976318970639457	0.008792595395092423	0.12410800631535593	0.0	0.0	0.0	0.013725391849529782	0.0	0.0	0.046214275806585846	0.0	0.013040723562152133	0.0	0.013690598843033966	0.0003534730242534235	6.527305725127867e-05	0.0	0.0	0.0	0.011042330944917153	0.05658155757827549	0.0	0.00036256100948375066	0.029208437458607447	0.00914390118373649	0.00042676822100313474	0.0023838797088358748	0.0	0.09090139324277255	0.0	0.0	0.18343977011494253	0.001441591370090356	0.008270532915360502	0.03547562695924765	0.03717740096893702	0.014267711598746081	0.02541371473354232	0.0005862068965517243	0.05888197492163009	0.028634326018808776	0.10309004702194358	0.06834521943573668	0.06891771159874607	0.053717789968652035	0.008169278996865204	0.04686951410658308	0.0	0.022851985370950886	0.0010865203761755487	0.04669960815047022	0.06125055571387859
LC04	0.001480642487619232	0.010057120708748616	0.0017672916434850342	0.0008519772128432915	1.0009386044304145	0.0015333308278588716	0.0034453227802749005	0.02062220913107511	0.007979957646053118	0.009278259966777409	0.0	0.004317433841218925	0.0	0.0	0.0	0.0	0.0001904623477297896	0.0	0.0	0.010579745979478434	0.0	0.0015095701403484982	0.0	0.0	0.0	0.00727381780031474	0.0	0.0005966173361522198	0.0	0.0011116279069767442	0.0	0.03861929401993355	0.00017852306657134448	0.005288947639324318	0.030695324044230678	0.00031363164451827244	0.003539624978883946	0.0	0.0016370062753783684	0.0	0.0	0.0006237873754152823	0.005918966191127614	0.0	0.007234219269102991	0.0005422228933856841	0.0	0.0033597840531561464	9.941860465116279e-05	0.003022923588039867	0.0	0.0	0.0008305647840531562	0.0009282392026578073	0.0	0.0008936877076411961	0.005369767441860465	0.0	0.018150073827980805	0.0006943521594684385	0.0	0.0
LC05	0.0007996323647002381	1.4839682771371574e-06	0.0007335393708458723	0.0001854976666335693	3.0403932592715082e-05	0.8028941278843594	5.418995652559668e-05	0.0	0.0007747320790664443	5.506221719457014e-06	0.0003948717948717949	0.0010827211733499765	3.953496053109621e-05	0.0	0.0	0.0	0.0005400188536953242	0.0	0.0	0.0	9.114118477313297e-05	5.2691845969156896e-05	0.0	0.00014881746513038205	0.0015351655155989522	0.00011929507025482258	0.0	0.0	0.0	0.00044124111182934715	6.278144251212997e-05	9.927601809954751e-05	9.896901311644424e-05	0.0	4.4816640778010404e-05	2.458993212669683e-05	0.000249083518674745	0.0	5.811965811965812e-05	0.008221373436252328	0.0	0.0	0.0006312882619110994	0.0	0.0020552036199095024	0.0	0.0	0.0023185520361990947	0.0	0.002233710407239819	0.002197737556561086	0.003343891402714932	0.002353506787330317	0.0007095022624434389	0.0005895927601809955	0.0	0.0041081447963800906	0.0	0.0	0.0	0.002146153846153846	0.0
LC06	0.01124760823040235	0.699759246257643	0.016573352331363166	0.024437313295224045	0.02608566542896228	0.005990783426492769	0.9387799019607843	0.010741377097230645	0.0018641755532622405	0.39473791360294114	0.0030932698961937716	0.013429071331981067	0.001424760269071132	0.0	0.0	0.0	0.005397512254901961	3.8160717278364336e-05	0.0	0.24007571143501646	0.0002736823169634826	0.05446432573029212	0.0	0.0	2.0077399380804955e-05	0.016113394736842104	0.0001923966325660699	0.06840333667557932	0.0	0.0035565557889822596	0.002982116702102528	0.08206473039215686	5.9456440804169765e-05	0.2722381869649268	0.10955943810359965	0.01246985294117647	0.005361714855433699	0.0	0.0032401143790849675	0.0	0.0	0.1309004248366013	0.03483413350634371	0.017723958823529413	0.01092107843137255	0.007474710338680928	0.0030264705882352937	0.003638235294117647	0.0	0.04616213235294118	0.0	0.012976960784313726	0.0	0.016713235294117647	0.025088480392156862	0.004734191176470589	0.03151372549019608	0.0	0.6837254629629629	0.0010838235294117647	0.0028519607843137252	0.6762882352941176
LC07	0.004296266798122468	0.0014936403946347412	0.0029875948305628174	0.04704108037359015	0.02561558036784601	0.0034250711386854503	0.0003265034364261169	0.8409610559039218	0.00022270452764212943	0.012951691365979382	0.34452610673135237	0.005970266619267685	0.0050493528482203325	0.0	0.0	0.0	0.089776456185567	0.0	0.0	0.02538173524313475	0.0	0.0012193298969072166	0.0	0.007205191837602296	0.0049154639175257725	0.0016505208898534996	0.0	0.00019547797563261482	0.0005513705275924803	0.0007566703485517918	0.2909651223450503	0.005270463917525773	0.00014179825133759624	0.0	0.02322093245114633	0.004143282860824742	0.0010316267691770052	0.0	0.0	0.0	0.0029974012027491406	0.007593585337915235	0.01783411158277744	0.0	0.4203649484536082	0.06159930646672914	0.4463028350515464	0.47157757731958766	0.3843387886597938	0.43182796391752576	0.46454999999999996	0.3997854381443299	0.4257988402061855	0.4293953608247423	0.44891005154639174	0.4392479381443299	0.4561230670103093	0.0	0.0	0.43410573074590664	0.46913956185567013	0.0
LC08	0.0059235607469818	0.00020811293466641516	0.008255239374352947	0.0	0.00016756814516912438	0.008643031409594878	0.00010614895080839355	3.156688973292337e-05	0.9640180841968469	0.00091421783625731	0.00016858922906394524	0.002867654769106675	0.02309296538182439	0.0	4.909903484999762e-05	0.0	0.011435438596491227	2.019793072424651e-05	0.0	0.006982580344666978	0.0034340254305488494	0.0	0.0	0.017162108880448543	0.012547761157279163	0.01987210218528778	0.1593043224002034	4.1826156299840504e-05	0.0019377020983832127	0.0022776385407964356	0.003180159233424928	0.0011885672514619881	0.03303945517802946	0.0067035746643604325	0.0023191149515579997	0.0003155519005847953	0.631513737734166	0.004179954515919428	0.0003979207277452892	0.011477720444903108	0.0007722465886939572	0.007208538011695906	0.008101805985552116	0.0	0.0	0.0	0.0	0.0	0.0	0.0	0.004271929824561403	0.0	0.004142690058479532	0.0	0.0	0.0	0.00887017543859649	0.0	0.0	0.0	0.0	0.0
LC09	0.0070878417359667364	0.4653900846774194	0.021688751495215312	0.017585958072100314	0.04994751245847176	0.009043161764705883	0.40442842524509803	0.02389157860824742	0.03221772295321637	0.51409923046875	0.0018210253267973854	0.03456289224137931	0.002408841240875912	0.0	0.0	8.299180327868853e-06	0.007766171875	0.00020451923076923078	0.0	0.26001158738938057	0.0003415905963302752	0.015260871173469387	0.0	0.00021451675257731957	0.0037588355263157894	0.007078357894736842	0.0009793953804347825	0.009059545454545456	0.00028307352941176476	0.009131376488095238	0.01841559487951807	0.078971265625	0.003210292721518988	0.07236200704225351	0.03590565018656717	0.032113271484375	0.02874486228813559	0.0015277893518518518	0.08351221064814815	0.0	2.6588541666666666e-05	0.22338691666666666	0.031627886029411766	0.0110013975	0.00803625	0.004972840909090909	0.0119278125	0.005309687499999999	0.00555453125	0.00806796875	0.0	0.013615312499999999	0.01020859375	0.01588125	0.00804359375	0.005866875	0.003606875	9.395833333333332e-05	0.5221392708333333	0.005984375	0.014103125	0.5215744318181819
LC10	0.0010861564958623783	0.0001394201981868016	0.0006929294492916784	1.3391521707951726e-05	0.0006541046185916227	0.008045090349865437	0.0007772100474176599	0.15536111784920154	0.00030867637503344416	0.000154640522875817	0.8081293476867871	0.002527896777101645	0.0071144840417919	0.0	0.0005283808916520538	0.0	0.0639881045751634	0.0	0.0	0.0014445948290820753	0.0	0.0032240669601173804	0.0	0.00016806145138467758	0.0003574957000343997	0.0005013622291021671	0.0	0.00554852495543672	0.0	0.004887299253034547	0.07491393810536262	0.0009938807189542483	0.0	0.0	0.0012119149351282803	0.0013805453431372549	0.0008490971529854879	0.0	0.0	0.0	0.0	0.00047099491648511254	0.007787908496732027	0.003472836601307189	0.08619477124183006	0.0	0.09200179738562092	0.09758398692810458	0.13975539215686275	0.13412450980392157	0.10898627450980393	0.09288954248366013	0.02895179738562091	0.0454359477124183	0.08820147058823528	0.11226241830065359	0.09965359477124183	0.0	0.0	0.08722549019607843	0.08615424836601307	0.0
LC11	0.0026766019069467345	1.3626992955135336e-05	0.00048151130176538525	4.4760566425251326e-05	0.0	0.006050848806366047	9.25422582826234e-05	0.001282040526128688	0.0024335228876789673	0.002487443965517241	0.0	0.755327514863258	0.005667022401208155	0.0	0.0	0.0042910684002261164	0.00866415804597701	0.0	0.0	0.0007596093988404028	0.0202761531161025	0.0003522026741731175	0.0	0.0	0.007652365154264974	0.058226399274047186	0.13114481259370314	0.0074333973354231975	0.00012394320486815415	0.0006648029556650247	0.0010276510178645617	0.004315379310344827	0.06958737669140114	0.0	0.0001304992279979413	0.003753771551724138	0.004021028638223261	0.0	0.0	0.06007775524002704	0.0	0.0	0.0026115010141987832	0.0	0.0	0.0011793730407523512	0.002503448275862069	0.0	0.0	0.0	0.0005203448275862069	0.0	0.0	0.0	0.0	0.0	0.0	0.0	0.0	0.0	0.0	0.0
LC12	0.009935597902787684	8.958951416686288e-05	0.005438953305626376	0.025134871747934925	0.0	0.0005137166826303794	0.00010726348933734077	0.001711765369854767	0.00036705083877577155	0.000805684306569343	0.0024493726444349026	0.008612806443493581	0.8573293515903885	0.0	0.055360037979941844	0.0014719157592437478	0.010558381995133821	3.678956890635723e-05	0.0	0.010208442607066728	0.0	7.816177565916876e-05	0.0	0.015380449996237491	0.001507721859393008	0.0016767575873991548	0.0	0.0	0.12243970802919707	0.0021343934654153634	0.0	0.011306291970802919	0.002887229049246974	0.0007905212295671841	0.0004325198823401242	0.0014603558394160584	0.0030993418285290113	0.051774353879426874	0.0052726007028926734	0.0	0.060252217153284666	0.0037851094890510944	0.0001779519106912838	0.0	0.0	0.0	0.0	0.0	0.0	0.0	0.0	0.0	0.0	0.0	0.0	0.0	0.0	0.012282684509326845	0.0	0.0	0.0	0.0
LC13	0.0	0.0	0.0	0.0	0.0	0.0	0.0	0.0	0.0	0.0	0.0	0.0	0.0	0.9907568120713306	3.153869316470943e-05	0.0	0.0	0.0	0.0	0.0	0.0	0.0	0.0	0.0	0.0	0.0	0.0	0.0	0.0	0.0	0.0	0.0	0.0	0.0	0.0	0.0	0.0	0.0	0.0	0.0	0.0	0.0	0.0	0.0	0.0	0.0	0.0	0.0	0.0	0.0	0.0	0.0	0.0	0.0	0.0	0.0	0.0	0.0	0.0	0.0	0.0	0.0
LC14	0.0015376770954819733	0.0	0.0	0.0	0.0	0.0	0.0	0.0	0.0	0.0	0.0	0.0	0.003331849741855083	0.0005992472146943691	0.941792068213365	0.029818405970944956	0.0	0.0	0.0	0.0	0.0	0.0	0.0	0.0008799765317240801	0.0	0.0	0.0	0.0	0.33644438067910093	0.0	0.0	0.0	0.00015253679119069672	0.0	0.0	0.0	0.0	0.0001410719662752183	0.0	0.0	0.00014234417344173442	0.0	0.0	0.0	0.0	0.0	0.0	0.0	0.0	0.0	0.0	0.0	0.0	0.0	0.0	0.0	0.0	0.0	0.0	0.0	0.0	0.0
LC15	0.0012392411642411642	0.0	0.0	0.0	0.0	0.0	0.0	0.0	0.0	0.0	0.0	0.0	0.0	0.0	0.00981412768226043	1.0003201827465735	0.0	0.0	0.0	0.0	0.0	0.0	0.0	8.064052729423693e-05	0.0	0.0	0.0	0.0	0.0021749566055930566	0.0	0.0	0.0	0.0	0.0	0.0	0.0	0.0	0.018159699453551913	0.0	0.0	0.0039043032786885245	0.0	0.0	0.0	0.0	0.0	0.0	0.0	0.0	0.0	0.0	0.0	0.0	0.0	0.0	0.0	0.0	0.0	0.0	0.0	0.0	0.0
LC16	0.004275358627858628	0.0013730376344086022	0.003154505582137161	8.089341692789967e-05	0.0005964922480620155	0.00019061463046757165	0.0	0.029036993127147765	0.00020706140350877192	0.0006167708333333334	0.0348186165577342	0.009326129310344827	0.0007502250608272507	2.0129629629629633e-05	0.0	0.0	0.510107423611111	0.0	0.0	0.21654619469026548	0.09740099388379204	0.0002854421768707483	0.0	5.1752577319587625e-05	0.12138854385964913	0.003215315789473684	0.06516835144927537	0.00010142992424242425	0.008322882352941176	0.0004069642857142857	0.0	0.0	0.11319353375527426	0.004147946009389671	0.0022158084577114426	0.003261315104166667	0.003696779661016949	0.010072253086419753	0.0022432407407407405	0.007660588235294118	0.0	0.0	0.0015210294117647058	0.0	0.0	0.0	0.0	0.0	0.0	0.009944375	0.0	0.004291666666666667	0.006833333333333334	0.0	0.0	0.0	0.0	0.0007625925925925926	0.0	0.004378333333333333	0.0	0.0
LC17	0.00011452911491373029	0.0	0.0	0.0	0.0	3.2115094558533475e-05	0.0	0.0	0.0	0.0	0.0	0.0	3.830744275999751e-05	0.0	0.0	0.00034840969595067956	0.0	0.009651939513477975	0.0	0.0	0.0	0.0	0.0	0.0	9.246963562753037e-05	0.0	0.0	0.0	0.0	9.527879527879528e-06	0.0	0.0	0.0	0.0	0.0	0.0	0.0	0.0020082937638493193	0.0	0.0	0.0	0.0	0.0	0.0	0.0	0.0	0.0	0.0	0.0	0.0	0.0	0.0	0.0	0.0	0.0	0.0	0.0	0.0008592592592592593	0.0	0.0	0.0	0.0
LC18	8.761380744139366e-05	0.0	0.0	0.0	0.0	0.0	0.0	0.0	0.0	0.0	0.0	0.0	0.0	0.0	0.0	0.0	0.0	0.0	1.0106262782401902	0.0	0.0	0.0	1.0058823715693175	0.0	0.0	0.0	0.0	0.0	0.0	0.0	0.0	0.0	0.0	0.0	0.0	0.0	0.0	0.0	0.0	0.0	0.0	0.0	0.0	0.0	0.0	0.0	0.0	0.0	0.0	0.0	0.0	0.0	0.0	0.0	0.0	0.0	0.0	0.0	0.0	0.0	0.0	0.0
LC19	0.009643044266185858	0.20069489199733562	0.016907062709065505	0.011426240741254472	0.004511566165877753	0.0030170704360709564	0.1402477095262884	0.009176781315573396	0.016389535786368575	0.19090412610619467	0.0014331193244259356	0.02198488861763808	0.009310057489826239	0.0	0.0	2.344842593935877e-05	0.2453214970501475	8.781484002722941e-05	0.0	0.6965920980499647	0.1438187302102785	0.006334079826620914	0.0	0.015596998449046618	0.06555994410805775	0.001005784816022357	0.1359883705271258	0.004832502011263073	0.004329849036959916	0.004913221660345555	0.0029689092653801042	0.07628225663716814	0.07725979612411785	0.021274086999875357	0.07756095628054417	0.025822317477876108	0.009801964901754914	0.0	0.013627286135693214	0.025059378795766096	0.005434826696165192	0.6586146312684367	0.04240851119208745	0.003376814159292036	0.010136106194690266	0.008302051488334674	0.02693929203539823	0.019947433628318585	0.018068938053097342	0.003801769911504424	0.006608141592920355	0.03566353982300885	0.01598225663716814	0.01492	0.0031150442477876103	0.004251858407079646	0.008013274336283186	0.002327433628318584	0.34290280235988196	0.018338849557522127	0.012690530973451328	0.3003529364440869
LC20	0.0009200080108336989	1.4578277596922166e-05	0.0	0.0	0.0	0.0	0.0	0.0	0.0	0.0	0.0	0.004912179689971528	0.0	0.0	0.0	0.0	0.062349908256880734	0.0	0.0	0.0013886741901437038	0.9876504839659961	0.0001290207826249766	0.0	0.0	0.07291110574601642	0.0	0.09494638013562026	0.0	8.349703184025903e-05	0.0	0.0	0.0	0.04527335965625363	0.0	0.0	0.0014402092889908256	0.0	0.0	0.0	0.22972912394315526	0.0	0.0	0.0	0.0	0.0	0.0	0.0	0.0	0.001436697247706422	0.0	0.0	0.0	0.0	0.0	0.0013165137614678899	0.0	0.0	0.0	0.0	0.0	0.005464220183486239	0.0
LC21	0.005901731193516908	0.012090830370858022	0.003610198466946587	0.007322736869042288	0.030089743033425993	0.0016536245267337703	0.021159288715486196	0.004340737428992215	0.0023268367346938774	0.015549568239795919	0.01279298319327731	0.02013330541871921	0.002728891702666468	0.0	0.0	0.0007579792572766812	0.008728969387755102	2.6085818942961796e-05	0.0	0.013250614050930105	0.0003631061598951507	0.7496786651395251	0.0	0.0	0.010265349087003222	0.01676609022556391	0.010545119787045252	0.7300565166975881	0.0	0.009266574344023323	0.007563653798868945	0.01602408163265306	0.020074709377421857	0.00017980741592411612	0.032147238805970146	0.31418058035714286	0.0038660152196471806	0.0003943310657596372	0.007690306122448979	0.02564545818327331	0.0	0.007515714285714286	0.026802530012004805	0.029432391836734694	0.009589030612244897	0.008038775510204082	0.01609765306122449	0.011674081632653061	0.001113265306122449	0.0	0.0	0.0007424489795918368	0.004572857142857142	0.011241938775510205	0.0014544897959183675	0.022584285714285713	0.01317112244897959	0.0	0.0	0.007213091236494599	0.010510102040816326	0.0
LC22	2.3871398871398874e-05	0.0	0.0	0.0	0.0	0.0	0.0	0.0	0.0	0.0	0.0	0.0	0.0	0.0	0.0	0.0	0.0	0.0	1.0058825650950034	0.0	0.0	0.0	0.9629528738025822	0.0	0.0	0.0	0.0	0.0	0.0	0.0	0.0	0.0	0.0	0.0	0.0	0.0	0.0	0.0	0.0	0.0	0.0	0.0	0.0	0.0	0.0	0.0	0.0	0.0	0.0	0.0	0.0	0.0	0.0	0.0	0.0	0.0	0.0	0.0	0.0	0.0	0.0	0.0
LC23	0.011032106650663351	0.0	0.0	0.0	0.0	3.890469748565564e-05	0.0	0.005981879051971517	0.00035582685235425337	0.0	0.0	0.0	0.00700488373843028	0.0	0.0018468862626770596	0.00011910596586107827	0.0	0.0	0.0	0.00036325152814524226	0.0	0.0	0.0	0.8924946753108726	0.0020186109603906673	0.0	0.0	0.0	0.003634093389933293	0.0	0.0	0.0	0.0017235286441341512	0.0	0.0	0.0	0.00858738423903547	0.011671554028255059	0.0	0.0044690519506771775	0.07956219931271478	0.0	0.0	0.0	0.0	0.0	0.0	0.0	0.0	0.0	0.0	0.0	0.0	0.0	0.0	0.0	0.0	0.07466008018327606	0.0	0.0	0.0	0.0
LC24	0.010053429696903381	6.434182229767968e-05	0.005410221606648199	0.0	0.0	0.0002507978090021434	0.0	0.0	0.0	0.00018025	0.0	0.0	8.503265462927392e-05	0.0	0.0	0.0	0.05609664912280702	0.0	0.0	0.011850628784350255	0.06913645581844519	0.0017570676691729325	0.0	0.008470482908301682	0.7397756121883656	0.0	0.06738618993135012	0.0	0.007467560371517028	0.005227493734335839	0.0005440329740012683	0.0	0.14883577614923385	0.0	0.0	0.00034416118421052634	0.00029477252453166816	0.0020685185185185186	0.0	0.08400732714138287	0.04023350877192983	0.0	0.001541609907120743	0.0	0.0	0.0	0.0	0.0	0.0024010526315789474	0.0	0.0	0.0	0.0	0.0	0.0	0.0	0.0	0.0	0.0	0.0	0.0	0.0
LC25	0.0020792031950979317	8.18788907753254e-06	0.00246202216066482	0.0	9.826892813428921e-06	0.001326625386996904	6.305985552115584e-05	7.80249593054802e-06	0.007176509695290859	0.00010631578947368421	8.414172686618509e-05	0.038109584029038114	0.0008760507107184018	0.0	0.0	0.0	0.0009134991228070175	0.0	0.0	0.00031492314857941314	4.482858522452921e-05	0.0043615961331901175	0.0	0.0	6.938504155124653e-05	0.8059537617728532	0.0	0.007213777511961723	0.0	0.0008370551378446114	0.0003506277742549144	0.002053394736842105	0.0	0.00047750926612305413	0.010750510604870384	0.0002924671052631579	0.0009208920606601248	0.0	0.0009421052631578947	0.0	0.0	0.0008909005847953217	0.023700712074303406	0.0	0.0019531315789473687	0.0	0.0006468421052631579	0.0	0.0	0.005413684210526315	0.004447368421052632	0.00116	0.0003671052631578948	0.0037873684210526317	0.001128421052631579	0.001488421052631579	0.0010003157894736842	0.0	0.0	0.0047831578947368425	0.0029278947368421055	0.0
LC26	0.006055776010123836	0.0	0.0	0.0	0.0	0.0	0.0	0.0	0.0019611873887617594	0.0	0.0	0.03661990254872564	0.0	0.0	0.0	0.0	0.04538531702898551	0.0	0.0	0.01721322624086187	0.1448318009573195	0.0020881211180124224	0.0	0.0	0.14393597254004578	0.0	1.001069825141777	0.00038321393280632413	0.0	0.0	0.000625261917234154	0.0	0.2782051320858558	0.0	0.0	0.010195499320652173	0.002210943257184967	0.0	0.0	0.011133653026427963	0.0	0.0	0.0	0.0	0.0	0.0	0.1301054347826087	0.0	0.0	0.0	0.0	0.0	0.0	0.0020010869565217394	0.0	0.0	0.0	0.0	0.0	0.12277173913043478	0.021190217391304347	0.0
LC27	0.006137119282744283	0.009551123411534702	0.0031309373640713354	0.0038091835280706756	0.04173176155240109	0.001724642122583299	0.0193461876114082	0.0029198336457357077	0.001311661350345561	0.0049423579545454545	0.005277615864527629	0.035441226489028206	0.0007938619774386198	0.0	0.0	0.0	0.008034895833333333	0.0	0.0	0.021819127111826226	5.3065054211843206e-05	0.728771927179963	0.0	0.0	0.012131016746411484	0.015291696172248804	0.08598181818181817	0.9397408316115702	0.0	0.016314715909090907	0.004385147864184009	0.012296875	0.031467045454545456	0.0	0.030356970827679783	0.4010278409090909	0.02160097842835131	0.0	0.01680747053872054	0.056045008912655965	0.0	0.0	0.05806001336898395	0.04598895	0.01620659090909091	0.00870294421487603	0.004499318181818182	0.03541977272727273	0.0	0.0031068181818181815	0.0	0.006940909090909091	0.01630272727272727	0.0046425	0.0	0.008774999999999998	0.0016431818181818182	0.0	0.0	0.004604545454545455	0.020527954545454544	0.0
LC28	0.006041942888589948	0.002113386464263125	0.0	0.0	0.0	0.0	0.0	0.00020525166767738023	0.0	6.733823529411764e-05	0.0	0.0	0.055799750966079864	0.0	0.33403951219512196	0.021633143683702987	0.0018854019607843137	0.0	0.0	0.0	0.0	0.0	0.0	0.01406879320800485	0.002770222910216718	0.0	0.0	0.0	0.5997153356401383	0.0	0.0	0.0037672647058823536	0.007357200297840655	0.0	0.0	0.0	0.0	0.019378997821350764	0.0	0.0	0.024479901960784315	0.0	0.0	0.0	0.0	0.0	0.0	0.0	0.0	0.0	0.0	0.0	0.0	0.0	0.0	0.0	0.0	0.007673529411764706	0.0	0.0	0.0	0.0
LC29	0.002340852885852886	0.0003431899641577061	0.0049316074276600595	0.0	0.0027168367346938776	0.0019226459814695109	9.26704014939309e-06	0.000506308296514482	0.006105623781676413	0.0013751711309523808	0.0024393471833177712	0.003753505747126437	0.003328241223496698	0.0	0.0	0.0	0.0008333928571428573	1.9884004884004884e-05	0.0	0.0010481984829329963	0.0	0.0011233491253644316	0.0	3.675748649975454e-05	0.0051180952380952376	0.0012985087719298246	0.0	0.0064491910173160175	0.0	0.6704386337868481	0.001969053356282272	0.00851721875	0.0	0.0016381623071763916	0.0014102345415778251	0.01691806175595238	0.007326765536723164	5.0352733686067014e-05	0.00013855820105820104	0.0	0.00010228174603174603	0.003079629629629629	0.028623844537815128	0.0019082380952380952	0.0	0.0	0.002935714285714286	0.0	0.0	0.0	0.0	0.0	0.0	0.0	0.0	0.0	0.0	0.0020365079365079366	0.0	0.0	0.0	0.0
LC30	0.006482190591889387	0.000102194584790776	0.004935366345765838	0.038374532613211464	0.000134899731817636	0.008615621217903288	0.0003707417906921805	0.3510432058129425	0.006666391883322765	0.007831859939759036	0.1448743838097488	0.020994707104279187	0.0005712778119778384	0.0	0.0003998530708198648	0.0	0.009805140562248996	0.0	0.0	0.007287914489817678	0.0038719575549906043	0.002059945906073273	0.0	0.0	0.038259720989220036	0.0021588142041851616	0.06032424044002095	0.013506766155531215	0.0	0.00544824727481354	0.8980746116998113	0.0016942168674698795	0.11403196583803568	0.0	0.0022329077504046036	0.002151807228915663	0.0060965284868286715	0.0	0.0	0.04610094495629577	0.0	0.001200722891566265	0.013919985825655564	0.0	0.748668373493976	0.0055572836801752465	0.7493228915662651	0.7214843373493977	0.7574295180722892	0.7247626506024096	0.765430421686747	0.7497948795180723	0.7451168674698796	0.7373349397590361	0.7590183734939759	0.7773864457831327	0.7591524096385542	0.0	0.0	0.7411960311835578	0.7569039156626506	0.0
LC31	0.007027884095634096	0.0036425	0.001608172846889952	0.0	0.03713010797342193	0.0009746266968325793	0.0008187683823529411	0.0	0.0052586842105263164	0.014224890625	0.0	0.011271327586206897	0.01783057208029197	0.0	0.0028941056910569106	0.047324088114754095	0.004340958333333334	0.0	0.0	0.01809929203539823	0.0	0.0025243341836734693	0.0	0.0002492783505154639	0.0012259421052631578	0.004877368421052631	0.0	0.008125241477272727	0.031265926470588234	0.004805177083333333	0.0	0.8893225625	0.002989018987341772	0.0	0.011566641791044777	0.0110858984375	0.014826779661016948	0.1664136574074074	0.011428912037037036	0.0	0.034279583333333336	0.020650666666666668	0.01145033088235294	0.0	0.0	0.0	0.0	0.0	0.0	0.0	0.0	0.0	0.0	0.0	0.0	0.0	0.0	0.002182	0.0	0.0	0.0	0.0
LC32	0.006142177162556909	1.1041241322988976e-05	0.0005674853128217553	0.0	0.0	4.840483418294289e-05	0.0	0.00014179825133759624	0.005452305870160634	7.935917721518987e-05	0.0	0.023212824094281975	7.738335027256768e-05	0.0	0.004917464237933519	0.00016500311267897904	0.053354198312236284	0.0	0.0	0.0015764310518651284	0.027670177679711996	0.0021795660036166365	0.0	0.005564622210622472	0.1619705529646902	0.0	0.2403993670886076	0.0004672612197928653	0.009754728220402084	0.00017362869198312236	0.0186991001982614	0.0	0.40608774234898254	0.0	0.0	0.0039711431962025315	0.0031017592791246513	0.004379906235349273	0.0	0.11134668652271035	0.01185245253164557	0.0	0.0	0.0	0.0	0.0	0.005588607594936709	0.0	0.0	0.010206962025316456	0.0	0.0	0.0	0.0	0.0	0.0	0.0	0.030850745428973276	0.0	0.0	0.0027772151898734177	0.0
LC33	0.007259034874527832	0.12279126457670757	0.045298524159309926	0.037740637555741974	0.03156410088437602	0.004735982410298898	0.17873581193040597	0.0	0.12790520550201798	0.06622581866197183	5.219552609776305e-05	0.0014126177756192326	0.012030698056954867	0.0	0.0	0.0	0.01555362676056338	0.0	0.0	0.08527377539573726	0.0	5.5375107789594705e-05	0.0	0.0	0.0	0.004362075611564121	0.0	0.00018735595390524968	0.0	0.004784741784037558	0.0	0.012715211267605634	0.0	0.9970187859551675	0.002017616144628968	0.01603356073943662	0.06013798042492241	0.0	0.1420806468440271	0.0	0.0	0.0	0.02734308202154101	0.0	0.0	0.0	0.0	0.0	0.0	0.0	0.0	0.0	0.0	0.0	0.0	0.0	0.0	0.0	0.04838802816901409	0.0	0.0	0.04301088348271447
LC34	0.0034602077450584913	0.0019557502808537955	0.0021714703992001716	0.0027503766434286247	0.011103847870283136	0.006073647599108529	0.020343744512730466	0.0061487090321587935	0.006922230950510605	0.0066121529850746265	0.0031612915813091407	0.022249900154400412	0.010043632203943786	0.0	0.0	0.0	0.013529203980099503	0.0	0.0	0.03593759080702681	0.0038757907709160615	0.010603670423393238	0.0	0.0	0.004583424980361351	0.026527351139041633	0.0	0.01419742198100407	0.0	0.004067181947405827	0.0018557813342923934	0.003764626865671642	0.0	0.0	0.8805385386500334	0.003983465485074627	0.010098659246142172	0.0	0.002427805417357656	0.0	0.0	0.0021544278606965175	0.2712933274802458	0.05476764179104478	0.0	0.840052170963365	0.0	0.0018507462686567163	0.003222649253731343	0.003634328358208955	0.0	0.0018298507462686567	0.0	0.0	0.0030025373134328357	0.0	0.004497313432835821	0.0	0.0	0.0015731343283582088	0.0	0.0
LC35	0.004356320328742204	0.002039163306451613	0.006011845843301436	0.0	0.0005057360880398671	0.0007020149886877828	0.0004782781862745098	0.0	0.004016758040935673	0.0036665234375000003	0.0006558006535947713	0.013476077586206897	0.001747776003649635	0.0	0.0005086128048780488	0.0	0.004346380208333334	0.0	0.0	0.005559375	0.021490625	0.34536066645408164	0.0	0.0	0.018054638157894737	0.00597827302631579	0.1044047214673913	0.4393621981534091	0.00016455882352941177	0.011962834821428571	0.008385203313253013	0.01237375	0.06308945806962026	0.0008935519366197183	0.006740741604477612	0.7723817138671875	0.00737125529661017	0.0	0.008790740740740741	0.0077637561274509805	0.0	0.0	0.03511438419117647	0.0	0.00307328125	0.002008167613636364	0.001250546875	0.0	0.019989453125	0.0	0.00292875	0.0031021875	0.0	0.0	0.0	0.0	0.0	0.0	0.0	0.0	0.0	0.0
LC36	0.008968786602769653	0.0	0.010135889222285298	0.0	0.0014693282279407622	0.0011698213053148248	0.009490744433366567	0.0003057137864756247	0.6332933392804043	0.0035921822033898308	0.0006111665004985044	0.004461075394506137	0.008310862303600149	0.0	0.0	6.03500972492359e-05	0.029461836158192093	0.0	0.0	0.004673316334183291	0.0027466645933758357	0.0021524558976132825	0.0	0.04429800803774244	0.029517520071364853	0.008298251561106156	0.12505794030950626	0.014354372110939907	0.0045114057826520435	0.0009090799031476999	0.0008550745354298549	0.00504542372881356	0.03535777730100837	0.0011120792551921699	0.005107614470022768	0.007273622881355932	0.7403670209709854	0.011786220966729441	0.0	0.016697341309405117	0.042909180790960455	0.0	0.01936739780658026	0.0	0.006633050847457627	0.008404930662557781	0.03577288135593221	0.019647457627118645	0.036325423728813554	0.010572881355932201	0.02079661016949152	0.0	0.021213559322033903	0.017369491525423726	0.021556779661016944	0.04849830508474576	0.020898305084745758	0.0	0.0	0.03585762711864407	0.0	0.0
LC37	0.011877536382536382	0.0	0.0	0.0	0.0	0.0	0.0	0.0	0.0	0.0	0.0	0.0	0.05145212219518789	0.0	0.0008958295694068051	0.010063706739526411	0.0019305401234567903	0.0	0.0	0.0	0.0	0.0	0.0	0.04728724704085529	0.0003261208576998051	0.0	0.0	0.0	0.02351171677559913	0.0	0.0	0.13221039351851852	0.0015698077824660105	0.0	0.0	0.0	0.00024193345888261144	0.4574614231824417	0.0	0.0	0.0808721836419753	0.0	0.0	0.0	0.0	0.0	0.0	0.0	0.0	0.0	0.0	0.0	0.0	0.0	0.0	0.0	0.0	0.0	0.0	0.0	0.0	0.0
LC38	0.012496092246092246	0.02587241736360016	0.021807531454899873	0.04000073145245559	0.045681087732250526	0.008680894922071393	0.004163834422657952	0.010771210385643375	0.015503411306042884	0.04572969907407408	0.00013885257806826436	0.048711941251596426	0.0026956609894566103	0.0	0.0	0.0	0.04701313271604938	0.00011400759734093069	0.0	0.012844723041625697	0.0	0.010632142857142857	0.0	0.0	8.485380116959065e-05	0.012220896686159844	0.0	0.024844507575757575	0.0	0.0026673721340388008	0.0011899821508255244	0.0031683101851851855	0.0	0.20719976525821593	0.021991265892758433	0.06957309027777778	0.029762303829252983	0.0	1.0001590534979423	0.0	0.0	0.10517876543209877	0.06729580610021786	0.0	0.0	0.019035606060606062	0.0	0.0	0.0	0.0	0.0	0.0	0.0	0.0	0.0	0.0	0.0	0.0	0.0	0.0	0.0	0.0017505050505050507
LC39	0.002262345603522074	0.0	0.0	0.0	0.0	0.0	0.0	0.0	0.0	0.0	0.0	0.0	0.0	0.0	0.0	0.0	0.0	0.0	0.0	0.0	0.08901476884331715	0.0	0.0	0.0	0.039817750257997934	0.0	0.0	0.0	0.0	0.0	0.0	0.0	0.03375788036733681	0.0	0.0	0.0	0.0	0.0	0.0	0.996558861976163	0.0	0.0	0.0	0.0	0.0	0.0	0.0	0.0	0.0	0.0	0.0	0.0	0.0	0.0	0.0	0.0	0.0	0.21291960784313727	0.0	0.0	0.0	0.0
LC40	0.019822498700623702	0.0	0.0	0.0	0.0	0.0	0.0	0.0033571198453608247	0.0	0.0	0.0	0.0	0.043429069343065695	0.0	7.991192411924119e-05	0.0028881830601092894	0.0	0.0	0.0	0.0	0.0	0.0	0.0	0.09800371563573883	0.03422938596491228	0.0	0.0	0.0	0.02899889705882353	0.0	0.0	0.0	0.0037626582278481014	0.0	0.0	0.0	0.013064830508474576	0.09970343364197531	0.0	0.008485212418300653	0.8887474826388888	0.002563333333333333	0.0	0.0	0.0	0.0	0.0	0.0	0.0	0.0	0.0	0.0	0.0	0.0	0.0	0.0	0.0	0.12342534722222222	0.0	0.0	0.0	0.0
LC41	0.0051249087549087545	0.048350900836320196	0.007286889952153109	0.03828788575409265	0.0	0.0017446254399195575	0.006935468409586056	0.0017497021764032073	0.02836506822612086	0.07390523611111112	0.0009381554103122732	0.012351386973180075	0.002031078669910787	0.0	0.0	0.0	0.0006047962962962962	0.0	0.0	0.6619222222222222	0.0	0.0	0.0	0.0	0.0	0.0	0.0	0.0	0.0020909803921568626	0.006078121693121694	0.0	0.034854500000000004	0.00679324894514768	0.0	0.06617456053067994	0.010417222222222222	0.014703427495291901	0.0	0.0022629629629629627	0.0	0.023459074074074073	0.9691298765432099	0.020978692810457517	0.0	0.0	0.0	0.0	0.0	0.0	0.0	0.0	0.0	0.0	0.0	0.0	0.0	0.0	0.020156790123456787	0.0	0.0	0.0	0.0
LC42	0.003818796624678978	0.0002774762808349146	0.03271594427244582	0.00014976950027659967	0.0015603478600742624	0.004192946499866915	0.0010873125720876585	0.0002777319587628866	0.01936339869281046	0.0015171139705882353	0.0	0.010797849898580122	0.0004337483898668956	0.0	0.0	0.0	0.007724926470588235	0.0	0.0	0.009274492451847997	0.00027075013491635185	0.006837785114045618	0.0	0.0	0.007119009287925697	0.03425193188854489	0.0	0.01569038770053476	0.0	0.02885483193277311	0.0006669737774627923	0.0	8.049143708116157e-05	0.0	0.14861470588235293	0.032440487132352945	0.024508723828514458	0.0	0.0	0.0	0.0	0.0	0.4755096020761246	0.0	0.018964705882352943	0.10523034759358288	0.0	0.0	0.0	0.0	0.0	0.0	0.0	0.0	0.0	0.0	0.0	0.0	0.0	0.0	0.0	0.0
LC43	0.019228259875259876	7.123440860215053e-05	0.002140133971291866	0.01597241379310345	0.0	0.007308868778280543	0.0005495294117647059	0.0004189690721649485	0.00034042105263157904	0.0007611749999999999	0.0003690588235294118	0.0009911558620689655	0.004848175182481752	0.0	0.0	0.0	0.0	0.0	0.0	0.0006962831858407079	0.0	0.003858612244897959	0.0	0.0	0.0	0.0	0.0	0.002850909090909091	0.0	0.0010336190476190475	0.0	0.0	0.0	0.0	0.03137008955223881	0.007476625	0.0022888813559322034	0.0	0.0	0.0	0.0	0.0	0.0	1.0000112	0.0	0.0	0.0	0.0	0.0	0.0	0.0	0.0	0.0	0.0	0.0	0.0	0.0	0.0	0.0	0.0	0.0	0.0
LC44	0.01303932345807346	0.0	0.007770275119617225	0.0009177899686520378	0.0016187707641196014	0.004979185520361991	0.0	0.42264961340206186	0.010175438596491228	0.0029512500000000003	0.21849531590413943	0.008858689655172414	0.0	0.0	0.0	0.0	0.009641666666666666	0.0	0.0	0.005011504424778762	0.020011009174311926	0.0	0.0	0.0	0.06144065789473684	0.0036665789473684213	0.18590978260869565	0.00729090909090909	0.0048494117647058825	0.0005839285714285715	0.7522213855421688	0.0	0.14943955696202532	0.0	0.0	0.039191796875	0.006896610169491526	0.0	0.0	0.0	0.0	0.0	0.0	0.0	1.001	0.0	0.8581	0.8027000000000001	0.9917000000000001	0.8058	0.9955999999999999	0.9879999999999999	0.8404000000000001	0.8375999999999998	0.8732000000000001	0.9787000000000002	0.8713187499999999	0.0	0.0	0.84	0.9985	0.0
LC45	0.001293101493101493	0.0	0.0016770226185297958	0.002620148190367626	0.0	0.0	0.0	0.026179076850984064	0.007229824561403509	0.0009247727272727272	0.0	0.0014653918495297804	0.0	0.0	0.0	0.0	0.01513636363636364	0.0004115384615384615	0.0	0.0	0.0019527105921601335	0.0010711502782931354	0.0	0.002100468603561387	0.000681244019138756	0.0311666028708134	0.0	0.012754907024793389	0.0	0.0014399891774891775	0.00516013143483023	0.0	0.0	0.0	0.8369814789687925	0.0026546164772727272	0.01294668721109399	0.0	0.0	0.0	0.0	0.0	0.14271002673796793	0.0	0.0	1.00151652892562	0.0	0.0	0.0	0.0	0.0	0.0	0.0	0.0	0.0	0.0	0.0	0.0	0.0	0.0	0.0	0.0
LC46	0.015268840956340957	0.0007193978494623656	0.009387224880382775	0.0	0.0033766445182724252	0.014699547511312217	0.0	0.4378684278350516	0.005522222222222223	0.0025075	0.2169374183006536	0.0	0.0	0.0	0.0	0.0	0.022135416666666664	0.0	0.0	0.03418119469026548	0.014516513761467892	0.0	0.0	0.0	0.11816894736842105	0.01379178947368421	0.24581440217391304	0.0	0.006082352941176471	0.0009666666666666666	0.7514518072289158	0.0	0.22519145569620252	0.0	0.01910597014925373	0.029153125000000002	0.04436864406779661	0.0	0.0	0.0	0.0	0.0	0.00375	0.0	0.8581	0.0	1.001	0.9448000000000001	0.8747	0.9505000000000001	0.8648	0.8452	0.9902	0.99	0.9839	0.917	0.9854	0.0	0.0	0.9879	0.8591999999999999	0.0
LC47	0.0173260395010395	0.001910537634408602	0.015232595693779905	0.0	0.0007840531561461794	0.01133710407239819	0.0	0.39023311855670106	0.019997748538011697	0.00430375	0.18675339869281046	0.006133620689655173	0.0	0.0	0.0	0.0	0.031156250000000003	0.0	0.0	0.0058509734513274335	0.006113761467889908	0.0	0.0	0.0	0.1241578947368421	0.0014178947368421052	0.18856195652173913	0.00885625	0.0028376470588235294	0.0022470238095238094	0.7240460843373493	0.0	0.2356506329113924	0.0	0.0023186567164179108	0.023453125	0.056357627118644074	0.0	0.0	0.0	0.0	0.0	0.017051470588235293	0.0	0.8027000000000001	0.0	0.9448000000000001	1.001	0.7825	0.9971	0.8177999999999999	0.7908937500000001	0.9625999999999999	0.9595	0.9163	0.8227	0.9158	0.0	0.0	0.9681999999999998	0.8077500000000001	0.0
LC48	0.012923009355509354	0.0022419354838709676	0.0016490430622009568	0.0	0.0	0.0023748868778280543	0.0011323529411764706	0.3820618556701031	0.007509239766081871	0.0052135	0.25891356209150324	0.009453637931034483	0.0	0.0	0.0	0.0	0.030024166666666668	0.0	0.0	0.017715929203539822	0.04609311926605504	0.0	0.0	0.0	0.09225052631578948	0.005649473684210526	0.16469619565217392	0.014317897727272728	0.006555294117647059	0.0	0.7580313253012048	0.0	0.1069246835443038	0.0	0.0	0.0022875	0.03648661016949153	0.0	0.0	0.0	0.0	0.046239999999999996	0.0429610294117647	0.0	0.9917000000000001	0.0	0.8747	0.7825	1.001	0.7886	0.99	0.9911	0.849	0.8472	0.892	0.9829000000000001	0.893	0.0	0.0	0.8422499999999999	0.9963	0.0
LC49	0.015757302494802495	0.0	0.002020633971291866	0.10303130094043886	0.012459302325581395	0.010737556561085973	0.0024627450980392153	0.4920123711340206	0.0499827485380117	0.003326875	0.39217843137254904	0.015622758620689656	0.0	0.0	0.0	0.0	0.043107458333333334	0.0	0.0	0.0011369026548672567	0.012972018348623854	0.0	0.0	0.0	0.09365652631578947	0.0	0.17311929347826086	0.013937499999999997	0.004639411764705883	0.005520238095238095	0.7254036144578313	0.0	0.20777151898734178	0.0	0.0	0.0	0.04543262711864407	0.0	0.0	0.0	0.0	0.0	0.030101470588235296	0.0	0.8058	0.0	0.9505000000000001	0.9971	0.7886	1.001	0.8191	0.793925	0.9665000000000001	0.9652375000000001	0.9213000000000001	0.8297000000000001	0.9204000000000001	0.0	0.0	0.9728000000000001	0.8110875	0.0
LC50	0.012889449064449063	0.0	0.0007698564593301434	0.0023796865203761755	0.000774750830564784	0.0	0.003266323529411765	0.4448144329896907	0.0065213450292397656	0.002074375	0.23597254901960785	0.00894291379310345	0.0	0.0	0.0	0.0	0.022492166666666667	0.0	0.0	0.0	0.037464220183486246	0.007413061224489796	0.0	0.0	0.09733421052631579	0.0031468421052631575	0.19238695652173912	0.0	0.005863529411764706	0.008618452380952381	0.7683828313253012	0.0	0.13236113924050633	0.0	0.0	0.0146046875	0.034505084745762714	0.0	0.0	0.0	0.0	0.04730666666666667	0.03285882352941177	0.0	0.9955999999999999	0.0	0.8648	0.8181	0.99	0.8191	1.001	0.9864	0.8484	0.8457000000000001	0.8773	0.9879999999999999	0.8751999999999999	0.0	0.0	0.8483	0.9958	0.0
LC51	0.010381548856548855	0.0	0.008082583732057416	0.0	0.00040033222591362124	0.010037556561085974	0.0	0.42878247422680416	0.0	0.00179234375	0.23251307189542483	0.005271758620689655	0.0	0.0	0.0	0.0	0.014074583333333331	0.0	0.0	0.048136283185840706	0.07975045871559633	0.0	0.0	0.0	0.11034315789473684	0.013407368421052631	0.1811991847826087	0.0	0.005501176470588236	0.01086547619047619	0.7540509036144578	0.0	0.22065063291139242	0.0	0.0016634328358208956	0.0057203125	0.009427118644067797	0.0	0.0	0.0	0.0	0.0	0.004238235294117647	0.0	0.9879999999999999	0.0	0.8452	0.7909124999999999	0.9911	0.793925	0.9864	1.001	0.8282	0.8288	0.8564	0.9791000000000001	0.85495	0.0	0.0	0.8280999999999998	0.9879	0.0
LC52	0.014857338877338876	0.0	0.005764892344497607	0.0	0.009797923588039869	0.003083710407239819	0.0	0.4209755154639175	0.004424561403508772	0.001101875	0.12530676470588237	0.003276379310344828	0.0	0.0	0.0	0.0	0.02243125	0.0	0.0	0.019350442477876106	0.0	0.0	0.0	0.0	0.1384107894736842	0.008841052631578947	0.19292499999999999	0.0	0.005425882352941176	0.005707142857142857	0.7461876506024097	0.0	0.25937753164556965	0.0	0.0	0.0008750000000000001	0.06660338983050848	0.0	0.0	0.0	0.0	0.0	0.034979411764705884	0.0	0.8404000000000001	0.0	0.9902	0.9625999999999999	0.849	0.9665000000000001	0.8484	0.8282	1.001	0.9993000000000001	0.9689	0.8904	0.969	0.0	0.0	0.9983000000000001	0.8423999999999999	0.0
LC53	0.01986577442827443	0.0007760215053763441	0.006249401913875598	0.0	0.006064800664451827	0.006537556561085972	0.002245196078431372	0.4354034793814433	0.013994152046783625	0.0026637500000000003	0.14104411764705885	0.0	0.0	0.0	0.0	0.0	0.02140833333333333	0.0	0.0	0.02272654867256637	0.0031376146788990823	0.010861224489795918	0.0	0.0	0.11136947368421053	0.007053052631578948	0.1993217391304348	0.013474999999999997	0.006056470588235294	0.00435	0.7401340361445783	0.0	0.2251032911392405	0.0	0.0	0.007353203125000001	0.059533898305084744	0.0	0.0	0.0	0.0	0.0	0.04350588235294117	0.0	0.8375999999999999	0.0	0.99	0.9602	0.8472	0.9652375	0.8457000000000001	0.8288	0.9993000000000001	1.001	0.9681	0.8887	0.9684000000000001	0.0	0.0	0.9966999999999999	0.8398999999999999	0.0
LC54	0.01105831600831601	0.0	0.018967990430622007	0.0	0.003434485049833887	0.002236425339366516	0.0	0.4045860824742268	0.0029328947368421053	0.0032868749999999994	0.21228676470588237	0.0017875862068965516	0.0	0.0	0.0	0.0	0.008588333333333333	0.0	0.0	0.001795575221238938	0.03388761467889908	0.0	0.0	0.0	0.11047178947368422	0.0049499999999999995	0.1470483695652174	0.0	0.0	0.0076788095238095235	0.7616234939759037	0.0	0.1123506329113924	0.0	0.0	0.005151171875000001	0.031157627118644067	0.0	0.0	0.0	0.0	0.0	0.0	0.0	0.8732000000000001	0.0	0.9839	0.9163	0.892	0.9213000000000001	0.8773	0.8564	0.9689	0.9681	1.001	0.9305	0.9991	0.0	0.0	0.9659000000000001	0.8744	0.0
LC55	0.010567281704781707	0.0	0.010685645933014354	0.009349529780564263	0.002712624584717608	0.0031977375565610867	0.0022960784313725492	0.44020193298969074	0.0	0.0031304687500000004	0.3832312091503268	0.0016082758620689654	0.0	0.0	0.0	0.0	0.012943958333333335	0.0	0.0	0.007207699115044248	0.004219266055045872	0.0013724489795918368	0.0	0.0	0.0922957894736842	0.007058157894736843	0.17049347826086955	0.0	0.006501176470588235	0.0	0.7796084337349398	0.0	0.20733810126582278	0.0	0.0	0.0	0.029337288135593213	0.0	0.0	0.0	0.0	0.0	0.031211764705882356	0.0	0.9787000000000001	0.0	0.917	0.8227	0.9829000000000001	0.8297000000000001	0.9879999999999999	0.9791000000000001	0.8904	0.8887	0.9305	1.001	0.93	0.0	0.0	0.885	0.9806000000000001	0.0
LC56	0.012616782744282745	0.0	0.009626076555023923	0.011062570532915362	0.0	0.005430995475113122	0.006436274509803922	0.4239912371134021	0.0010935672514619883	0.005573125	0.2506083333333333	0.018714172413793105	0.0	0.0	0.0	0.0	0.004359166666666667	0.0	0.0	0.013859513274336283	0.03767981651376147	0.0	0.0	0.0	0.05542342105263158	0.012098947368421053	0.14065135869565218	0.009272727272727273	0.0	0.013306666666666666	0.761232530120482	0.0	0.12988278481012658	0.0	0.0	0.013339062500000002	0.050101694915254236	0.0	0.0	0.0	0.0	0.0	0.0018985294117647058	0.0	0.87131875	0.0	0.9854	0.9158	0.893	0.9204000000000001	0.8751999999999999	0.8549125	0.969	0.9684000000000001	0.9991	0.93	1.001	0.0	0.0	0.9658000000000001	0.8728999999999999	0.0
LC57	0.007868351235851237	0.0	0.0	0.0	0.0	0.0	0.0	0.0	0.0	0.0	0.0	0.0	0.003244322789943228	0.0	0.0	0.0	0.0	0.0	0.0	0.0	0.0	0.0	0.0	0.10163510882016037	0.0	0.0	0.0	0.0	0.000844248366013072	0.0	0.0	0.0	0.011024036568213783	0.0	0.0	0.0	0.0	0.0	0.0	0.20076525054466232	0.14077395833333334	0.0	0.0	0.0	0.0	0.0	0.0	0.0	0.0	0.0	0.0	0.0	0.0	0.0	0.0	0.0	0.0	1.001762962962963	0.0	0.0	0.0	0.0
LC58	0.005556075306075306	0.8395245400238949	0.0069893009037745885	0.0	0.12063512366186785	0.00020852187028657615	0.6954525599128539	0.0	0.017632456140350874	0.5018785069444445	0.0	0.0025186590038314177	0.0	0.0	0.0	0.0	0.014143055555555555	0.0	0.0	0.3254699115044248	0.0	0.003049319727891156	0.0	0.0	0.0	0.0	0.0	0.014297979797979797	0.0	0.0	0.0	0.08740284722222222	0.0	0.1959335680751174	0.021308540630182424	0.02572777777777778	0.0	0.0	0.006922530864197532	0.0	0.0	0.05360530864197531	0.0	0.010122666666666667	0.0	0.0	0.0	0.0	0.0	0.0	0.0	0.0	0.0	0.0	0.0	0.0	0.0	0.0	1.0012888888888887	0.0	0.0	1.0003888888888888
LC59	0.015373957441604502	0.00033075268817204297	0.007590669856459329	0.0	0.006147606019151847	0.003993558690444504	0.0	0.438020648878108	0.009534915720674234	0.0022825000000000002	0.1512643598615917	0.0015379310344827586	0.0	0.0	0.0	0.0	0.023897500000000002	0.0	0.0	0.029134565330557	0.008755963302752292	0.0	0.0	0.0	0.11205238390092878	0.00598421052631579	0.1913900895140665	0.0	0.005790588235294118	0.004101190476190476	0.7414334514528703	0.0	0.24694400595681312	0.0	0.0	0.01345203125	0.051466001994017956	0.0	0.0	0.0	0.0	0.0	0.048614705882352935	0.0	0.84	0.0	0.9879	0.9682	0.8422499999999999	0.9728000000000001	0.8483	0.8280999999999998	0.9983	0.9960000000000001	0.9658999999999999	0.885	0.9658000000000001	0.0	0.0	1.001	0.842125	0.0
LC60	0.015823024948024948	0.0	0.02029029605263158	0.0	0.002806312292358804	0.0068147058823529415	0.0	0.44498427835051546	0.02565204678362573	0.0026340624999999997	0.1928294117647059	0.011866862068965518	0.0	0.0	0.0	0.0	0.013812208333333334	0.0	0.0	0.008028761061946903	0.02965412844036697	0.0	0.0	0.0	0.10664776315789473	0.01778873684210526	0.18918478260869567	0.0143	0.006011764705882353	0.0	0.7618710843373493	0.0	0.13803227848101265	0.0	0.0	0.0300571875	0.02180254237288136	0.0	0.0	0.0	0.0	0.0	0.0	0.0	0.9985	0.0	0.8591937499999999	0.80775	0.9963	0.8110750000000001	0.9958	0.9879	0.8424125	0.8398999999999999	0.8744	0.9806000000000001	0.8728999999999999	0.0	0.0	0.8421249999999999	1.001	0.0
LC61	0.005064647514647514	0.840245650048876	0.014505002174858634	0.0	0.056507429779522805	0.0022932949403537644	0.7219758021390373	0.0	0.03313795853269537	0.5048905113636363	0.0	0.029835548589341697	0.0	0.0	0.0	0.0	0.015348333333333332	0.0	0.0	0.4380019308125503	0.0	0.0034580705009276433	0.0	0.0	0.0	0.0038342583732057416	0.0	0.028626446280991733	0.0	0.0	0.0	0.05559443181818182	0.0	0.2648857874519846	0.0	0.03275724431818182	0.021789830508474578	0.0	0.04492575757575757	0.0	0.0	0.3983266666666667	0.0	0.018927272727272723	0.0	0.0	0.0	0.0	0.0	0.0	0.0	0.0	0.0	0.0	0.0	0.0	0.0	0.0	1.0003888888888888	0.0	0.0	1.003
