StruCluster	SC02	SC03	SC04	SC05	SC06	SC07	SC08	SC09	SC10	SC11	SC12	SC15	SC16	SC17	SC18	SC20	SC21	SC22	SC23	SC24	SC25	SC26	SC27	SC28	SC29	SC30	SC33	SC34	SC35	SC36	SC37	SC38	SC39	SC42	SC43	SC44	SC45	SC46	SC47	SC48	SC49	SC50	SC51	SC52	SC53	SC54	SC55	SC56	SC57	SC58	SC59
SC02	0.45787027777777783	0.005093676122931442	0.02548064516129032	0.0	0.01136039094650206	0.020939651741293534	0.0038803846153846154	0.021802272727272726	0.0030917708333333335	0.0010351851851851852	0.005379526748971193	0.0	0.013104166666666665	0.025616666666666666	0.0034260162601626016	0.0	0.0	0.0	0.015144871794871796	0.007745802005012531	0.00763483606557377	0.00035920289855072464	0.023227014925373133	0.002626190476190476	0.016083760683760683	0.01825516039051604	0.012173397435897437	0.0	0.0	0.0	0.017394586894586894	0.00867037037037037	0.006710689655172414	0.009360714285714286	0.0008745098039215686	0.0	0.0	0.0	0.0	0.0	0.0	0.0	0.0	0.0	0.0	0.026376078431372546	0.004205813953488372	0.00046854166666666675	0.01768849765258216	0.032037318840579705	0.0028749999999999995
SC03	0.0038530260047281322	0.16188530204718074	0.004548500343170899	0.030272209492635024	0.04092823833289554	0.023349003563741578	0.0375049601745772	0.02022682140554481	0.02953756205673759	0.007947029156816391	0.003991258208563173	0.04033879432624113	0.04581973995271867	0.019716264775413713	0.04313596955544023	0.0	0.0	0.0	0.018908304540219432	0.028191155548445583	0.07987575630740612	0.023956108541473942	0.03432064835397481	0.013305612968591691	0.035030083651573014	0.010364117926347964	0.00485562193126023	0.0	0.0	0.0	0.015554737224949992	0.11966790189125297	0.004852897040841281	0.03937553191489362	0.029553245723821443	0.0	0.0	0.0	0.0	0.0	0.0	0.0	0.0	0.0	0.0	0.019843148101793908	0.03638922975424707	0.034197970449172575	0.009747050244730797	0.015175729263028062	0.03742657821798321
SC04	0.018148790322580644	0.00676901166781057	0.4381136966701352	0.007766377171215881	0.008111164874551971	0.012487791686727652	0.007759032258064516	0.014739296187683285	0.021634927419354837	0.00657128733572282	0.018242692154520113	0.005933870967741935	0.008978225806451613	0.003467741935483871	0.013186664044059795	0.0	0.0	0.0	0.009620088227185	0.01800210768857628	0.00995339767318879	0.0028582748948106592	0.10288160327395282	0.006739400921658986	0.014494640198511165	0.03512768659738156	0.03502617866004963	0.0	0.0	0.0	0.008300150261924455	0.022805855734767025	0.008942338153503893	0.00502860599078341	0.0051785578747628085	0.0	0.0	0.0	0.0	0.0	0.0	0.0	0.0	0.0	0.0	0.03238335863377609	0.007860982745686421	0.0025039381720430107	0.01883811903680145	0.0369758239831697	0.004145279013718947
SC05	0.0	0.03588609929078014	0.007336600496277916	0.4286	0.003768850902184235	0.012781109835438193	0.02334303550295858	0.0038692307692307698	0.007181846153846154	0.0007548433048433048	0.003992687559354226	0.312296923076923	0.0	0.0	0.01364891181988743	0.0	0.0	0.0	0.002610190664036818	0.006174702139965298	0.007406052963430013	0.005765886287625418	0.023516320321469573	0.024235164835164837	0.01957475345167653	0.028939510782104924	0.0	0.0	0.0	0.0	0.007224589086127548	0.072773547008547	0.00983023872679045	0.006377472527472528	0.0383	0.0	0.0	0.0	0.0	0.0	0.0	0.0	0.0	0.0	0.0	0.022311493212669682	0.005288193202146691	0.00014737179487179486	0.035586652221018415	0.014041739130434782	0.005517595048629531
SC06	0.008907818930041153	0.03576984940022765	0.005180752688172043	0.003983570750237417	0.11224391098917848	0.10687845709722989	0.03820454890788224	0.05782008978675646	0.012090324074074075	0.0093579561042524	0.003361179698216735	0.007397037037037037	0.029836049382716046	0.01387201646090535	0.030433700692562484	0.0	0.0	0.0	0.073995452147304	0.015710536526501437	0.028386711192066382	0.019330526033279657	0.03900984890363	0.006097354497354498	0.05802450142450142	0.008452284725450695	0.007623931623931625	0.0	0.0	0.0	0.10235816186556927	0.03801642661179698	0.0026119821200510855	0.054860149911816584	0.011889324618736385	0.0	0.0	0.0	0.0	0.0	0.0	0.0	0.0	0.0	0.0	0.07305788671023965	0.02443371231696813	0.01132372839506173	0.01339926099808729	0.018596900161030595	0.014168894565063147
SC07	0.016372139303482587	0.021079114004445856	0.008707964211202054	0.008451090700344431	0.1106346459062711	0.17760959852478897	0.01996600420972063	0.08291322478516508	0.01129462064676617	0.012337575087525336	0.004124083287267367	0.009109691542288557	0.04056185737976783	0.007964510779436152	0.02410564251911176	0.0	0.0	0.0	0.14277192456520815	0.01453717876781506	0.03261592039800995	0.0056954877784988105	0.06896872540283656	0.005356005685856432	0.10933446868222987	0.014211188825745747	0.0109869613471106	0.0	0.0	0.0	0.16813741931368795	0.03808471531232725	0.0038781959169668897	0.07965881307746979	0.017175797483172373	0.0	0.0	0.0	0.0	0.0	0.0	0.0	0.0	0.0	0.0	0.14363524553702078	0.01572437116741872	0.004253708126036484	0.018429966365356317	0.02953532338308458	0.013179997712586492
SC08	0.0036017307692307694	0.038862905073649756	0.005783672456575683	0.025207869822485206	0.038476327635327635	0.019613921546115576	0.41022208875739646	0.02128	0.005813875	0.011933643874643874	0.004817217473884141	0.029078569230769236	0.01782197435897436	0.024150410256410255	0.035172878048780484	0.0	0.0	0.0	0.009992353714661407	0.03877835049161365	0.03940372761664565	0.015524541806020068	0.007527630884041332	0.053044153846153845	0.023066587771203156	0.009196906662375283	0.0047032840236686385	0.0	0.0	0.0	0.007450088099934254	0.04569461538461538	0.004164631299734748	0.031022417582417583	0.04652963800904977	0.0	0.0	0.0	0.0	0.0	0.0	0.0	0.0	0.0	0.0	0.022249610859728507	0.05049679069767442	0.014865407051282052	0.014864146262188516	0.016360580267558527	0.03299596949602122
SC09	0.012093181818181819	0.014886034816247583	0.013659384164222875	0.0	0.06690852974186307	0.09126976028946178	0.03203216783216783	0.3685950413223141	0.011207727272727274	0.018072390572390573	0.0010113355780022447	0.004383636363636364	0.029783333333333332	0.03707272727272727	0.05536319290465632	0.0	0.0	0.0	0.11104693084693085	0.015020232399179767	0.035619672131147535	0.006595652173913044	0.04490312075983718	0.008896103896103897	0.06810060606060606	0.02394790414606314	0.005861888111888112	0.0	0.0	0.0	0.06769906759906759	0.019818181818181818	0.01832319749216301	0.03972077922077922	0.04158823529411765	0.0	0.0	0.0	0.0	0.0	0.0	0.0	0.0	0.0	0.0	0.11552352941176469	0.04623509513742072	0.0040641666666666664	0.013494366197183099	0.01597094861660079	0.012062277951933124
SC10	0.0020860416666666666	0.024564550531914895	0.009016048387096774	0.0037609615384615385	0.012554706790123457	0.012681044776119402	0.0036795576923076925	0.010454318181818181	0.5186450781249999	0.0007257407407407407	0.001027638888888889	0.002894	0.007004375	0.0036987499999999998	0.006508932926829268	0.0	0.0	0.0	0.015777222222222224	0.008134793233082707	0.009014467213114755	0.0009047826086956522	0.026979356343283585	0.0012567857142857142	0.013221762820512819	0.0057155805439330545	0.0007092788461538461	0.0	0.0	0.0	0.017445470085470087	0.07179899305555557	0.00047662931034482753	0.01003955357142857	0.033330294117647055	0.0	0.0	0.0	0.0	0.0	0.0	0.0	0.0	0.0	0.0	0.018583926470588236	0.005198953488372093	0.0005335520833333334	0.00325718661971831	0.006363396739130435	0.0038664080459770113
SC11	0.0010351851851851852	0.006455011820330969	0.004188470728793309	0.0004628205128205128	0.01072249657064472	0.011672765800626496	0.008619883190883191	0.013586868686868689	0.0008656712962962963	0.5450574417009603	0.0009580704160951075	0.0	0.011183950617283951	0.0	0.021582357723577236	0.0	0.0	0.0	0.006550102880658437	0.021667626009468116	0.006918336369156041	0.007079951690821256	0.004157683803206191	0.003265873015873016	0.009093874643874645	0.003781448938478227	0.0019334757834757836	0.0	0.0	0.0	0.009705571383349161	0.0027356995884773665	0.0011568326947637292	0.00751005291005291	0.0016712418300653595	0.0	0.0	0.0	0.0	0.0	0.0	0.0	0.0	0.0	0.0	0.004947254901960784	0.0105656330749354	0.005048501543209876	0.0034430099113197704	0.0016335346215781	0.012300779054916987
SC12	0.012042304526748971	0.004893047894229927	0.029876901632815613	0.0047323266856600195	0.0028502179545800946	0.0036369264787175235	0.004964472934472934	0.0007285072951739619	0.003312808641975309	0.0	0.516696159122085	0.00214241975308642	0.00092119341563786	0.0	0.0038302800361336947	0.0	0.0	0.0	0.00220073863036826	0.0928216968346793	0.024760089050799433	0.0006048309178743962	0.014111378293716602	0.002781305114638448	0.004322823678379234	0.018351134872669043	0.023598670465337132	0.0	0.0	0.0	0.005290572966128522	0.007906399176954732	0.006896662409535973	0.0017920634920634924	0.0027398692810457516	0.0	0.0	0.0	0.0	0.0	0.0	0.0	0.0	0.0	0.0	0.007617327523602033	0.0017858168245765145	7.811728395061728e-05	0.12847637628238567	0.025351604938271606	0.003994593444018732
SC15	0.0023316666666666668	0.04426883687943263	0.0016058064516129033	0.3156476923076923	0.012192345679012345	0.011228358208955224	0.027143800000000003	0.004383636363636364	0.005017499999999999	0.0	0.008560493827160495	0.46774799999999994	0.0	0.0	0.03998946341463415	0.0	0.0	0.0	0.004633846153846153	0.008929097744360903	0.010305573770491804	0.009781739130434782	0.01795749253731343	0.025845714285714284	0.019814871794871798	0.016951497907949788	0.0018515384615384613	0.0	0.0	0.0	0.003714358974358974	0.07736833333333333	0.009110344827586207	0.018005714285714285	0.03541647058823529	0.0	0.0	0.0	0.0	0.0	0.0	0.0	0.0	0.0	0.0	0.03258588235294117	0.007368372093023256	0.017195166666666668	0.0361056338028169	0.015182173913043478	0.009768735632183908
SC16	0.013094444444444443	0.04548617021276596	0.007679301075268818	0.0026692307692307692	0.031118312757201644	0.04292172470978441	0.01793958974358974	0.014393939393939395	0.007489645833333333	0.010661111111111113	0.0018292181069958849	0.0	0.2642777777777778	0.04691666666666667	0.031606504065040654	0.0	0.0	0.0	0.02466851851851852	0.02574484962406015	0.02733551912568306	0.01231014492753623	0.019008743781094524	0.0	0.026596581196581193	0.005294630404463041	0.0018205128205128207	0.0	0.0	0.0	0.052501837606837604	0.016288425925925925	0.0034493333333333333	0.03357023809523809	0.008355882352941177	0.0	0.0	0.0	0.0	0.0	0.0	0.0	0.0	0.0	0.0	0.04059294117647059	0.01202170542635659	0.002835277777777778	0.007290610328638498	0.009682246376811593	0.015609865900383144
SC17	0.025616666666666666	0.0236786524822695	0.002783333333333334	0.0	0.014439094650205762	0.00962620232172471	0.026466820512820514	0.03707272727272728	0.0037012499999999997	0.0011716049382716049	0.0	0.0	0.04778888888888889	0.6	0.007033333333333333	0.0	0.0	0.0	0.001262108262108262	0.014384962406015037	0.0339775956284153	0.0030188405797101445	0.0035932835820895524	0.0122	0.022611111111111113	0.0	0.0	0.0	0.0	0.0	0.0	0.004012962962962963	0.000863448275862069	0.007449999999999999	0.011907843137254901	0.0	0.0	0.0	0.0	0.0	0.0	0.0	0.0	0.0	0.0	0.010773333333333334	0.04022945736434108	0.003131944444444444	0.0041807511737089196	0.004011594202898551	0.011235440613026818
SC18	0.004867886178861788	0.04181593495934959	0.006555157356412274	0.009961613508442777	0.02956264077085215	0.023680936779517048	0.03297522701688555	0.06058314855875832	0.007658445121951219	0.020698929539295394	0.006749202047576032	0.02134419512195122	0.0290020325203252	0.008293170731707317	0.12526198691255205	0.0	0.0	0.0	0.010649593495934959	0.053547480286081056	0.02723386645341863	0.028731802757158007	0.015621132144157264	0.01494459930313589	0.02382319574734209	0.014317544647413001	0.012462054409005628	0.0	0.0	0.0	0.013865144882218051	0.033730420054200544	0.0067121968040370055	0.01589163763066202	0.015539598278335722	0.0	0.0	0.0	0.0	0.0	0.0	0.0	0.0	0.0	0.0	0.021380516499282638	0.03526378332387975	0.011084829268292682	0.01964215046375816	0.04341898197242842	0.028855187832912813
SC20	0.0	0.0	0.0	0.0	0.0	0.0	0.0	0.0	0.0	0.0	0.0	0.0	0.0	0.0	0.0	1.2	0.0	0.0	0.0	0.0	0.0	0.0	0.0	0.0	0.0	0.0	0.0	0.0	0.0	0.0	0.0	0.0	0.0	0.0	0.0	0.0	0.0	0.0	0.0	0.0	0.0	0.0	0.0	0.0	0.0	0.0	0.0	0.0	0.0	0.0	0.0
SC21	0.0	0.0	0.0	0.0	0.0	0.0	0.0	0.0	0.0	0.0	0.0	0.0	0.0	0.0	0.0	0.0	1.125	0.0	0.0	0.0	0.0	0.0	0.0	0.0	0.0	0.0	0.0	0.0	0.0	0.0	0.0	0.0	0.0	0.0	0.0	0.0	0.0	0.0	0.0	0.0	0.0	0.0	0.0	0.0	0.0	0.0	0.0	0.0	0.0	0.0	0.0
SC22	0.0	0.0	0.0	0.0	0.0	0.0	0.0	0.0	0.0	0.0	0.0	0.0	0.0	0.0	0.0	0.0	0.0	1.125	0.0	0.0	0.0	0.0	0.0	0.0	0.0	0.0	0.0	0.0	0.0	0.0	0.0	0.0	0.0	0.0	0.0	0.0	0.0	0.0	0.0	0.0	0.0	0.0	0.0	0.0	0.0	0.0	0.0	0.0	0.0	0.0	0.0
SC23	0.009540028490028489	0.021737934169849062	0.008983098979873172	0.0010918474687705456	0.08130568112271816	0.1545054637071055	0.009833214990138065	0.1057087024087024	0.018785811965811965	0.007535501741057296	0.0031168196686715203	0.0011617094017094016	0.020696866096866096	0.001262108262108262	0.011832353554304773	0.0	0.0	0.0	0.33717656512528305	0.015223732407942933	0.013590640325066555	0.004131389817911557	0.07027735680571501	0.0026926739926739925	0.08053653298268683	0.015246740335443265	0.00669930966469428	0.0	0.0	0.0	0.14392543063773833	0.07432124881291548	0.0023283819628647216	0.08372741147741147	0.01443941679235797	0.0	0.0	0.0	0.0	0.0	0.0	0.0	0.0	0.0	0.0	0.11205997988939165	0.012043549990061618	0.006816951566951566	0.014711255567593595	0.022791099962839092	0.0048392130857648095
SC24	0.0069432518796992485	0.04070583693275743	0.020265951976715983	0.006159444765760555	0.017246609115381045	0.014836140350877193	0.053277858299595145	0.014560287081339713	0.011711043233082707	0.018751970203285992	0.06527201336675022	0.009609954887218046	0.024336766917293234	0.018243132832080202	0.051632967174032644	0.0	0.0	0.0	0.010497802197802197	0.3005345762903499	0.023113904844077406	0.015210219025825434	0.021374278981034677	0.0071965198711063365	0.023008534798534798	0.05652918645987353	0.01591101792943898	0.0	0.0	0.0	0.016736668594563332	0.026450716374269007	0.01811874928701063	0.028321482277121373	0.02458842105263158	0.0	0.0	0.0	0.0	0.0	0.0	0.0	0.0	0.0	0.0	0.027159279964617426	0.03624014862738241	0.015743434210526316	0.016213027639521337	0.037258695652173913	0.049626891366346904
SC25	0.008869398907103825	0.08855314963376351	0.011188365943945002	0.008176796973518285	0.03213249342238413	0.034885539515537065	0.04218535308953342	0.03256974664679583	0.009124795081967212	0.008046782027929569	0.023919611414693384	0.00814	0.02294918032786885	0.021111475409836065	0.028067572970811673	0.0	0.0	0.0	0.01790103685021718	0.024830993467274742	0.20586733136253693	0.008117818959372773	0.030987230242231465	0.014018688524590164	0.05479970575872215	0.007612563961862954	0.006819861286254728	0.0	0.0	0.0	0.02671332492643968	0.02849485428051002	0.00611191633691351	0.05233454332552693	0.01597454194792671	0.0	0.0	0.0	0.0	0.0	0.0	0.0	0.0	0.0	0.0	0.041456563162970105	0.03040324056423942	0.012818428961748634	0.01924235049642115	0.01783232359230221	0.028876370830977955
SC26	0.0	0.02351038544557509	0.0012302244039270687	0.00471505016722408	0.017034573268921094	0.005788548561540125	0.012996247491638796	0.0018284584980237154	0.002552608695652174	0.00731183574879227	0.0006182501341921631	0.012017391304347825	0.01118550724637681	0.0031072463768115942	0.027317688229056204	0.0	0.0	0.0	0.003308071348940914	0.012513151356652503	0.006887241625089095	0.4304282230623819	0.0031356294613887085	0.0013428571428571428	0.014928762541806022	0.0033481699108604697	0.0022294314381270906	0.0	0.0	0.0	0.005551356373095504	0.007178840579710145	0.00017910044977511243	0.015920652173913044	0.01549524296675192	0.0	0.0	0.0	0.0	0.0	0.0	0.0	0.0	0.0	0.0	0.006474127877237852	0.049235915065722946	0.033680594202898546	0.002416056338028169	0.003231039697542533	0.01878940779610195
SC27	0.01817555970149254	0.0349188064994178	0.1020007908040443	0.01790577497129736	0.04420711258522204	0.0753802736318408	0.007985284156142363	0.04466465400271371	0.031258973880597014	0.0038726464897733555	0.005941514648977336	0.008345910447761194	0.0177136815920398	0.0035134328358208955	0.014748873316345104	0.0	0.0	0.0	0.07318473019517796	0.014520302435192459	0.031510154147296306	0.002795324464633355	0.15963114335041212	0.0005437420042643924	0.11443823191733639	0.030290798413788796	0.013161567164179103	0.0	0.0	0.0	0.07785746906493175	0.1068627736318408	0.01028533710756562	0.04093720682302772	0.027178182616330114	0.0	0.0	0.0	0.0	0.0	0.0	0.0	0.0	0.0	0.0	0.07931874714661984	0.00971454356126345	0.0019251368159203981	0.01327793462266134	0.025609662556781314	0.008828950077200207
SC28	0.002626190476190476	0.014422857142857144	0.008523179723502304	0.01219010989010989	0.007886596119929453	0.006962963752665244	0.05216624175824176	0.008896103896103897	0.002757339285714286	0.005464285714285714	0.0031252204585537923	0.025197142857142855	0.0	0.017719047619047617	0.01923257839721254	0.0	0.0	0.0	0.00248998778998779	0.007050408163265305	0.012300468384074944	0.013122981366459629	0.0005381663113006396	0.4705244897959183	0.012126776556776558	0.004284913329348476	0.0017040659340659338	0.0	0.0	0.0	0.0027924297924297923	0.006566666666666667	0.0016751724137931035	0.02553775510204082	0.00463109243697479	0.0	0.0	0.0	0.0	0.0	0.0	0.0	0.0	0.0	0.0	0.0037394957983193275	0.01675843853820598	0.03137509523809524	0.009516498993963783	0.006299937888198758	0.015458702791461412
SC29	0.016025854700854703	0.039363433351518456	0.013891976840363937	0.014308678500986192	0.06635349794238683	0.11690270442658503	0.02594210256410256	0.0641320745920746	0.015019070512820512	0.011820151946818612	0.0059011396011396005	0.014579487179487179	0.025948290598290596	0.012417094017094015	0.028035578486554098	0.0	0.0	0.0	0.08281731317115933	0.028089712743396954	0.06050163934426229	0.016180501672240805	0.10723441637964026	0.00610989010989011	0.24521025641025643	0.01648357686943461	0.007688067061143984	0.0	0.0	0.0	0.10920797720797722	0.03582029202279202	0.003949690539345712	0.06863521978021977	0.012633936651583709	0.0	0.0	0.0	0.0	0.0	0.0	0.0	0.0	0.0	0.0	0.11263788838612368	0.014898807394156232	0.00994777777777778	0.00976093535572409	0.02835104793756968	0.029841227527262006
SC30	0.006728451882845188	0.011180242143683789	0.029692193953300042	0.028617328612809786	0.010760772767188388	0.0160202695726389	0.013679158995815899	0.02276115252947889	0.011913242677824268	0.0038798713776538045	0.011478051552249598	0.012448794979079497	0.0067395397489539745	0.000298089260808926	0.011273204408613124	0.0	0.0	0.0	0.013718188320280371	0.031517164249535976	0.005186567665820701	0.0038058504638893943	0.03620003590832449	0.0026435863717872085	0.01266520759575153	0.46222618459060594	0.01758246540070808	0.0	0.0	0.0	0.01786373779637378	0.016386610878661088	0.0364389522435435	0.010991912731619844	0.018657174501599805	0.0	0.0	0.0	0.0	0.0	0.0	0.0	0.0	0.0	0.0	0.014674620723603248	0.005625926826895009	0.0019446931659693166	0.01937721256408745	0.024544516099690737	0.005391954022988506
SC33	0.042704487179487174	0.015848513366066557	0.04052150744416874	0.0021989349112426036	0.01504392212725546	0.018282809031764255	0.011782130177514793	0.01175944055944056	0.002043125	0.003035327635327635	0.01439539411206078	0.0031538461538461538	0.010726923076923077	0.008733333333333334	0.01697862101313321	0.0	0.0	0.0	0.014869950690335308	0.01597171775592828	0.011116960907944515	0.004392140468227425	0.020152973593570607	0.002697527472527473	0.009355128205128205	0.036500225297714836	0.42908387573964496	0.0	0.0	0.0	0.014904779750164366	0.006487179487179487	0.020541936339522546	0.006694780219780219	0.0015608597285067872	0.0	0.0	0.0	0.0	0.0	0.0	0.0	0.0	0.0	0.0	0.013498552036199095	0.005230044722719141	0.0006047115384615385	0.022060276273022754	0.14927842809364547	0.0026832073386383734
SC34	0.0	0.0	0.0	0.0	0.0	0.0	0.0	0.0	0.0	0.0	0.0	0.0	0.0	0.0	0.0	0.0	0.0	0.0	0.0	0.0	0.0	0.0	0.0	0.0	0.0	0.0	0.0	1.012	0.0	0.0	0.0	0.0	0.0	0.0	0.0	0.0	0.0	0.0	0.0	0.0	0.0	0.0	0.0	0.0	0.0	0.0	0.0	0.0	0.0	0.0	0.0
SC35	0.0	0.0	0.0	0.0	0.0	0.0	0.0	0.0	0.0	0.0	0.0	0.0	0.0	0.0	0.0	0.0	0.0	0.0	0.0	0.0	0.0	0.0	0.0	0.0	0.0	0.0	0.0	0.0	1.012	0.0	0.0	0.0	0.0	0.0	0.0	0.0	0.0	0.0	0.0	0.0	0.0	0.0	0.0	0.0	0.0	0.0	0.0	0.0	0.0	0.0	0.0
SC36	0.0	0.0	0.0	0.0	0.0	0.0	0.0	0.0	0.0	0.0	0.0	0.0	0.0	0.0	0.0	0.0	0.0	0.0	0.0	0.0	0.0	0.0	0.0	0.0	0.0	0.0	0.0	0.0	0.0	1.012	0.0	0.0	0.0	0.0	0.0	0.0	0.0	0.0	0.0	0.0	0.0	0.0	0.0	0.0	0.0	0.0	0.0	0.0	0.0	0.0	0.0
SC37	0.0156002849002849	0.014230503727950535	0.007357003032809484	0.002451216305062459	0.10652364672364671	0.1683119419994047	0.006549466798159106	0.059860303030303035	0.015472948717948718	0.008468217790440012	0.0029197425345573493	0.0019685470085470083	0.04559735042735043	0.0	0.016535167813216595	0.0	0.0	0.0	0.13706574914164657	0.011519658119658119	0.020632786885245905	0.007435079895949461	0.06969002168643959	0.0008318681318681318	0.0992580758273066	0.013470722025533741	0.006583142669296515	0.0	0.0	0.0	0.2637615092409964	0.03655660018993352	0.0016831063955201888	0.09044322344322343	0.028002714932126697	0.0	0.0	0.0	0.0	0.0	0.0	0.0	0.0	0.0	0.0	0.14110418300653593	0.006913158417809581	0.006163782051282052	0.009339130853497052	0.023304591230026015	0.0033505383632969838
SC38	0.00670787037037037	0.11923778762805358	0.01936451612903226	0.06334893162393163	0.043331481481481485	0.04324000967385296	0.044993536324786323	0.020825	0.07989413194444445	0.004080349794238682	0.005062654320987655	0.06168222222222222	0.0149	0.0019259259259259258	0.03296878726287263	0.0	0.0	0.0	0.06314425451092118	0.019352199248120303	0.027041165755919853	0.00717756038647343	0.10119058043117744	0.007900793650793651	0.03506994301994302	0.015173728498372849	0.009858333333333334	0.0	0.0	0.0	0.0476732905982906	0.3413369598765432	0.002771781609195402	0.02277738095238095	0.08818513071895424	0.0	0.0	0.0	0.0	0.0	0.0	0.0	0.0	0.0	0.0	0.03999912091503268	0.025091731266149872	0.007141458333333333	0.012340293427230047	0.008639124396135267	0.018400095785440614
SC39	0.006431091954022988	0.0060093396918562	0.009427408231368188	0.008965145888594164	0.0033580613026819926	0.006235395436610053	0.005284212201591512	0.02103278996865204	0.0009883534482758622	0.003478045977011494	0.004954079182630907	0.006457241379310344	0.017162758620689656	0.0006839080459770115	0.005929959629941127	0.0	0.0	0.0	0.008122334217506631	0.058003792584910556	0.005989643866591295	0.00022947526236881556	0.015346555326814205	0.0008547783251231527	0.0057037312113174185	0.047977501082094934	0.015310583554376658	0.0	0.0	0.0	0.0023905452402004125	0.0034999616858237548	0.6117688038049941	0.0066069950738916255	0.002652442190669371	0.0	0.0	0.0	0.0	0.0	0.0	0.0	0.0	0.0	0.0	0.011376097363083164	0.008609125902165195	0.000224683908045977	0.012819934919864011	0.004136995502248876	0.0022602770511296077
SC42	0.009344047619047618	0.03621790780141844	0.0031785714285714286	0.005025274725274725	0.05613434744268077	0.07461414356787491	0.03320146703296704	0.04099025974025974	0.01023232142857143	0.006766931216931217	0.0013185185185185186	0.009411428571428572	0.03700238095238095	0.003752380952380952	0.016046689895470385	0.0	0.0	0.0	0.07430653235653237	0.019944360902255636	0.04679695550351288	0.01628447204968944	0.03513656716417911	0.028698979591836735	0.061827655677655684	0.00768160191273162	0.0035203296703296702	0.0	0.0	0.0	0.08745793650793651	0.021851190476190475	0.005357142857142857	0.17304795918367347	0.027018067226890756	0.0	0.0	0.0	0.0	0.0	0.0	0.0	0.0	0.0	0.0	0.08515243697478991	0.010333936877076412	0.0027252380952380952	0.010252917505030181	0.011588043478260868	0.021119466338259445
SC43	0.0008745098039215686	0.030842407175636213	0.002517931688804554	0.016619004524886877	0.013341031227305738	0.013199619549312262	0.042758823529411766	0.025585026737967913	0.04271323529411765	0.0023374727668845317	0.001949092229484386	0.023717647058823527	0.0018303921568627451	0.006325490196078431	0.01559497847919656	0.0	0.0	0.0	0.015410809451985922	0.016337063246351174	0.015614850530376083	0.018904092071611252	0.028191834942932398	0.0023546218487394957	0.010707239819004524	0.01322426778242678	0.0003266968325791855	0.0	0.0	0.0	0.03149653092006033	0.10634934640522875	0.0019595131845841786	0.02087563025210084	0.35458200692041525	0.0	0.0	0.0	0.0	0.0	0.0	0.0	0.0	0.0	0.0	0.052530519031141865	0.011189329685362518	0.0005834803921568627	0.005054846727423364	0.004804347826086956	0.007326382691007438
SC44	0.0	0.0	0.0	0.0	0.0	0.0	0.0	0.0	0.0	0.0	0.0	0.0	0.0	0.0	0.0	0.0	0.0	0.0	0.0	0.0	0.0	0.0	0.0	0.0	0.0	0.0	0.0	0.0	0.0	0.0	0.0	0.0	0.0	0.0	0.0	1.014	0.0	0.0	0.0	0.0	0.0	0.0	0.0	0.0	0.0	0.0	0.0	0.0	0.0	0.0	0.0
SC45	0.0	0.0	0.0	0.0	0.0	0.0	0.0	0.0	0.0	0.0	0.0	0.0	0.0	0.0	0.0	0.0	0.0	0.0	0.0	0.0	0.0	0.0	0.0	0.0	0.0	0.0	0.0	0.0	0.0	0.0	0.0	0.0	0.0	0.0	0.0	0.0	1.014	0.0	0.0	0.0	0.0	0.0	0.0	0.0	0.0	0.0	0.0	0.0	0.0	0.0	0.0
SC46	0.0	0.0	0.0	0.0	0.0	0.0	0.0	0.0	0.0	0.0	0.0	0.0	0.0	0.0	0.0	0.0	0.0	0.0	0.0	0.0	0.0	0.0	0.0	0.0	0.0	0.0	0.0	0.0	0.0	0.0	0.0	0.0	0.0	0.0	0.0	0.0	0.0	1.014	0.0	0.0	0.0	0.0	0.0	0.0	0.0	0.0	0.0	0.0	0.0	0.0	0.0
SC47	0.0	0.0	0.0	0.0	0.0	0.0	0.0	0.0	0.0	0.0	0.0	0.0	0.0	0.0	0.0	0.0	0.0	0.0	0.0	0.0	0.0	0.0	0.0	0.0	0.0	0.0	0.0	0.0	0.0	0.0	0.0	0.0	0.0	0.0	0.0	0.0	0.0	0.0	1.014	0.0	0.0	0.0	0.0	0.0	0.0	0.0	0.0	0.0	0.0	0.0	0.0
SC48	0.0	0.0	0.0	0.0	0.0	0.0	0.0	0.0	0.0	0.0	0.0	0.0	0.0	0.0	0.0	0.0	0.0	0.0	0.0	0.0	0.0	0.0	0.0	0.0	0.0	0.0	0.0	0.0	0.0	0.0	0.0	0.0	0.0	0.0	0.0	0.0	0.0	0.0	0.0	1.014	0.0	0.0	0.0	0.0	0.0	0.0	0.0	0.0	0.0	0.0	0.0
SC49	0.0	0.0	0.0	0.0	0.0	0.0	0.0	0.0	0.0	0.0	0.0	0.0	0.0	0.0	0.0	0.0	0.0	0.0	0.0	0.0	0.0	0.0	0.0	0.0	0.0	0.0	0.0	0.0	0.0	0.0	0.0	0.0	0.0	0.0	0.0	0.0	0.0	0.0	0.0	0.0	1.014	0.0	0.0	0.0	0.0	0.0	0.0	0.0	0.0	0.0	0.0
SC50	0.0	0.0	0.0	0.0	0.0	0.0	0.0	0.0	0.0	0.0	0.0	0.0	0.0	0.0	0.0	0.0	0.0	0.0	0.0	0.0	0.0	0.0	0.0	0.0	0.0	0.0	0.0	0.0	0.0	0.0	0.0	0.0	0.0	0.0	0.0	0.0	0.0	0.0	0.0	0.0	0.0	1.014	0.0	0.0	0.0	0.0	0.0	0.0	0.0	0.0	0.0
SC51	0.0	0.0	0.0	0.0	0.0	0.0	0.0	0.0	0.0	0.0	0.0	0.0	0.0	0.0	0.0	0.0	0.0	0.0	0.0	0.0	0.0	0.0	0.0	0.0	0.0	0.0	0.0	0.0	0.0	0.0	0.0	0.0	0.0	0.0	0.0	0.0	0.0	0.0	0.0	0.0	0.0	0.0	1.014	0.0	0.0	0.0	0.0	0.0	0.0	0.0	0.0
SC52	0.0	0.0	0.0	0.0	0.0	0.0	0.0	0.0	0.0	0.0	0.0	0.0	0.0	0.0	0.0	0.0	0.0	0.0	0.0	0.0	0.0	0.0	0.0	0.0	0.0	0.0	0.0	0.0	0.0	0.0	0.0	0.0	0.0	0.0	0.0	0.0	0.0	0.0	0.0	0.0	0.0	0.0	0.0	1.014	0.0	0.0	0.0	0.0	0.0	0.0	0.0
SC53	0.0	0.0	0.0	0.0	0.0	0.0	0.0	0.0	0.0	0.0	0.0	0.0	0.0	0.0	0.0	0.0	0.0	0.0	0.0	0.0	0.0	0.0	0.0	0.0	0.0	0.0	0.0	0.0	0.0	0.0	0.0	0.0	0.0	0.0	0.0	0.0	0.0	0.0	0.0	0.0	0.0	0.0	0.0	0.0	1.014	0.0	0.0	0.0	0.0	0.0	0.0
SC54	0.02974764705882353	0.020925386733416772	0.03220548387096774	0.01890660633484163	0.08238542047930283	0.1599773702077846	0.023207956561085975	0.11634823529411764	0.019652979411764707	0.006662047930283224	0.0017913435003631083	0.022600235294117647	0.03642509803921569	0.009857254901960785	0.020621225251076042	0.0	0.0	0.0	0.12414775263951733	0.02803641662980982	0.042440227579556414	0.0050929923273657285	0.08245341966637401	0.002865546218487395	0.11590177978883862	0.01437476642874723	0.010212443438914027	0.0	0.0	0.0	0.15139841126194067	0.03824091503267974	0.008046953346855984	0.09472327731092436	0.12365121107266437	0.0	0.0	0.0	0.0	0.0	0.0	0.0	0.0	0.0	0.0	0.2885413660899654	0.016336607387140902	0.006432156862745099	0.02581151615575808	0.02797634271099744	0.019208093306288032
SC55	0.004478488372093023	0.03459249711364011	0.003043735933983496	0.0017912343470483003	0.022933321848980764	0.01422695013305565	0.04344748121645796	0.021901691331923892	0.005602761627906977	0.011332153316106805	0.0017474303761125466	0.0024125581395348836	0.010096899224806201	0.023668372093023252	0.029214690867838913	0.0	0.0	0.0	0.008912045319022064	0.033086548347613216	0.025912542889820814	0.04750303336703741	0.007794076709475876	0.009983388704318936	0.013301550387596898	0.002589744088741851	0.00047629695885509837	0.0	0.0	0.0	0.006848459550785132	0.023841343669250645	0.006112445870088212	0.009575797342192691	0.010392886456908343	0.0	0.0	0.0	0.0	0.0	0.0	0.0	0.0	0.0	0.0	0.01232831737346101	0.2883669821525149	0.0408234496124031	0.004611496888306584	0.0047915571284125385	0.021912177225340817
SC56	0.00022659722222222222	0.03608205791962175	0.000620752688172043	8.487179487179487e-05	0.010616039094650205	0.0062843503316749585	0.009131121794871796	0.0037991666666666664	0.0008053854166666667	0.0055961435185185185	0.00022331275720164612	0.010375	0.00215875	0.001911388888888889	0.011711825203252032	0.0	0.0	0.0	0.004665092592592593	0.013578287593984963	0.00836071038251366	0.03291623913043478	0.0019467425373134327	0.01310890476190476	0.012489380341880343	0.0012172280334728032	0.0004134294871794872	0.0	0.0	0.0	0.008130206552706553	0.007689328703703703	0.0003246551724137931	0.004679880952380952	0.000557156862745098	0.0	0.0	0.0	0.0	0.0	0.0	0.0	0.0	0.0	0.0	0.005868462745098039	0.04481354651162791	0.7628094631944445	0.001139424882629108	0.003344782608695652	0.08260062835249042
SC57	0.026510328638497654	0.012753761861951853	0.031957882780554295	0.041613867822318525	0.01608378542862111	0.020432674654894543	0.016291411700975082	0.014573239436619718	0.008944792253521128	0.0035381064162754304	0.13702888193357676	0.038472957746478874	0.009046713615023474	0.004178403755868545	0.01943877705255926	0.0	0.0	0.0	0.015114168773323701	0.03761935084189347	0.02580168552297391	0.0028964482547458666	0.02360212213579987	0.007304627766599597	0.011072892741061754	0.03968796982733219	0.03800401408450704	0.0	0.0	0.0	0.011593728181052126	0.018648364632237874	0.013361107333657116	0.013249496981891349	0.008103314001657001	0.0	0.0	0.0	0.0	0.0	0.0	0.0	0.0	0.0	0.0	0.02665000828500414	0.00556321650835244	0.0009490492957746478	0.21218691926205116	0.043052409675443964	0.008051983163347903
SC58	0.02988496376811594	0.018489209065679926	0.04240812762973352	0.01808638795986622	0.021552206119162642	0.0304223145143846	0.019864618729096988	0.016638537549407115	0.01337442934782609	0.002167230273752013	0.018272855609232422	0.015224086956521738	0.01831485507246377	0.0022356521739130436	0.04443064687168611	0.0	0.0	0.0	0.02179676700111483	0.037606694998365484	0.017476621525302924	0.011150009451795841	0.028556341661258925	0.005725186335403727	0.025502419175027873	0.040947286701837365	0.14038177257525083	0.0	0.0	0.0	0.02564963953920476	0.012300012077294685	0.006790103448275862	0.013669875776397514	0.008408567774936062	0.0	0.0	0.0	0.0	0.0	0.0	0.0	0.0	0.0	0.0	0.031449235294117646	0.006793281092012133	0.0028562137681159418	0.03482332516840171	0.19025663516068053	0.020067450024987506
SC59	0.0020410440613026822	0.03462325181380941	0.002594651464590286	0.004746021220159152	0.013226997303817226	0.012091464230571282	0.032369177718832895	0.008695611285266457	0.0025198850574712646	0.01026967858663261	0.0027107180360437066	0.004925632183908046	0.017903256704980844	0.012090996168582375	0.024387289038407627	0.0	0.0	0.0	0.005796306120444052	0.051245798980209145	0.02569790842283776	0.019711991504247874	0.00895483787956768	0.014305090311986865	0.026484242558208075	0.005781462511422113	0.0014615694076038903	0.0	0.0	0.0	0.0035926662737007565	0.014114814814814814	0.0015107292905271502	0.020369622331691296	0.005664976335361731	0.0	0.0	0.0	0.0	0.0	0.0	0.0	0.0	0.0	0.0	0.01601392832995267	0.020201244319700613	0.08337723994252873	0.0074852760239598505	0.014791529235382309	0.3946239846743295
