class	GO_CC	pock_vol
Sphingolipid	endocytic vesicle lumen [GO:0071682]	242.9
Sphingolipid	tertiary granule lumen [GO:1904724]	242.9
Sphingolipid	cytosol [GO:0005829]	242.9
Sphingolipid	ficolin-1-rich granule lumen [GO:1904813]	242.9
Sphingolipid	extracellular exosome [GO:0070062]	242.9
Sphingolipid	blood microparticle [GO:0072562]	242.9
Sphingolipid	extracellular region [GO:0005576]	242.9
Sphingolipid	extracellular space [GO:0005615]	242.9
Sphingolipid	hemoglobin complex [GO:0005833]	242.9
Sphingolipid	haptoglobin-hemoglobin complex [GO:0031838]	242.9
Sphingolipid	axon terminus [GO:0043679]	972.13
Sphingolipid	voltage-gated potassium channel complex [GO:0008076]	972.13
Sphingolipid	endoplasmic reticulum [GO:0005783]	972.13
Sphingolipid	cell surface [GO:0009986]	972.13
Sphingolipid	apical plasma membrane [GO:0016324]	972.13
Sphingolipid	plasma membrane [GO:0005886]	972.13
Sphingolipid	astrocyte projection [GO:0097449]	972.13
Sphingolipid	axon [GO:0030424]	972.13
Sphingolipid	calyx of Held [GO:0044305]	972.13
Sphingolipid	neuronal cell body [GO:0043025]	972.13
Sphingolipid	membrane raft [GO:0045121]	1961.27
Sphingolipid	endosome membrane [GO:0010008]	1961.27
Sphingolipid	plasma membrane [GO:0005886]	1961.27
Sphingolipid	extracellular space [GO:0005615]	1961.27
Sphingolipid	external side of plasma membrane [GO:0009897]	1961.27
Sphingolipid	endoplasmic reticulum [GO:0005783]	829.17
Sphingolipid	secretory granule membrane [GO:0030667]	829.17
Sphingolipid	plasma membrane [GO:0005886]	829.17
Sphingolipid	endoplasmic reticulum membrane [GO:0005789]	829.17
Sphingolipid	SPOTS complex [GO:0035339]	829.17
Sphingolipid	specific granule membrane [GO:0035579]	829.17
Sphingolipid	cytoplasm [GO:0005737]	832.85
Sphingolipid	apical plasma membrane [GO:0016324]	975.53
Sphingolipid	gap junction [GO:0005921]	975.53
Sphingolipid	plasma membrane [GO:0005886]	975.53
Sphingolipid	endoplasmic reticulum [GO:0005783]	975.53
Sphingolipid	cytoplasm [GO:0005737]	91.36
Sphingolipid	late endosome [GO:0005770]	2077.72
Sphingolipid	endoplasmic reticulum [GO:0005783]	2077.72
Sphingolipid	cytoplasm [GO:0005737]	2077.72
Sphingolipid	endosome membrane [GO:0010008]	2077.72
Sphingolipid	lysosome [GO:0005764]	2077.72
Sphingolipid	early endosome [GO:0005769]	2077.72
Sphingolipid	extracellular space [GO:0005615]	2077.72
Sphingolipid	external side of plasma membrane [GO:0009897]	2077.72
Sphingolipid	lysosomal membrane [GO:0005765]	2077.72
Sphingolipid	cell surface [GO:0009986]	2077.72
Sphingolipid	endosome membrane [GO:0010008]	33.53
Sphingolipid	cytosol [GO:0005829]	33.53
Sphingolipid	plasma membrane [GO:0005886]	33.53
Sphingolipid	nuclear outer membrane [GO:0005640]	33.53
Sphingolipid	Golgi apparatus [GO:0005794]	33.53
Sphingolipid	endosome membrane [GO:0010008]	309.37
Sphingolipid	cytosol [GO:0005829]	309.37
Sphingolipid	plasma membrane [GO:0005886]	309.37
Sphingolipid	nuclear outer membrane [GO:0005640]	309.37
Sphingolipid	Golgi apparatus [GO:0005794]	309.37
Sphingolipid	endoplasmic reticulum membrane [GO:0005789]	1247.52
Sphingolipid	endoplasmic reticulum [GO:0005783]	1247.52
Sphingolipid	endosome membrane [GO:0010008]	1385.06
Sphingolipid	cytosol [GO:0005829]	1385.06
Sphingolipid	intracellular membrane-bounded organelle [GO:0043231]	1385.06
Sphingolipid	plasma membrane [GO:0005886]	1385.06
Sphingolipid	membrane [GO:0016020]	1385.06
Sphingolipid	extracellular space [GO:0005615]	1385.06
Sphingolipid	external side of plasma membrane [GO:0009897]	1385.06
Sphingolipid	lysosomal membrane [GO:0005765]	1385.06
Sphingolipid	cell surface [GO:0009986]	1385.06
Sphingolipid	Golgi apparatus [GO:0005794]	1385.06
Sphingolipid	extracellular region [GO:0005576]	386.57
Sphingolipid	cytosol [GO:0005829]	1270.92
Sphingolipid	nucleoplasm [GO:0005654]	1270.92
Sphingolipid	endoplasmic reticulum membrane [GO:0005789]	1270.92
Sphingolipid	mitochondrion [GO:0005739]	1270.92
Sphingolipid	Golgi apparatus [GO:0005794]	1270.92
Sphingolipid	late endosome [GO:0005770]	2288.2
Sphingolipid	endoplasmic reticulum [GO:0005783]	2288.2
Sphingolipid	cytoplasm [GO:0005737]	2288.2
Sphingolipid	endosome membrane [GO:0010008]	2288.2
Sphingolipid	lysosome [GO:0005764]	2288.2
Sphingolipid	early endosome [GO:0005769]	2288.2
Sphingolipid	extracellular space [GO:0005615]	2288.2
Sphingolipid	external side of plasma membrane [GO:0009897]	2288.2
Sphingolipid	lysosomal membrane [GO:0005765]	2288.2
Sphingolipid	cell surface [GO:0009986]	2288.2
Sphingolipid	cytosol [GO:0005829]	1570.32
Sphingolipid	endosome membrane [GO:0010008]	1220.83
Sphingolipid	cytosol [GO:0005829]	1220.83
Sphingolipid	plasma membrane [GO:0005886]	1220.83
Sphingolipid	nuclear outer membrane [GO:0005640]	1220.83
Sphingolipid	Golgi apparatus [GO:0005794]	1220.83
Sphingolipid	plasma membrane [GO:0005886]	351.33
Sphingolipid	alpha-beta T cell receptor complex [GO:0042105]	351.33
Sphingolipid	late endosome [GO:0005770]	681.66
Sphingolipid	endoplasmic reticulum [GO:0005783]	681.66
Sphingolipid	cytoplasm [GO:0005737]	681.66
Sphingolipid	endosome membrane [GO:0010008]	681.66
Sphingolipid	lysosome [GO:0005764]	681.66
Sphingolipid	early endosome [GO:0005769]	681.66
Sphingolipid	extracellular space [GO:0005615]	681.66
Sphingolipid	external side of plasma membrane [GO:0009897]	681.66
Sphingolipid	lysosomal membrane [GO:0005765]	681.66
Sphingolipid	cell surface [GO:0009986]	681.66
Sphingolipid	membrane raft [GO:0045121]	1884.27
Sphingolipid	endosome membrane [GO:0010008]	1884.27
Sphingolipid	plasma membrane [GO:0005886]	1884.27
Sphingolipid	extracellular space [GO:0005615]	1884.27
Sphingolipid	external side of plasma membrane [GO:0009897]	1884.27
Sphingolipid	late endosome [GO:0005770]	1805.22
Sphingolipid	endoplasmic reticulum [GO:0005783]	1805.22
Sphingolipid	cytoplasm [GO:0005737]	1805.22
Sphingolipid	endosome membrane [GO:0010008]	1805.22
Sphingolipid	lysosome [GO:0005764]	1805.22
Sphingolipid	early endosome [GO:0005769]	1805.22
Sphingolipid	extracellular space [GO:0005615]	1805.22
Sphingolipid	external side of plasma membrane [GO:0009897]	1805.22
Sphingolipid	lysosomal membrane [GO:0005765]	1805.22
Sphingolipid	cell surface [GO:0009986]	1805.22
Sphingolipid	late endosome [GO:0005770]	2216.95
Sphingolipid	endoplasmic reticulum [GO:0005783]	2216.95
Sphingolipid	cytoplasm [GO:0005737]	2216.95
Sphingolipid	endosome membrane [GO:0010008]	2216.95
Sphingolipid	lysosome [GO:0005764]	2216.95
Sphingolipid	early endosome [GO:0005769]	2216.95
Sphingolipid	extracellular space [GO:0005615]	2216.95
Sphingolipid	external side of plasma membrane [GO:0009897]	2216.95
Sphingolipid	lysosomal membrane [GO:0005765]	2216.95
Sphingolipid	cell surface [GO:0009986]	2216.95
Sphingolipid	endosome membrane [GO:0010008]	1101.76
Sphingolipid	cytosol [GO:0005829]	1101.76
Sphingolipid	plasma membrane [GO:0005886]	1101.76
Sphingolipid	nuclear outer membrane [GO:0005640]	1101.76
Sphingolipid	Golgi apparatus [GO:0005794]	1101.76
Sphingolipid	endosome membrane [GO:0010008]	698.83
Sphingolipid	cytosol [GO:0005829]	698.83
Sphingolipid	plasma membrane [GO:0005886]	698.83
Sphingolipid	nuclear outer membrane [GO:0005640]	698.83
Sphingolipid	Golgi apparatus [GO:0005794]	698.83
Sphingolipid	membrane [GO:0016020]	1431.2
Sphingolipid	cytosol [GO:0005829]	1431.2
Sphingolipid	endoplasmic reticulum [GO:0005783]	1431.2
Sphingolipid	endoplasmic reticulum membrane [GO:0005789]	1431.2
Sphingolipid	SPOTS complex [GO:0035339]	1276.48
Sphingolipid	endoplasmic reticulum [GO:0005783]	1276.48
Sphingolipid	endoplasmic reticulum membrane [GO:0005789]	1276.48
Sphingolipid	protein-containing complex [GO:0032991]	598.02
Sphingolipid	spindle pole [GO:0000922]	598.02
Sphingolipid	cytoplasm [GO:0005737]	598.02
Sphingolipid	cytosol [GO:0005829]	598.02
Sphingolipid	plasma membrane [GO:0005886]	343.93
Sphingolipid	alpha-beta T cell receptor complex [GO:0042105]	343.93
Sphingolipid	late endosome [GO:0005770]	1743.33
Sphingolipid	endoplasmic reticulum [GO:0005783]	1743.33
Sphingolipid	cytoplasm [GO:0005737]	1743.33
Sphingolipid	endosome membrane [GO:0010008]	1743.33
Sphingolipid	lysosome [GO:0005764]	1743.33
Sphingolipid	early endosome [GO:0005769]	1743.33
Sphingolipid	extracellular space [GO:0005615]	1743.33
Sphingolipid	external side of plasma membrane [GO:0009897]	1743.33
Sphingolipid	lysosomal membrane [GO:0005765]	1743.33
Sphingolipid	cell surface [GO:0009986]	1743.33
Sphingolipid	late endosome [GO:0005770]	593.59
Sphingolipid	endoplasmic reticulum [GO:0005783]	593.59
Sphingolipid	cytoplasm [GO:0005737]	593.59
Sphingolipid	endosome membrane [GO:0010008]	593.59
Sphingolipid	lysosome [GO:0005764]	593.59
Sphingolipid	early endosome [GO:0005769]	593.59
Sphingolipid	extracellular space [GO:0005615]	593.59
Sphingolipid	external side of plasma membrane [GO:0009897]	593.59
Sphingolipid	lysosomal membrane [GO:0005765]	593.59
Sphingolipid	cell surface [GO:0009986]	593.59
Sphingolipid	cytosol [GO:0005829]	606.46
Sphingolipid	plasma membrane [GO:0005886]	969.15
Sphingolipid	voltage-gated sodium channel complex [GO:0001518]	969.15
Sphingolipid	axon [GO:0030424]	969.15
Sphingolipid	voltage-gated calcium channel complex [GO:0005891]	969.15
Sphingolipid	membrane raft [GO:0045121]	1988.32
Sphingolipid	endosome membrane [GO:0010008]	1988.32
Sphingolipid	plasma membrane [GO:0005886]	1988.32
Sphingolipid	extracellular space [GO:0005615]	1988.32
Sphingolipid	external side of plasma membrane [GO:0009897]	1988.32
Sphingolipid	apical plasma membrane [GO:0016324]	253.44
Sphingolipid	astrocyte projection [GO:0097449]	253.44
Sphingolipid	cell surface [GO:0009986]	253.44
Sphingolipid	plasma membrane [GO:0005886]	253.44
Sphingolipid	voltage-gated potassium channel complex [GO:0008076]	253.44
Sphingolipid	calyx of Held [GO:0044305]	253.44
Sphingolipid	neuronal cell body [GO:0043025]	253.44
Sphingolipid	axon [GO:0030424]	253.44
Sphingolipid	axon terminus [GO:0043679]	253.44
Sphingolipid	endoplasmic reticulum [GO:0005783]	253.44
Sphingolipid	late endosome [GO:0005770]	1906.57
Sphingolipid	endoplasmic reticulum [GO:0005783]	1906.57
Sphingolipid	cytoplasm [GO:0005737]	1906.57
Sphingolipid	endosome membrane [GO:0010008]	1906.57
Sphingolipid	basolateral plasma membrane [GO:0016323]	1906.57
Sphingolipid	lysosome [GO:0005764]	1906.57
Sphingolipid	early endosome [GO:0005769]	1906.57
Sphingolipid	plasma membrane [GO:0005886]	1906.57
Sphingolipid	endoplasmic reticulum membrane [GO:0005789]	1906.57
Sphingolipid	extracellular space [GO:0005615]	1906.57
Sphingolipid	external side of plasma membrane [GO:0009897]	1906.57
Sphingolipid	lysosomal membrane [GO:0005765]	1906.57
Sphingolipid	cell surface [GO:0009986]	1906.57
Sphingolipid	endosome membrane [GO:0010008]	1591.05
Sphingolipid	cytosol [GO:0005829]	1591.05
Sphingolipid	plasma membrane [GO:0005886]	1591.05
Sphingolipid	nuclear outer membrane [GO:0005640]	1591.05
Sphingolipid	Golgi apparatus [GO:0005794]	1591.05
Sphingolipid	plasma membrane [GO:0005886]	1036.09
Sphingolipid	membrane [GO:0016020]	1036.09
Sphingolipid	endosome membrane [GO:0010008]	1036.09
Sphingolipid	membrane [GO:0016020]	1602.56
Sphingolipid	cytosol [GO:0005829]	1602.56
Sphingolipid	endoplasmic reticulum [GO:0005783]	1602.56
Sphingolipid	endoplasmic reticulum membrane [GO:0005789]	1602.56
Sphingolipid	late endosome [GO:0005770]	2039.95
Sphingolipid	endoplasmic reticulum [GO:0005783]	2039.95
Sphingolipid	cytoplasm [GO:0005737]	2039.95
Sphingolipid	endosome membrane [GO:0010008]	2039.95
Sphingolipid	lysosome [GO:0005764]	2039.95
Sphingolipid	early endosome [GO:0005769]	2039.95
Sphingolipid	extracellular space [GO:0005615]	2039.95
Sphingolipid	external side of plasma membrane [GO:0009897]	2039.95
Sphingolipid	lysosomal membrane [GO:0005765]	2039.95
Sphingolipid	cell surface [GO:0009986]	2039.95
Sphingolipid	axon terminus [GO:0043679]	938.2
Sphingolipid	voltage-gated potassium channel complex [GO:0008076]	938.2
Sphingolipid	endoplasmic reticulum [GO:0005783]	938.2
Sphingolipid	cell surface [GO:0009986]	938.2
Sphingolipid	apical plasma membrane [GO:0016324]	938.2
Sphingolipid	plasma membrane [GO:0005886]	938.2
Sphingolipid	astrocyte projection [GO:0097449]	938.2
Sphingolipid	axon [GO:0030424]	938.2
Sphingolipid	calyx of Held [GO:0044305]	938.2
Sphingolipid	neuronal cell body [GO:0043025]	938.2
Sphingolipid	endoplasmic reticulum membrane [GO:0005789]	702.29
Sphingolipid	serine C-palmitoyltransferase complex [GO:0017059]	702.29
Sphingolipid	extracellular space [GO:0005615]	1028.19
Sphingolipid	lipopolysaccharide receptor complex [GO:0046696]	1028.19
Sphingolipid	receptor complex [GO:0043235]	1028.19
Sphingolipid	plasma membrane [GO:0005886]	1028.19
Sphingolipid	cytoplasm [GO:0005737]	1178.34
Sphingolipid	apical plasma membrane [GO:0016324]	147.02
Sphingolipid	gap junction [GO:0005921]	147.02
Sphingolipid	plasma membrane [GO:0005886]	147.02
Sphingolipid	endoplasmic reticulum [GO:0005783]	147.02
Sphingolipid	cytoplasm [GO:0005737]	355.42
Sphingolipid	membrane [GO:0016020]	1470.12
Sphingolipid	cytosol [GO:0005829]	1470.12
Sphingolipid	endoplasmic reticulum [GO:0005783]	1470.12
Sphingolipid	endoplasmic reticulum membrane [GO:0005789]	1470.12
Sphingolipid	endosome membrane [GO:0010008]	1533.4
Sphingolipid	cytosol [GO:0005829]	1533.4
Sphingolipid	plasma membrane [GO:0005886]	1533.4
Sphingolipid	nuclear outer membrane [GO:0005640]	1533.4
Sphingolipid	Golgi apparatus [GO:0005794]	1533.4
Sphingolipid	endosome membrane [GO:0010008]	107.28
Sphingolipid	cytosol [GO:0005829]	107.28
Sphingolipid	plasma membrane [GO:0005886]	107.28
Sphingolipid	nuclear outer membrane [GO:0005640]	107.28
Sphingolipid	Golgi apparatus [GO:0005794]	107.28
Sphingolipid	plasma membrane [GO:0005886]	1092.99
Sphingolipid	membrane [GO:0016020]	1092.99
Sphingolipid	endosome membrane [GO:0010008]	1092.99
Sphingolipid	membrane [GO:0016020]	722.24
Sphingolipid	endoplasmic reticulum membrane [GO:0005789]	722.24
Sphingolipid	endoplasmic reticulum [GO:0005783]	722.24
Sphingolipid	vacuole [GO:0005773]	722.24
Sphingolipid	extracellular region [GO:0005576]	230.56
Sphingolipid	cytosol [GO:0005829]	1388.69
Sphingolipid	clathrin-coated pit [GO:0005905]	691.95
Sphingolipid	membrane [GO:0016020]	691.95
Sphingolipid	cytosol [GO:0005829]	691.95
Sphingolipid	endocytic vesicle [GO:0030139]	691.95
Sphingolipid	cytoplasm [GO:0005737]	691.95
Sphingolipid	plasma membrane [GO:0005886]	691.95
Sphingolipid	intracellular membrane-bounded organelle [GO:0043231]	691.95
Sphingolipid	presynapse [GO:0098793]	691.95
Sphingolipid	nucleoplasm [GO:0005654]	691.95
Sphingolipid	early endosome membrane [GO:0031901]	691.95
Sphingolipid	nucleus [GO:0005634]	691.95
Sphingolipid	plasma membrane [GO:0005886]	300.38
Sphingolipid	alpha-beta T cell receptor complex [GO:0042105]	300.38
Sphingolipid	late endosome [GO:0005770]	2158.99
Sphingolipid	endoplasmic reticulum [GO:0005783]	2158.99
Sphingolipid	cytoplasm [GO:0005737]	2158.99
Sphingolipid	endosome membrane [GO:0010008]	2158.99
Sphingolipid	lysosome [GO:0005764]	2158.99
Sphingolipid	early endosome [GO:0005769]	2158.99
Sphingolipid	extracellular space [GO:0005615]	2158.99
Sphingolipid	external side of plasma membrane [GO:0009897]	2158.99
Sphingolipid	lysosomal membrane [GO:0005765]	2158.99
Sphingolipid	cell surface [GO:0009986]	2158.99
Sphingolipid	apical plasma membrane [GO:0016324]	387.22
Sphingolipid	astrocyte projection [GO:0097449]	387.22
Sphingolipid	cell surface [GO:0009986]	387.22
Sphingolipid	plasma membrane [GO:0005886]	387.22
Sphingolipid	voltage-gated potassium channel complex [GO:0008076]	387.22
Sphingolipid	calyx of Held [GO:0044305]	387.22
Sphingolipid	Schaffer collateral - CA1 synapse [GO:0098685]	387.22
Sphingolipid	neuronal cell body [GO:0043025]	387.22
Sphingolipid	axon [GO:0030424]	387.22
Sphingolipid	axon terminus [GO:0043679]	387.22
Sphingolipid	postsynapse [GO:0098794]	387.22
Sphingolipid	endoplasmic reticulum [GO:0005783]	387.22
Sphingolipid	apical plasma membrane [GO:0016324]	181.56
Sphingolipid	gap junction [GO:0005921]	181.56
Sphingolipid	plasma membrane [GO:0005886]	181.56
Sphingolipid	endoplasmic reticulum [GO:0005783]	181.56
Sphingolipid	cytosol [GO:0005829]	1406.76
Sphingolipid	nucleoplasm [GO:0005654]	1406.76
Sphingolipid	endoplasmic reticulum membrane [GO:0005789]	1406.76
Sphingolipid	mitochondrion [GO:0005739]	1406.76
Sphingolipid	Golgi apparatus [GO:0005794]	1406.76
Sphingolipid	axon terminus [GO:0043679]	1074.45
Sphingolipid	voltage-gated potassium channel complex [GO:0008076]	1074.45
Sphingolipid	endoplasmic reticulum [GO:0005783]	1074.45
Sphingolipid	cell surface [GO:0009986]	1074.45
Sphingolipid	apical plasma membrane [GO:0016324]	1074.45
Sphingolipid	plasma membrane [GO:0005886]	1074.45
Sphingolipid	astrocyte projection [GO:0097449]	1074.45
Sphingolipid	axon [GO:0030424]	1074.45
Sphingolipid	calyx of Held [GO:0044305]	1074.45
Sphingolipid	neuronal cell body [GO:0043025]	1074.45
Sphingolipid	recycling endosome [GO:0055037]	194.76
Sphingolipid	endosome [GO:0005768]	194.76
Sphingolipid	Golgi membrane [GO:0000139]	194.76
Sphingolipid	plasma membrane [GO:0005886]	194.76
Sphingolipid	endoplasmic reticulum membrane [GO:0005789]	194.76
Sphingolipid	mitochondrion [GO:0005739]	194.76
Sphingolipid	external side of plasma membrane [GO:0009897]	194.76
Sphingolipid	Golgi apparatus [GO:0005794]	194.76
Sphingolipid	membrane [GO:0016020]	1498.41
Sphingolipid	cytosol [GO:0005829]	1498.41
Sphingolipid	endoplasmic reticulum [GO:0005783]	1498.41
Sphingolipid	endoplasmic reticulum membrane [GO:0005789]	1498.41
Sphingolipid	membrane raft [GO:0045121]	1783.53
Sphingolipid	endosome membrane [GO:0010008]	1783.53
Sphingolipid	plasma membrane [GO:0005886]	1783.53
Sphingolipid	extracellular space [GO:0005615]	1783.53
Sphingolipid	external side of plasma membrane [GO:0009897]	1783.53
Sphingolipid	apical plasma membrane [GO:0016324]	752.98
Sphingolipid	gap junction [GO:0005921]	752.98
Sphingolipid	plasma membrane [GO:0005886]	752.98
Sphingolipid	endoplasmic reticulum [GO:0005783]	752.98
Sphingolipid	cytoplasm [GO:0005737]	1285.67
Sphingolipid	plasma membrane [GO:0005886]	1420.03
Sphingolipid	cytoplasm [GO:0005737]	1420.03
Sphingolipid	postsynapse [GO:0098794]	1420.03
Sphingolipid	membrane [GO:0016020]	765.58
Sphingolipid	endoplasmic reticulum membrane [GO:0005789]	765.58
Sphingolipid	endoplasmic reticulum [GO:0005783]	765.58
Sphingolipid	vacuole [GO:0005773]	765.58
Sphingolipid	endocytic vesicle lumen [GO:0071682]	281.06
Sphingolipid	cytosol [GO:0005829]	281.06
Sphingolipid	extracellular exosome [GO:0070062]	281.06
Sphingolipid	membrane [GO:0016020]	281.06
Sphingolipid	blood microparticle [GO:0072562]	281.06
Sphingolipid	extracellular region [GO:0005576]	281.06
Sphingolipid	extracellular space [GO:0005615]	281.06
Sphingolipid	hemoglobin complex [GO:0005833]	281.06
Sphingolipid	haptoglobin-hemoglobin complex [GO:0031838]	281.06
Sphingolipid	late endosome [GO:0005770]	1603.12
Sphingolipid	endoplasmic reticulum [GO:0005783]	1603.12
Sphingolipid	cytoplasm [GO:0005737]	1603.12
Sphingolipid	endosome membrane [GO:0010008]	1603.12
Sphingolipid	lysosome [GO:0005764]	1603.12
Sphingolipid	early endosome [GO:0005769]	1603.12
Sphingolipid	extracellular space [GO:0005615]	1603.12
Sphingolipid	external side of plasma membrane [GO:0009897]	1603.12
Sphingolipid	lysosomal membrane [GO:0005765]	1603.12
Sphingolipid	cell surface [GO:0009986]	1603.12
Sphingolipid	recycling endosome [GO:0055037]	982.08
Sphingolipid	endosome [GO:0005768]	982.08
Sphingolipid	Golgi membrane [GO:0000139]	982.08
Sphingolipid	plasma membrane [GO:0005886]	982.08
Sphingolipid	endoplasmic reticulum membrane [GO:0005789]	982.08
Sphingolipid	mitochondrion [GO:0005739]	982.08
Sphingolipid	external side of plasma membrane [GO:0009897]	982.08
Sphingolipid	Golgi apparatus [GO:0005794]	982.08
Sphingolipid	very-low-density lipoprotein particle [GO:0034361]	862.02
Sphingolipid	low-density lipoprotein particle [GO:0034362]	862.02
Sphingolipid	spherical high-density lipoprotein particle [GO:0034366]	862.02
Sphingolipid	extracellular region [GO:0005576]	862.02
Sphingolipid	high-density lipoprotein particle [GO:0034364]	862.02
Sphingolipid	discoidal high-density lipoprotein particle [GO:0034365]	862.02
Sphingolipid	plasma membrane [GO:0005886]	1834.08
Sphingolipid	membrane [GO:0016020]	1834.08
Sphingolipid	endosome membrane [GO:0010008]	1834.08
Sphingolipid	voltage-gated sodium channel complex [GO:0001518]	1266.64
Sphingolipid	axon [GO:0030424]	1266.64
Sphingolipid	plasma membrane [GO:0005886]	1266.64
Sphingolipid	voltage-gated calcium channel complex [GO:0005891]	1266.64
Sphingolipid	endosome membrane [GO:0010008]	0.0
Sphingolipid	cytosol [GO:0005829]	0.0
Sphingolipid	plasma membrane [GO:0005886]	0.0
Sphingolipid	nuclear outer membrane [GO:0005640]	0.0
Sphingolipid	Golgi apparatus [GO:0005794]	0.0
Sphingolipid	endosome membrane [GO:0010008]	37.47
Sphingolipid	cytosol [GO:0005829]	37.47
Sphingolipid	plasma membrane [GO:0005886]	37.47
Sphingolipid	nuclear outer membrane [GO:0005640]	37.47
Sphingolipid	Golgi apparatus [GO:0005794]	37.47
Sphingolipid	cytoplasm [GO:0005737]	153.31
Sphingolipid	apical plasma membrane [GO:0016324]	415.14
Sphingolipid	gap junction [GO:0005921]	415.14
Sphingolipid	plasma membrane [GO:0005886]	415.14
Sphingolipid	endoplasmic reticulum [GO:0005783]	415.14
Sphingolipid	late endosome [GO:0005770]	1671.1
Sphingolipid	endoplasmic reticulum [GO:0005783]	1671.1
Sphingolipid	cytoplasm [GO:0005737]	1671.1
Sphingolipid	endosome membrane [GO:0010008]	1671.1
Sphingolipid	lysosome [GO:0005764]	1671.1
Sphingolipid	early endosome [GO:0005769]	1671.1
Sphingolipid	extracellular space [GO:0005615]	1671.1
Sphingolipid	external side of plasma membrane [GO:0009897]	1671.1
Sphingolipid	lysosomal membrane [GO:0005765]	1671.1
Sphingolipid	cell surface [GO:0009986]	1671.1
Sphingolipid	membrane [GO:0016020]	1437.96
Sphingolipid	cytosol [GO:0005829]	1437.96
Sphingolipid	endoplasmic reticulum [GO:0005783]	1437.96
Sphingolipid	endoplasmic reticulum membrane [GO:0005789]	1437.96
Sphingolipid	endoplasmic reticulum membrane [GO:0005789]	1417.43
Sphingolipid	endoplasmic reticulum [GO:0005783]	1417.43
Sphingolipid	membrane raft [GO:0045121]	1173.22
Sphingolipid	endosome [GO:0005768]	1173.22
Sphingolipid	intracellular membrane-bounded organelle [GO:0043231]	1173.22
Sphingolipid	nucleoplasm [GO:0005654]	1173.22
Sphingolipid	plasma membrane [GO:0005886]	1173.22
Sphingolipid	external side of plasma membrane [GO:0009897]	1173.22
Sphingolipid	cytoplasm [GO:0005737]	1173.22
Sphingolipid	late endosome [GO:0005770]	1875.78
Sphingolipid	endoplasmic reticulum [GO:0005783]	1875.78
Sphingolipid	cytoplasm [GO:0005737]	1875.78
Sphingolipid	endosome membrane [GO:0010008]	1875.78
Sphingolipid	lysosome [GO:0005764]	1875.78
Sphingolipid	early endosome [GO:0005769]	1875.78
Sphingolipid	extracellular space [GO:0005615]	1875.78
Sphingolipid	external side of plasma membrane [GO:0009897]	1875.78
Sphingolipid	lysosomal membrane [GO:0005765]	1875.78
Sphingolipid	cell surface [GO:0009986]	1875.78
Sphingolipid	endocytic vesicle lumen [GO:0071682]	636.69
Sphingolipid	cytosol [GO:0005829]	636.69
Sphingolipid	extracellular exosome [GO:0070062]	636.69
Sphingolipid	membrane [GO:0016020]	636.69
Sphingolipid	blood microparticle [GO:0072562]	636.69
Sphingolipid	extracellular region [GO:0005576]	636.69
Sphingolipid	extracellular space [GO:0005615]	636.69
Sphingolipid	hemoglobin complex [GO:0005833]	636.69
Sphingolipid	haptoglobin-hemoglobin complex [GO:0031838]	636.69
Sphingolipid	very-low-density lipoprotein particle [GO:0034361]	803.47
Sphingolipid	low-density lipoprotein particle [GO:0034362]	803.47
Sphingolipid	spherical high-density lipoprotein particle [GO:0034366]	803.47
Sphingolipid	extracellular region [GO:0005576]	803.47
Sphingolipid	high-density lipoprotein particle [GO:0034364]	803.47
Sphingolipid	discoidal high-density lipoprotein particle [GO:0034365]	803.47
Sphingolipid	plasma membrane [GO:0005886]	1138.73
Sphingolipid	cytoplasm [GO:0005737]	1138.73
Sphingolipid	late endosome [GO:0005770]	1832.6
Sphingolipid	endoplasmic reticulum [GO:0005783]	1832.6
Sphingolipid	cytoplasm [GO:0005737]	1832.6
Sphingolipid	endosome membrane [GO:0010008]	1832.6
Sphingolipid	lysosome [GO:0005764]	1832.6
Sphingolipid	early endosome [GO:0005769]	1832.6
Sphingolipid	extracellular space [GO:0005615]	1832.6
Sphingolipid	external side of plasma membrane [GO:0009897]	1832.6
Sphingolipid	lysosomal membrane [GO:0005765]	1832.6
Sphingolipid	cell surface [GO:0009986]	1832.6
Sphingolipid	membrane [GO:0016020]	813.34
Sphingolipid	serine C-palmitoyltransferase complex [GO:0017059]	813.34
Sphingolipid	SPOTS complex [GO:0035339]	813.34
Sphingolipid	endoplasmic reticulum [GO:0005783]	813.34
Sphingolipid	membrane [GO:0016020]	858.03
Sphingolipid	host cell cytoplasmic vesicle membrane [GO:0044162]	858.03
Sphingolipid	T=pseudo3 icosahedral viral capsid [GO:0039618]	858.03
Sphingolipid	host cell nucleus [GO:0042025]	858.03
Sphingolipid	endosome membrane [GO:0010008]	1202.89
Sphingolipid	cytosol [GO:0005829]	1202.89
Sphingolipid	plasma membrane [GO:0005886]	1202.89
Sphingolipid	nuclear outer membrane [GO:0005640]	1202.89
Sphingolipid	Golgi apparatus [GO:0005794]	1202.89
Sphingolipid	endosome membrane [GO:0010008]	836.16
Sphingolipid	cytosol [GO:0005829]	836.16
Sphingolipid	plasma membrane [GO:0005886]	836.16
Sphingolipid	nuclear outer membrane [GO:0005640]	836.16
Sphingolipid	Golgi apparatus [GO:0005794]	836.16
Sphingolipid	clathrin-coated pit [GO:0005905]	861.86
Sphingolipid	membrane [GO:0016020]	861.86
Sphingolipid	cytosol [GO:0005829]	861.86
Sphingolipid	endocytic vesicle [GO:0030139]	861.86
Sphingolipid	cytoplasm [GO:0005737]	861.86
Sphingolipid	plasma membrane [GO:0005886]	861.86
Sphingolipid	intracellular membrane-bounded organelle [GO:0043231]	861.86
Sphingolipid	presynapse [GO:0098793]	861.86
Sphingolipid	nucleoplasm [GO:0005654]	861.86
Sphingolipid	early endosome membrane [GO:0031901]	861.86
Sphingolipid	nucleus [GO:0005634]	861.86
Sphingolipid	cytosol [GO:0005829]	658.85
Sphingolipid	apical plasma membrane [GO:0016324]	317.94
Sphingolipid	gap junction [GO:0005921]	317.94
Sphingolipid	plasma membrane [GO:0005886]	317.94
Sphingolipid	endoplasmic reticulum [GO:0005783]	317.94
Sphingolipid	transcription regulator complex [GO:0005667]	1870.64
Sphingolipid	chromatin [GO:0000785]	1870.64
Sphingolipid	nuclear chromosome [GO:0000228]	1870.64
Sphingolipid	RNA polymerase II transcription regulator complex [GO:0090575]	1870.64
Sphingolipid	transcription factor AP-1 complex [GO:0035976]	1870.64
Sphingolipid	nucleoplasm [GO:0005654]	1870.64
Sphingolipid	euchromatin [GO:0000791]	1870.64
Sphingolipid	nucleus [GO:0005634]	1870.64
Sphingolipid	cytosol [GO:0005829]	1345.15
Sphingolipid	nucleoplasm [GO:0005654]	1345.15
Sphingolipid	endoplasmic reticulum membrane [GO:0005789]	1345.15
Sphingolipid	mitochondrion [GO:0005739]	1345.15
Sphingolipid	Golgi apparatus [GO:0005794]	1345.15
Sphingolipid	late endosome [GO:0005770]	2172.99
Sphingolipid	endoplasmic reticulum [GO:0005783]	2172.99
Sphingolipid	cytoplasm [GO:0005737]	2172.99
Sphingolipid	endosome membrane [GO:0010008]	2172.99
Sphingolipid	lysosome [GO:0005764]	2172.99
Sphingolipid	early endosome [GO:0005769]	2172.99
Sphingolipid	extracellular space [GO:0005615]	2172.99
Sphingolipid	external side of plasma membrane [GO:0009897]	2172.99
Sphingolipid	lysosomal membrane [GO:0005765]	2172.99
Sphingolipid	cell surface [GO:0009986]	2172.99
Sphingolipid	late endosome [GO:0005770]	2026.32
Sphingolipid	endoplasmic reticulum [GO:0005783]	2026.32
Sphingolipid	cytoplasm [GO:0005737]	2026.32
Sphingolipid	endosome membrane [GO:0010008]	2026.32
Sphingolipid	lysosome [GO:0005764]	2026.32
Sphingolipid	early endosome [GO:0005769]	2026.32
Sphingolipid	extracellular space [GO:0005615]	2026.32
Sphingolipid	external side of plasma membrane [GO:0009897]	2026.32
Sphingolipid	lysosomal membrane [GO:0005765]	2026.32
Sphingolipid	cell surface [GO:0009986]	2026.32
Sphingolipid	late endosome [GO:0005770]	2102.96
Sphingolipid	endoplasmic reticulum [GO:0005783]	2102.96
Sphingolipid	cytoplasm [GO:0005737]	2102.96
Sphingolipid	endosome membrane [GO:0010008]	2102.96
Sphingolipid	lysosome [GO:0005764]	2102.96
Sphingolipid	early endosome [GO:0005769]	2102.96
Sphingolipid	extracellular space [GO:0005615]	2102.96
Sphingolipid	external side of plasma membrane [GO:0009897]	2102.96
Sphingolipid	lysosomal membrane [GO:0005765]	2102.96
Sphingolipid	cell surface [GO:0009986]	2102.96
Sphingolipid	late endosome [GO:0005770]	1952.07
Sphingolipid	endoplasmic reticulum [GO:0005783]	1952.07
Sphingolipid	cytoplasm [GO:0005737]	1952.07
Sphingolipid	endosome membrane [GO:0010008]	1952.07
Sphingolipid	lysosome [GO:0005764]	1952.07
Sphingolipid	early endosome [GO:0005769]	1952.07
Sphingolipid	extracellular space [GO:0005615]	1952.07
Sphingolipid	external side of plasma membrane [GO:0009897]	1952.07
Sphingolipid	lysosomal membrane [GO:0005765]	1952.07
Sphingolipid	cell surface [GO:0009986]	1952.07
Sphingolipid	serine C-palmitoyltransferase complex [GO:0017059]	1175.37
Sphingolipid	endoplasmic reticulum membrane [GO:0005789]	1175.37
Sphingolipid	axon terminus [GO:0043679]	1024.31
Sphingolipid	voltage-gated potassium channel complex [GO:0008076]	1024.31
Sphingolipid	endoplasmic reticulum [GO:0005783]	1024.31
Sphingolipid	cell surface [GO:0009986]	1024.31
Sphingolipid	apical plasma membrane [GO:0016324]	1024.31
Sphingolipid	plasma membrane [GO:0005886]	1024.31
Sphingolipid	astrocyte projection [GO:0097449]	1024.31
Sphingolipid	axon [GO:0030424]	1024.31
Sphingolipid	calyx of Held [GO:0044305]	1024.31
Sphingolipid	neuronal cell body [GO:0043025]	1024.31
Sphingolipid	late endosome [GO:0005770]	2129.81
Sphingolipid	endoplasmic reticulum [GO:0005783]	2129.81
Sphingolipid	cytoplasm [GO:0005737]	2129.81
Sphingolipid	endosome membrane [GO:0010008]	2129.81
Sphingolipid	lysosome [GO:0005764]	2129.81
Sphingolipid	early endosome [GO:0005769]	2129.81
Sphingolipid	extracellular space [GO:0005615]	2129.81
Sphingolipid	external side of plasma membrane [GO:0009897]	2129.81
Sphingolipid	lysosomal membrane [GO:0005765]	2129.81
Sphingolipid	cell surface [GO:0009986]	2129.81
Sphingolipid	apical plasma membrane [GO:0016324]	151.97
Sphingolipid	astrocyte projection [GO:0097449]	151.97
Sphingolipid	cell surface [GO:0009986]	151.97
Sphingolipid	plasma membrane [GO:0005886]	151.97
Sphingolipid	voltage-gated potassium channel complex [GO:0008076]	151.97
Sphingolipid	calyx of Held [GO:0044305]	151.97
Sphingolipid	Schaffer collateral - CA1 synapse [GO:0098685]	151.97
Sphingolipid	neuronal cell body [GO:0043025]	151.97
Sphingolipid	axon [GO:0030424]	151.97
Sphingolipid	axon terminus [GO:0043679]	151.97
Sphingolipid	postsynapse [GO:0098794]	151.97
Sphingolipid	endoplasmic reticulum [GO:0005783]	151.97
Sphingolipid	late endosome [GO:0005770]	1609.01
Sphingolipid	endoplasmic reticulum [GO:0005783]	1609.01
Sphingolipid	cytoplasm [GO:0005737]	1609.01
Sphingolipid	endosome membrane [GO:0010008]	1609.01
Sphingolipid	lysosome [GO:0005764]	1609.01
Sphingolipid	early endosome [GO:0005769]	1609.01
Sphingolipid	extracellular space [GO:0005615]	1609.01
Sphingolipid	external side of plasma membrane [GO:0009897]	1609.01
Sphingolipid	lysosomal membrane [GO:0005765]	1609.01
Sphingolipid	cell surface [GO:0009986]	1609.01
Sphingolipid	viral envelope [GO:0019031]	1316.02
Sphingolipid	host cell endoplasmic reticulum membrane [GO:0044167]	1316.02
Sphingolipid	membrane [GO:0016020]	1316.02
Sphingolipid	viral nucleocapsid [GO:0019013]	1316.02
Sphingolipid	extracellular region [GO:0005576]	1316.02
Sphingolipid	virion membrane [GO:0055036]	1316.02
Sphingolipid	late endosome [GO:0005770]	1310.73
Sphingolipid	endoplasmic reticulum [GO:0005783]	1310.73
Sphingolipid	cytoplasm [GO:0005737]	1310.73
Sphingolipid	endosome membrane [GO:0010008]	1310.73
Sphingolipid	lysosome [GO:0005764]	1310.73
Sphingolipid	early endosome [GO:0005769]	1310.73
Sphingolipid	extracellular space [GO:0005615]	1310.73
Sphingolipid	external side of plasma membrane [GO:0009897]	1310.73
Sphingolipid	lysosomal membrane [GO:0005765]	1310.73
Sphingolipid	cell surface [GO:0009986]	1310.73
Sphingolipid	endoplasmic reticulum [GO:0005783]	1696.09
Sphingolipid	cytoplasm [GO:0005737]	1696.09
Sphingolipid	endosome membrane [GO:0010008]	1696.09
Sphingolipid	basolateral plasma membrane [GO:0016323]	1696.09
Sphingolipid	lysosome [GO:0005764]	1696.09
Sphingolipid	plasma membrane [GO:0005886]	1696.09
Sphingolipid	endoplasmic reticulum membrane [GO:0005789]	1696.09
Sphingolipid	extracellular space [GO:0005615]	1696.09
Sphingolipid	external side of plasma membrane [GO:0009897]	1696.09
Sphingolipid	lysosomal membrane [GO:0005765]	1696.09
Sphingolipid	cell surface [GO:0009986]	1696.09
Sphingolipid	late endosome [GO:0005770]	1412.38
Sphingolipid	endoplasmic reticulum [GO:0005783]	1412.38
Sphingolipid	cytoplasm [GO:0005737]	1412.38
Sphingolipid	endosome membrane [GO:0010008]	1412.38
Sphingolipid	lysosome [GO:0005764]	1412.38
Sphingolipid	early endosome [GO:0005769]	1412.38
Sphingolipid	extracellular space [GO:0005615]	1412.38
Sphingolipid	external side of plasma membrane [GO:0009897]	1412.38
Sphingolipid	lysosomal membrane [GO:0005765]	1412.38
Sphingolipid	cell surface [GO:0009986]	1412.38
Sphingolipid	endocytic vesicle lumen [GO:0071682]	707.94
Sphingolipid	tertiary granule lumen [GO:1904724]	707.94
Sphingolipid	cytosol [GO:0005829]	707.94
Sphingolipid	ficolin-1-rich granule lumen [GO:1904813]	707.94
Sphingolipid	extracellular exosome [GO:0070062]	707.94
Sphingolipid	blood microparticle [GO:0072562]	707.94
Sphingolipid	extracellular region [GO:0005576]	707.94
Sphingolipid	extracellular space [GO:0005615]	707.94
Sphingolipid	hemoglobin complex [GO:0005833]	707.94
Sphingolipid	haptoglobin-hemoglobin complex [GO:0031838]	707.94
Sphingolipid	membrane raft [GO:0045121]	1538.57
Sphingolipid	endosome membrane [GO:0010008]	1538.57
Sphingolipid	plasma membrane [GO:0005886]	1538.57
Sphingolipid	extracellular space [GO:0005615]	1538.57
Sphingolipid	external side of plasma membrane [GO:0009897]	1538.57
Sphingolipid	plasma membrane [GO:0005886]	497.82
Sphingolipid	alpha-beta T cell receptor complex [GO:0042105]	497.82
Sphingolipid	protein-containing complex [GO:0032991]	1548.5
Sphingolipid	spindle pole [GO:0000922]	1548.5
Sphingolipid	cytoplasm [GO:0005737]	1548.5
Sphingolipid	cytosol [GO:0005829]	1548.5
Sphingolipid	late endosome [GO:0005770]	2154.66
Sphingolipid	endoplasmic reticulum [GO:0005783]	2154.66
Sphingolipid	cytoplasm [GO:0005737]	2154.66
Sphingolipid	endosome membrane [GO:0010008]	2154.66
Sphingolipid	lysosome [GO:0005764]	2154.66
Sphingolipid	early endosome [GO:0005769]	2154.66
Sphingolipid	extracellular space [GO:0005615]	2154.66
Sphingolipid	external side of plasma membrane [GO:0009897]	2154.66
Sphingolipid	lysosomal membrane [GO:0005765]	2154.66
Sphingolipid	cell surface [GO:0009986]	2154.66
Sphingolipid	endosome membrane [GO:0010008]	1167.77
Sphingolipid	cytosol [GO:0005829]	1167.77
Sphingolipid	plasma membrane [GO:0005886]	1167.77
Sphingolipid	nuclear outer membrane [GO:0005640]	1167.77
Sphingolipid	Golgi apparatus [GO:0005794]	1167.77
Sphingolipid	endosome membrane [GO:0010008]	1260.02
Sphingolipid	cytosol [GO:0005829]	1260.02
Sphingolipid	plasma membrane [GO:0005886]	1260.02
Sphingolipid	nuclear outer membrane [GO:0005640]	1260.02
Sphingolipid	Golgi apparatus [GO:0005794]	1260.02
Sphingolipid	SPOTS complex [GO:0035339]	1006.0
Sphingolipid	endoplasmic reticulum [GO:0005783]	1006.0
Sphingolipid	endoplasmic reticulum membrane [GO:0005789]	1006.0
Sphingolipid	SPOTS complex [GO:0035339]	1023.74
Sphingolipid	endoplasmic reticulum [GO:0005783]	1023.74
Sphingolipid	endoplasmic reticulum membrane [GO:0005789]	1023.74
Sphingolipid	extracellular space [GO:0005615]	834.79
Sphingolipid	lipopolysaccharide receptor complex [GO:0046696]	834.79
Sphingolipid	receptor complex [GO:0043235]	834.79
Sphingolipid	plasma membrane [GO:0005886]	834.79
Sphingolipid	voltage-gated sodium channel complex [GO:0001518]	946.92
Sphingolipid	axon [GO:0030424]	946.92
Sphingolipid	plasma membrane [GO:0005886]	946.92
Sphingolipid	voltage-gated calcium channel complex [GO:0005891]	946.92
Sphingolipid	cytoplasm [GO:0005737]	98.81
Sphingolipid	external side of plasma membrane [GO:0009897]	1867.26
Sphingolipid	cell surface [GO:0009986]	1867.26
Sphingolipid	plasma membrane [GO:0005886]	1867.26
Sphingolipid	basolateral plasma membrane [GO:0016323]	1867.26
Sphingolipid	cytoplasm [GO:0005737]	1867.26
Sphingolipid	lysosome [GO:0005764]	1867.26
Sphingolipid	endoplasmic reticulum membrane [GO:0005789]	1867.26
Sphingolipid	lysosomal membrane [GO:0005765]	1867.26
Sphingolipid	endosome membrane [GO:0010008]	1867.26
Sphingolipid	extracellular space [GO:0005615]	1867.26
Sphingolipid	endoplasmic reticulum [GO:0005783]	1867.26
Sphingolipid	late endosome [GO:0005770]	2016.91
Sphingolipid	endoplasmic reticulum [GO:0005783]	2016.91
Sphingolipid	cytoplasm [GO:0005737]	2016.91
Sphingolipid	endosome membrane [GO:0010008]	2016.91
Sphingolipid	basolateral plasma membrane [GO:0016323]	2016.91
Sphingolipid	lysosome [GO:0005764]	2016.91
Sphingolipid	early endosome [GO:0005769]	2016.91
Sphingolipid	plasma membrane [GO:0005886]	2016.91
Sphingolipid	endoplasmic reticulum membrane [GO:0005789]	2016.91
Sphingolipid	extracellular space [GO:0005615]	2016.91
Sphingolipid	external side of plasma membrane [GO:0009897]	2016.91
Sphingolipid	lysosomal membrane [GO:0005765]	2016.91
Sphingolipid	cell surface [GO:0009986]	2016.91
Sphingolipid	apical plasma membrane [GO:0016324]	161.61
Sphingolipid	gap junction [GO:0005921]	161.61
Sphingolipid	plasma membrane [GO:0005886]	161.61
Sphingolipid	endoplasmic reticulum [GO:0005783]	161.61
Sphingolipid	endosome membrane [GO:0010008]	1226.58
Sphingolipid	cytosol [GO:0005829]	1226.58
Sphingolipid	plasma membrane [GO:0005886]	1226.58
Sphingolipid	nuclear outer membrane [GO:0005640]	1226.58
Sphingolipid	Golgi apparatus [GO:0005794]	1226.58
Sphingolipid	endocytic vesicle lumen [GO:0071682]	167.16
Sphingolipid	tertiary granule lumen [GO:1904724]	167.16
Sphingolipid	cytosol [GO:0005829]	167.16
Sphingolipid	ficolin-1-rich granule lumen [GO:1904813]	167.16
Sphingolipid	extracellular exosome [GO:0070062]	167.16
Sphingolipid	blood microparticle [GO:0072562]	167.16
Sphingolipid	extracellular region [GO:0005576]	167.16
Sphingolipid	extracellular space [GO:0005615]	167.16
Sphingolipid	hemoglobin complex [GO:0005833]	167.16
Sphingolipid	haptoglobin-hemoglobin complex [GO:0031838]	167.16
Sphingolipid	plasma membrane [GO:0005886]	353.71
Sphingolipid	alpha-beta T cell receptor complex [GO:0042105]	353.71
Sphingolipid	endosome membrane [GO:0010008]	1688.81
Sphingolipid	cytosol [GO:0005829]	1688.81
Sphingolipid	plasma membrane [GO:0005886]	1688.81
Sphingolipid	nuclear outer membrane [GO:0005640]	1688.81
Sphingolipid	Golgi apparatus [GO:0005794]	1688.81
Sphingolipid	endosome membrane [GO:0010008]	205.97
Sphingolipid	cytosol [GO:0005829]	205.97
Sphingolipid	plasma membrane [GO:0005886]	205.97
Sphingolipid	nuclear outer membrane [GO:0005640]	205.97
Sphingolipid	Golgi apparatus [GO:0005794]	205.97
Sphingolipid	membrane [GO:0016020]	1401.25
Sphingolipid	cytosol [GO:0005829]	1401.25
Sphingolipid	endoplasmic reticulum [GO:0005783]	1401.25
Sphingolipid	endoplasmic reticulum membrane [GO:0005789]	1401.25
Sphingolipid	membrane [GO:0016020]	704.7
Sphingolipid	serine C-palmitoyltransferase complex [GO:0017059]	704.7
Sphingolipid	SPOTS complex [GO:0035339]	704.7
Sphingolipid	endoplasmic reticulum [GO:0005783]	704.7
Sphingolipid	voltage-gated sodium channel complex [GO:0001518]	875.62
Sphingolipid	axon [GO:0030424]	875.62
Sphingolipid	plasma membrane [GO:0005886]	875.62
Sphingolipid	voltage-gated calcium channel complex [GO:0005891]	875.62
Sphingolipid	extracellular space [GO:0005615]	1322.09
Sphingolipid	lipopolysaccharide receptor complex [GO:0046696]	1322.09
Sphingolipid	receptor complex [GO:0043235]	1322.09
Sphingolipid	plasma membrane [GO:0005886]	1322.09
Sphingolipid	apical plasma membrane [GO:0016324]	737.23
Sphingolipid	gap junction [GO:0005921]	737.23
Sphingolipid	plasma membrane [GO:0005886]	737.23
Sphingolipid	endoplasmic reticulum [GO:0005783]	737.23
Sphingolipid	cytoplasm [GO:0005737]	766.11
Sphingolipid	apical plasma membrane [GO:0016324]	285.42
Sphingolipid	gap junction [GO:0005921]	285.42
Sphingolipid	plasma membrane [GO:0005886]	285.42
Sphingolipid	endoplasmic reticulum [GO:0005783]	285.42
Sphingolipid	cytoplasm [GO:0005737]	374.47
Sphingolipid	endosome membrane [GO:0010008]	1246.13
Sphingolipid	cytosol [GO:0005829]	1246.13
Sphingolipid	plasma membrane [GO:0005886]	1246.13
Sphingolipid	nuclear outer membrane [GO:0005640]	1246.13
Sphingolipid	Golgi apparatus [GO:0005794]	1246.13
Sphingolipid	late endosome [GO:0005770]	1863.52
Sphingolipid	endoplasmic reticulum [GO:0005783]	1863.52
Sphingolipid	cytoplasm [GO:0005737]	1863.52
Sphingolipid	endosome membrane [GO:0010008]	1863.52
Sphingolipid	lysosome [GO:0005764]	1863.52
Sphingolipid	early endosome [GO:0005769]	1863.52
Sphingolipid	extracellular space [GO:0005615]	1863.52
Sphingolipid	external side of plasma membrane [GO:0009897]	1863.52
Sphingolipid	lysosomal membrane [GO:0005765]	1863.52
Sphingolipid	cell surface [GO:0009986]	1863.52
Sphingolipid	late endosome [GO:0005770]	2099.92
Sphingolipid	endoplasmic reticulum [GO:0005783]	2099.92
Sphingolipid	cytoplasm [GO:0005737]	2099.92
Sphingolipid	endosome membrane [GO:0010008]	2099.92
Sphingolipid	lysosome [GO:0005764]	2099.92
Sphingolipid	early endosome [GO:0005769]	2099.92
Sphingolipid	extracellular space [GO:0005615]	2099.92
Sphingolipid	external side of plasma membrane [GO:0009897]	2099.92
Sphingolipid	lysosomal membrane [GO:0005765]	2099.92
Sphingolipid	cell surface [GO:0009986]	2099.92
Sphingolipid	apical plasma membrane [GO:0016324]	813.65
Sphingolipid	astrocyte projection [GO:0097449]	813.65
Sphingolipid	cell surface [GO:0009986]	813.65
Sphingolipid	plasma membrane [GO:0005886]	813.65
Sphingolipid	voltage-gated potassium channel complex [GO:0008076]	813.65
Sphingolipid	calyx of Held [GO:0044305]	813.65
Sphingolipid	Schaffer collateral - CA1 synapse [GO:0098685]	813.65
Sphingolipid	neuronal cell body [GO:0043025]	813.65
Sphingolipid	axon [GO:0030424]	813.65
Sphingolipid	axon terminus [GO:0043679]	813.65
Sphingolipid	postsynapse [GO:0098794]	813.65
Sphingolipid	endoplasmic reticulum [GO:0005783]	813.65
Sphingolipid	chloroplast membrane [GO:0031969]	911.47
Sphingolipid	endocytic vesicle lumen [GO:0071682]	287.41
Sphingolipid	tertiary granule lumen [GO:1904724]	287.41
Sphingolipid	cytosol [GO:0005829]	287.41
Sphingolipid	ficolin-1-rich granule lumen [GO:1904813]	287.41
Sphingolipid	extracellular exosome [GO:0070062]	287.41
Sphingolipid	blood microparticle [GO:0072562]	287.41
Sphingolipid	extracellular region [GO:0005576]	287.41
Sphingolipid	extracellular space [GO:0005615]	287.41
Sphingolipid	hemoglobin complex [GO:0005833]	287.41
Sphingolipid	haptoglobin-hemoglobin complex [GO:0031838]	287.41
Sphingolipid	apical plasma membrane [GO:0016324]	348.01
Sphingolipid	astrocyte projection [GO:0097449]	348.01
Sphingolipid	cell surface [GO:0009986]	348.01
Sphingolipid	plasma membrane [GO:0005886]	348.01
Sphingolipid	voltage-gated potassium channel complex [GO:0008076]	348.01
Sphingolipid	calyx of Held [GO:0044305]	348.01
Sphingolipid	neuronal cell body [GO:0043025]	348.01
Sphingolipid	axon [GO:0030424]	348.01
Sphingolipid	axon terminus [GO:0043679]	348.01
Sphingolipid	endoplasmic reticulum [GO:0005783]	348.01
Sphingolipid	plasma membrane [GO:0005886]	288.53
Sphingolipid	alpha-beta T cell receptor complex [GO:0042105]	288.53
Sphingolipid	late endosome [GO:0005770]	1171.93
Sphingolipid	endoplasmic reticulum [GO:0005783]	1171.93
Sphingolipid	cytoplasm [GO:0005737]	1171.93
Sphingolipid	endosome membrane [GO:0010008]	1171.93
Sphingolipid	lysosome [GO:0005764]	1171.93
Sphingolipid	early endosome [GO:0005769]	1171.93
Sphingolipid	extracellular space [GO:0005615]	1171.93
Sphingolipid	external side of plasma membrane [GO:0009897]	1171.93
Sphingolipid	lysosomal membrane [GO:0005765]	1171.93
Sphingolipid	cell surface [GO:0009986]	1171.93
Sphingolipid	protein-containing complex [GO:0032991]	1792.8
Sphingolipid	spindle pole [GO:0000922]	1792.8
Sphingolipid	cytoplasm [GO:0005737]	1792.8
Sphingolipid	cytosol [GO:0005829]	1792.8
Sphingolipid	late endosome [GO:0005770]	2118.84
Sphingolipid	endoplasmic reticulum [GO:0005783]	2118.84
Sphingolipid	cytoplasm [GO:0005737]	2118.84
Sphingolipid	endosome membrane [GO:0010008]	2118.84
Sphingolipid	lysosome [GO:0005764]	2118.84
Sphingolipid	early endosome [GO:0005769]	2118.84
Sphingolipid	extracellular space [GO:0005615]	2118.84
Sphingolipid	external side of plasma membrane [GO:0009897]	2118.84
Sphingolipid	lysosomal membrane [GO:0005765]	2118.84
Sphingolipid	cell surface [GO:0009986]	2118.84
Sphingolipid	late endosome [GO:0005770]	1884.34
Sphingolipid	endoplasmic reticulum [GO:0005783]	1884.34
Sphingolipid	cytoplasm [GO:0005737]	1884.34
Sphingolipid	endosome membrane [GO:0010008]	1884.34
Sphingolipid	lysosome [GO:0005764]	1884.34
Sphingolipid	early endosome [GO:0005769]	1884.34
Sphingolipid	extracellular space [GO:0005615]	1884.34
Sphingolipid	external side of plasma membrane [GO:0009897]	1884.34
Sphingolipid	lysosomal membrane [GO:0005765]	1884.34
Sphingolipid	cell surface [GO:0009986]	1884.34
Sphingolipid	SPOTS complex [GO:0035339]	1294.02
Sphingolipid	endoplasmic reticulum [GO:0005783]	1294.02
Sphingolipid	endoplasmic reticulum membrane [GO:0005789]	1294.02
Sphingolipid	SPOTS complex [GO:0035339]	820.39
Sphingolipid	endoplasmic reticulum [GO:0005783]	820.39
Sphingolipid	endoplasmic reticulum membrane [GO:0005789]	820.39
Sphingolipid	endosome membrane [GO:0010008]	68.13
Sphingolipid	cytosol [GO:0005829]	68.13
Sphingolipid	plasma membrane [GO:0005886]	68.13
Sphingolipid	nuclear outer membrane [GO:0005640]	68.13
Sphingolipid	Golgi apparatus [GO:0005794]	68.13
Sphingolipid	endosome membrane [GO:0010008]	0.0
Sphingolipid	cytosol [GO:0005829]	0.0
Sphingolipid	plasma membrane [GO:0005886]	0.0
Sphingolipid	nuclear outer membrane [GO:0005640]	0.0
Sphingolipid	Golgi apparatus [GO:0005794]	0.0
Sphingolipid	plasma membrane [GO:0005886]	228.63
Sphingolipid	alpha-beta T cell receptor complex [GO:0042105]	228.63
Sphingolipid	late endosome [GO:0005770]	1331.99
Sphingolipid	endoplasmic reticulum [GO:0005783]	1331.99
Sphingolipid	cytoplasm [GO:0005737]	1331.99
Sphingolipid	endosome membrane [GO:0010008]	1331.99
Sphingolipid	lysosome [GO:0005764]	1331.99
Sphingolipid	early endosome [GO:0005769]	1331.99
Sphingolipid	extracellular space [GO:0005615]	1331.99
Sphingolipid	external side of plasma membrane [GO:0009897]	1331.99
Sphingolipid	lysosomal membrane [GO:0005765]	1331.99
Sphingolipid	cell surface [GO:0009986]	1331.99
Sphingolipid	cytosol [GO:0005829]	1750.72
Sphingolipid	plasma membrane [GO:0005886]	392.41
Sphingolipid	alpha-beta T cell receptor complex [GO:0042105]	392.41
Sphingolipid	cytoplasm [GO:0005737]	604.46
Sphingolipid	apical plasma membrane [GO:0016324]	1127.58
Sphingolipid	gap junction [GO:0005921]	1127.58
Sphingolipid	plasma membrane [GO:0005886]	1127.58
Sphingolipid	endoplasmic reticulum [GO:0005783]	1127.58
Sphingolipid	membrane [GO:0016020]	387.69
Sphingolipid	transcription regulator complex [GO:0005667]	2078.87
Sphingolipid	chromatin [GO:0000785]	2078.87
Sphingolipid	nuclear chromosome [GO:0000228]	2078.87
Sphingolipid	RNA polymerase II transcription regulator complex [GO:0090575]	2078.87
Sphingolipid	transcription factor AP-1 complex [GO:0035976]	2078.87
Sphingolipid	nucleoplasm [GO:0005654]	2078.87
Sphingolipid	euchromatin [GO:0000791]	2078.87
Sphingolipid	nucleus [GO:0005634]	2078.87
Sphingolipid	cytoplasm [GO:0005737]	291.18
Sphingolipid	perinuclear region of cytoplasm [GO:0048471]	291.18
Sphingolipid	early endosome [GO:0005769]	291.18
Sphingolipid	phagocytic cup [GO:0001891]	291.18
Sphingolipid	ruffle [GO:0001726]	291.18
Sphingolipid	lipopolysaccharide receptor complex [GO:0046696]	291.18
Sphingolipid	membrane [GO:0016020]	291.18
Sphingolipid	plasma membrane [GO:0005886]	291.18
Sphingolipid	receptor complex [GO:0043235]	291.18
Sphingolipid	external side of plasma membrane [GO:0009897]	291.18
Sphingolipid	cell surface [GO:0009986]	291.18
Sphingolipid	Golgi apparatus [GO:0005794]	291.18
Sphingolipid	cytosol [GO:0005829]	1307.69
Sphingolipid	nucleoplasm [GO:0005654]	1307.69
Sphingolipid	endoplasmic reticulum membrane [GO:0005789]	1307.69
Sphingolipid	mitochondrion [GO:0005739]	1307.69
Sphingolipid	Golgi apparatus [GO:0005794]	1307.69
Sphingolipid	membrane raft [GO:0045121]	1578.79
Sphingolipid	endosome [GO:0005768]	1578.79
Sphingolipid	intracellular membrane-bounded organelle [GO:0043231]	1578.79
Sphingolipid	nucleoplasm [GO:0005654]	1578.79
Sphingolipid	plasma membrane [GO:0005886]	1578.79
Sphingolipid	external side of plasma membrane [GO:0009897]	1578.79
Sphingolipid	cytoplasm [GO:0005737]	1578.79
Sphingolipid	plasma membrane [GO:0005886]	1123.48
Sphingolipid	cytoplasm [GO:0005737]	1123.48
Sphingolipid	chloroplast membrane [GO:0031969]	443.17
Sphingolipid	apical plasma membrane [GO:0016324]	934.77
Sphingolipid	astrocyte projection [GO:0097449]	934.77
Sphingolipid	cell surface [GO:0009986]	934.77
Sphingolipid	plasma membrane [GO:0005886]	934.77
Sphingolipid	voltage-gated potassium channel complex [GO:0008076]	934.77
Sphingolipid	calyx of Held [GO:0044305]	934.77
Sphingolipid	Schaffer collateral - CA1 synapse [GO:0098685]	934.77
Sphingolipid	neuronal cell body [GO:0043025]	934.77
Sphingolipid	axon [GO:0030424]	934.77
Sphingolipid	axon terminus [GO:0043679]	934.77
Sphingolipid	postsynapse [GO:0098794]	934.77
Sphingolipid	endoplasmic reticulum [GO:0005783]	934.77
Sphingolipid	late endosome [GO:0005770]	1981.93
Sphingolipid	endoplasmic reticulum [GO:0005783]	1981.93
Sphingolipid	cytoplasm [GO:0005737]	1981.93
Sphingolipid	endosome membrane [GO:0010008]	1981.93
Sphingolipid	lysosome [GO:0005764]	1981.93
Sphingolipid	early endosome [GO:0005769]	1981.93
Sphingolipid	extracellular space [GO:0005615]	1981.93
Sphingolipid	external side of plasma membrane [GO:0009897]	1981.93
Sphingolipid	lysosomal membrane [GO:0005765]	1981.93
Sphingolipid	cell surface [GO:0009986]	1981.93
Sphingolipid	late endosome [GO:0005770]	2284.87
Sphingolipid	endoplasmic reticulum [GO:0005783]	2284.87
Sphingolipid	cytoplasm [GO:0005737]	2284.87
Sphingolipid	endosome membrane [GO:0010008]	2284.87
Sphingolipid	lysosome [GO:0005764]	2284.87
Sphingolipid	early endosome [GO:0005769]	2284.87
Sphingolipid	extracellular space [GO:0005615]	2284.87
Sphingolipid	external side of plasma membrane [GO:0009897]	2284.87
Sphingolipid	lysosomal membrane [GO:0005765]	2284.87
Sphingolipid	cell surface [GO:0009986]	2284.87
Sphingolipid	late endosome [GO:0005770]	2505.15
Sphingolipid	endoplasmic reticulum [GO:0005783]	2505.15
Sphingolipid	cytoplasm [GO:0005737]	2505.15
Sphingolipid	endosome membrane [GO:0010008]	2505.15
Sphingolipid	lysosome [GO:0005764]	2505.15
Sphingolipid	early endosome [GO:0005769]	2505.15
Sphingolipid	extracellular space [GO:0005615]	2505.15
Sphingolipid	external side of plasma membrane [GO:0009897]	2505.15
Sphingolipid	lysosomal membrane [GO:0005765]	2505.15
Sphingolipid	cell surface [GO:0009986]	2505.15
Sphingolipid	protein-containing complex [GO:0032991]	1572.86
Sphingolipid	spindle pole [GO:0000922]	1572.86
Sphingolipid	cytoplasm [GO:0005737]	1572.86
Sphingolipid	cytosol [GO:0005829]	1572.86
Sphingolipid	cytoplasm [GO:0005737]	1265.6
Sphingolipid	plasma membrane [GO:0005886]	347.89
Sphingolipid	alpha-beta T cell receptor complex [GO:0042105]	347.89
Sphingolipid	membrane raft [GO:0045121]	1663.42
Sphingolipid	endosome membrane [GO:0010008]	1663.42
Sphingolipid	plasma membrane [GO:0005886]	1663.42
Sphingolipid	extracellular space [GO:0005615]	1663.42
Sphingolipid	external side of plasma membrane [GO:0009897]	1663.42
Sphingolipid	membrane [GO:0016020]	492.5
Sphingolipid	endoplasmic reticulum membrane [GO:0005789]	492.5
Sphingolipid	endoplasmic reticulum [GO:0005783]	492.5
Sphingolipid	vacuole [GO:0005773]	492.5
Sphingolipid	membrane raft [GO:0045121]	1124.26
Sphingolipid	endosome [GO:0005768]	1124.26
Sphingolipid	intracellular membrane-bounded organelle [GO:0043231]	1124.26
Sphingolipid	nucleoplasm [GO:0005654]	1124.26
Sphingolipid	plasma membrane [GO:0005886]	1124.26
Sphingolipid	external side of plasma membrane [GO:0009897]	1124.26
Sphingolipid	cytoplasm [GO:0005737]	1124.26
Sphingolipid	chloroplast membrane [GO:0031969]	524.77
Sphingolipid	plasma membrane [GO:0005886]	1014.09
Sphingolipid	cytoplasm [GO:0005737]	1014.09
Sphingolipid	apical plasma membrane [GO:0016324]	885.36
Sphingolipid	astrocyte projection [GO:0097449]	885.36
Sphingolipid	cell surface [GO:0009986]	885.36
Sphingolipid	plasma membrane [GO:0005886]	885.36
Sphingolipid	voltage-gated potassium channel complex [GO:0008076]	885.36
Sphingolipid	calyx of Held [GO:0044305]	885.36
Sphingolipid	Schaffer collateral - CA1 synapse [GO:0098685]	885.36
Sphingolipid	neuronal cell body [GO:0043025]	885.36
Sphingolipid	axon [GO:0030424]	885.36
Sphingolipid	axon terminus [GO:0043679]	885.36
Sphingolipid	postsynapse [GO:0098794]	885.36
Sphingolipid	endoplasmic reticulum [GO:0005783]	885.36
Sphingolipid	cytoplasm [GO:0005737]	862.45
Sphingolipid	voltage-gated sodium channel complex [GO:0001518]	1123.2
Sphingolipid	axon [GO:0030424]	1123.2
Sphingolipid	plasma membrane [GO:0005886]	1123.2
Sphingolipid	voltage-gated calcium channel complex [GO:0005891]	1123.2
Sphingolipid	endoplasmic reticulum membrane [GO:0005789]	1127.25
Sphingolipid	endoplasmic reticulum [GO:0005783]	1127.25
Sphingolipid	cytosol [GO:0005829]	1989.45
Sphingolipid	endoplasmic reticulum [GO:0005783]	1980.11
Sphingolipid	cytoplasm [GO:0005737]	1980.11
Sphingolipid	endosome membrane [GO:0010008]	1980.11
Sphingolipid	basolateral plasma membrane [GO:0016323]	1980.11
Sphingolipid	lysosome [GO:0005764]	1980.11
Sphingolipid	plasma membrane [GO:0005886]	1980.11
Sphingolipid	endoplasmic reticulum membrane [GO:0005789]	1980.11
Sphingolipid	extracellular space [GO:0005615]	1980.11
Sphingolipid	external side of plasma membrane [GO:0009897]	1980.11
Sphingolipid	lysosomal membrane [GO:0005765]	1980.11
Sphingolipid	cell surface [GO:0009986]	1980.11
Sphingolipid	late endosome [GO:0005770]	1238.79
Sphingolipid	endoplasmic reticulum [GO:0005783]	1238.79
Sphingolipid	cytoplasm [GO:0005737]	1238.79
Sphingolipid	endosome membrane [GO:0010008]	1238.79
Sphingolipid	lysosome [GO:0005764]	1238.79
Sphingolipid	early endosome [GO:0005769]	1238.79
Sphingolipid	extracellular space [GO:0005615]	1238.79
Sphingolipid	external side of plasma membrane [GO:0009897]	1238.79
Sphingolipid	lysosomal membrane [GO:0005765]	1238.79
Sphingolipid	cell surface [GO:0009986]	1238.79
Sphingolipid	membrane [GO:0016020]	818.33
Sphingolipid	serine C-palmitoyltransferase complex [GO:0017059]	818.33
Sphingolipid	SPOTS complex [GO:0035339]	818.33
Sphingolipid	endoplasmic reticulum [GO:0005783]	818.33
Sphingolipid	SPOTS complex [GO:0035339]	1394.15
Sphingolipid	endoplasmic reticulum [GO:0005783]	1394.15
Sphingolipid	endoplasmic reticulum membrane [GO:0005789]	1394.15
Sphingolipid	endosome membrane [GO:0010008]	1106.03
Sphingolipid	cytosol [GO:0005829]	1106.03
Sphingolipid	plasma membrane [GO:0005886]	1106.03
Sphingolipid	nuclear outer membrane [GO:0005640]	1106.03
Sphingolipid	Golgi apparatus [GO:0005794]	1106.03
Sphingolipid	endosome membrane [GO:0010008]	927.35
Sphingolipid	cytosol [GO:0005829]	927.35
Sphingolipid	plasma membrane [GO:0005886]	927.35
Sphingolipid	nuclear outer membrane [GO:0005640]	927.35
Sphingolipid	Golgi apparatus [GO:0005794]	927.35
Sphingolipid	late endosome [GO:0005770]	2080.55
Sphingolipid	endoplasmic reticulum [GO:0005783]	2080.55
Sphingolipid	cytoplasm [GO:0005737]	2080.55
Sphingolipid	endosome membrane [GO:0010008]	2080.55
Sphingolipid	lysosome [GO:0005764]	2080.55
Sphingolipid	early endosome [GO:0005769]	2080.55
Sphingolipid	extracellular space [GO:0005615]	2080.55
Sphingolipid	external side of plasma membrane [GO:0009897]	2080.55
Sphingolipid	lysosomal membrane [GO:0005765]	2080.55
Sphingolipid	cell surface [GO:0009986]	2080.55
Sphingolipid	endocytic vesicle lumen [GO:0071682]	314.24
Sphingolipid	cytosol [GO:0005829]	314.24
Sphingolipid	extracellular exosome [GO:0070062]	314.24
Sphingolipid	membrane [GO:0016020]	314.24
Sphingolipid	blood microparticle [GO:0072562]	314.24
Sphingolipid	extracellular region [GO:0005576]	314.24
Sphingolipid	extracellular space [GO:0005615]	314.24
Sphingolipid	hemoglobin complex [GO:0005833]	314.24
Sphingolipid	haptoglobin-hemoglobin complex [GO:0031838]	314.24
Sphingolipid	apical plasma membrane [GO:0016324]	591.42
Sphingolipid	gap junction [GO:0005921]	591.42
Sphingolipid	plasma membrane [GO:0005886]	591.42
Sphingolipid	endoplasmic reticulum [GO:0005783]	591.42
Sphingolipid	late endosome [GO:0005770]	1912.97
Sphingolipid	endoplasmic reticulum [GO:0005783]	1912.97
Sphingolipid	cytoplasm [GO:0005737]	1912.97
Sphingolipid	endosome membrane [GO:0010008]	1912.97
Sphingolipid	basolateral plasma membrane [GO:0016323]	1912.97
Sphingolipid	lysosome [GO:0005764]	1912.97
Sphingolipid	early endosome [GO:0005769]	1912.97
Sphingolipid	plasma membrane [GO:0005886]	1912.97
Sphingolipid	endoplasmic reticulum membrane [GO:0005789]	1912.97
Sphingolipid	extracellular space [GO:0005615]	1912.97
Sphingolipid	external side of plasma membrane [GO:0009897]	1912.97
Sphingolipid	lysosomal membrane [GO:0005765]	1912.97
Sphingolipid	cell surface [GO:0009986]	1912.97
Sphingolipid	apical plasma membrane [GO:0016324]	60.29
Sphingolipid	gap junction [GO:0005921]	60.29
Sphingolipid	plasma membrane [GO:0005886]	60.29
Sphingolipid	endoplasmic reticulum [GO:0005783]	60.29
Sphingolipid	cytoplasm [GO:0005737]	252.4
Sphingolipid	voltage-gated sodium channel complex [GO:0001518]	1123.74
Sphingolipid	axon [GO:0030424]	1123.74
Sphingolipid	plasma membrane [GO:0005886]	1123.74
Sphingolipid	voltage-gated calcium channel complex [GO:0005891]	1123.74
Sphingolipid	cytoplasm [GO:0005737]	387.09
Sphingolipid	perinuclear region of cytoplasm [GO:0048471]	387.09
Sphingolipid	early endosome [GO:0005769]	387.09
Sphingolipid	phagocytic cup [GO:0001891]	387.09
Sphingolipid	ruffle [GO:0001726]	387.09
Sphingolipid	lipopolysaccharide receptor complex [GO:0046696]	387.09
Sphingolipid	membrane [GO:0016020]	387.09
Sphingolipid	plasma membrane [GO:0005886]	387.09
Sphingolipid	receptor complex [GO:0043235]	387.09
Sphingolipid	external side of plasma membrane [GO:0009897]	387.09
Sphingolipid	cell surface [GO:0009986]	387.09
Sphingolipid	Golgi apparatus [GO:0005794]	387.09
Sphingolipid	endoplasmic reticulum [GO:0005783]	1572.34
Sphingolipid	cytoplasm [GO:0005737]	1572.34
Sphingolipid	endosome membrane [GO:0010008]	1572.34
Sphingolipid	basolateral plasma membrane [GO:0016323]	1572.34
Sphingolipid	lysosome [GO:0005764]	1572.34
Sphingolipid	plasma membrane [GO:0005886]	1572.34
Sphingolipid	endoplasmic reticulum membrane [GO:0005789]	1572.34
Sphingolipid	extracellular space [GO:0005615]	1572.34
Sphingolipid	external side of plasma membrane [GO:0009897]	1572.34
Sphingolipid	lysosomal membrane [GO:0005765]	1572.34
Sphingolipid	cell surface [GO:0009986]	1572.34
Sphingolipid	cytosol [GO:0005829]	2006.11
