LeidenCluster	LC00	LC01	LC02	LC03	LC04	LC05	LC06	LC07	LC08	LC09	LC10	LC11	LC12	LC13	LC14	LC15	LC16	LC17	LC18	LC19	LC20	LC21	LC22	LC23	LC24	LC25	LC26	LC27	LC28	LC29	LC30	LC31	LC32	LC33	LC34	LC35	LC36	LC37	LC38	LC39	LC40	LC41	LC42	LC43	LC44	LC45	LC46	LC47	LC48	LC49	LC50	LC51	LC52	LC53	LC54	LC55	LC56	LC57	LC58	LC59	LC60	LC61	LC62	LC63	LC64	LC65	LC66	LC67
LC00	0.025735112997169397	0.0015946089628785414	0.002851564866021463	0.021126550607919483	0.001273793543740178	0.003171909819730048	0.0020194072901776597	0.0010305709795704558	0.002613585784184774	0.02258994019768394	0.0034095678804603887	0.0001906759951197194	0.003402110376991838	0.004578238493542516	2.930795763699961e-05	0.012516433530733102	0.005407541705282669	0.008199554298274177	0.002548681883497292	0.0020116702659695386	0.0017928862508858965	0.007947344525159461	0.0	0.001255892878444471	0.0034827095616508587	0.0027078799067236686	0.00011793327154772937	0.004165488357926086	0.009606408392189446	0.0	0.0029933834020291696	0.0006843152610441766	0.008116510896527285	0.006844795357902197	0.0001252742312533717	0.00508441916921417	0.0028141493392926545	0.0	0.003837899096385542	0.005307262099244436	0.005825527108433735	0.01613318083655376	0.0027631458526413345	0.0017349043231750533	0.009102133021883452	0.004909229103915663	0.004588980389643681	0.006028143424762882	0.0055136780455153946	0.008261529840291397	0.005932964415802746	0.001996464429145152	0.0004280120481927711	0.0022725830149867765	0.0030759224397590365	0.003178692188107268	0.007378334025758205	0.0029046148881239245	0.0027322074010327022	0.0032210322057460612	0.0023680301204819275	0.008060911471974855	0.015162388685175485	0.007196654007333683	0.0014399096385542167	0.0021403791637136784	0.008290737951807228	0.004190361445783133
LC01	0.005376282114946272	1.0010445032870707	0.0035507081671835774	0.00012561470006591956	0.00981599588719154	0.0005166602316602317	1.542601923957856e-05	0.0	0.0005150076714268854	0.0016428457097874573	0.000543947455835724	2.3015737256243582e-05	0.0003070043591979076	0.0005260295547345907	0.0	0.0008460742098030233	0.8106678147378148	0.0008830248356464572	0.0	0.0	0.0	0.0007593879173290939	0.0	0.0	0.0	0.002693202557396106	0.0	0.007188587913756452	9.380863622242931e-05	0.0	0.0	0.0	0.0022453656597774246	0.0	0.0	0.0	0.00015674803836094158	0.0	0.0	0.007489949610627576	0.0	0.0009688934217236103	0.000785945945945946	0.0	0.0	0.0	0.0	0.0	0.009168102102102102	0.0	0.7978313199245758	0.0	0.0	0.0	0.022308496621621623	0.7879519790758501	0.22838730661696177	0.0	0.0	0.00034194386694386694	0.0	0.0	0.791751269095182	0.04328440658049354	0.0	0.0	0.0023182432432432435	0.0
LC02	0.01363159058364606	0.04147145591493133	0.6286756726089163	0.01603659369585499	0.0005153708323433912	0.0009178848761247382	0.015247910299157173	0.0009834925160370632	0.10122012432290547	0.008364512706244363	0.0029988033092163504	2.0986373383136196e-05	0.14001845231799753	0.014058063057750522	2.3382689934778776e-05	0.029082840835417244	0.01957870487132782	0.008993115246393934	0.6058178673484735	0.575786093927209	0.0	0.015178431908282438	0.0	0.0004365254558242709	0.0	0.6609132028908866	0.0	0.036972818812549886	0.026675956284153007	0.0	0.015289013517400057	0.021278204007285976	0.062055576984892315	0.006080070716811314	0.022263082130331947	0.0003591224206834679	0.5277271637581527	0.0	0.002448234061930783	0.002636343428730203	0.015860670916818455	0.009818419424682957	0.022642875157629257	0.0030376942033644057	0.010573525147764024	0.0	0.017798069991861412	0.01932417160795256	0.014539162112932606	0.0019229381115770745	0.020820777735417458	0.6541560889929743	0.0	0.621331580701053	0.7339737619535519	0.02426077912920853	0.10424879404560015	0.002295357142857143	0.004673614363778298	0.027530800756620427	0.1487104699453552	0.00015199572344975053	0.022347220242337845	0.027878629128058923	0.6744186942766753	0.6387620218579235	0.022188661202185794	0.0029060109289617488
LC03	0.011595294363429327	0.0	0.0	0.9962050416418797	0.0047787314422057265	0.006807193288098295	0.0	6.291092258748674e-06	0.0	0.6797066007577551	0.0	0.0	0.0	0.0	0.23291552419354838	0.00020030487804878052	0.0	0.0018988958470665788	0.0	0.0	0.0	0.0016155637254901961	0.0	0.0008848406182081622	0.0	0.0	0.0	0.0	0.003559381132604429	0.0	0.0	0.0	0.0	0.0	0.0	0.0	0.0	0.0	0.00011072662601626016	0.00759446568830095	0.0004239837398373984	0.0	0.0	0.0	0.0	0.0	0.0	0.0	0.00031826558265582656	1.4357629041406693e-05	0.0	0.0	8.477840571088638e-05	0.0	0.0	0.0	0.0	0.0	0.0	0.0	0.0	0.0006742841993637329	0.0	0.0	0.0	0.0	0.0	0.0
LC04	0.00038297592544089403	8.246474735605171e-05	0.0	1.1329091551785084e-05	0.998700674753203	0.90098111447096	0.0	0.0	0.0009717407126131259	0.007870326790488252	7.416201117318435e-05	0.0	0.0	0.0	0.0	0.0	0.0	3.0343386865125998e-05	0.0	0.0	0.0	0.000295460358056266	0.0	0.00030730377385564643	0.0	0.0	0.0	0.0	0.0	0.0	0.0	0.0	0.0	0.0	0.0	0.0	0.0	0.0	0.0	0.8292312883812332	0.0	0.04525322668854252	0.0	0.0	0.0	0.0	0.0	0.0	0.0	0.0	0.0	0.0	0.0	0.0	0.0	0.0	0.003451899050474763	0.0	0.0	0.0	0.0	0.0	0.0	0.0	0.0	0.0	0.0	0.0
LC05	0.0006782532385179817	7.819752082909979e-05	0.0	0.00012193402714102329	0.9023943036940176	0.9928904022273728	0.0	0.0	0.0	0.0028442970289802175	5.1371445373209565e-06	2.070048539069192e-05	0.0	0.0	0.0	0.0	0.0	0.00017495427758585654	0.0	0.0	0.0	2.2364735367831344e-05	0.0	0.006496530931288618	0.0	0.0	0.0	0.0	0.0	0.0	0.0	0.0	0.0	0.0	0.0	0.0	0.0	0.0	0.0004635213032581453	0.8261967822097617	0.0	0.15947702510994466	0.0	0.0	6.714746048795458e-05	0.0	0.0	0.0	0.0	0.0	0.0	0.0	0.0	0.0	0.0	0.0	0.0	0.0	0.0	0.0	0.0	0.0	0.0	0.0	0.0	0.0	0.0	0.0
LC06	0.016231309985705534	0.0072969857993586806	0.027160523756599053	0.004187952149648615	5.1851510685335303e-05	0.0	0.9921275872594082	0.0	0.776628158537488	0.0007559856837255224	3.557428273837705e-05	0.0	0.7669762274466921	0.07549179063528838	0.0	0.0008587869864981327	0.000758083441981747	0.003017563750190869	0.004603864095786036	0.0048301407099456345	0.0	0.000885979561316052	0.0	1.480953180063769e-05	0.0	0.009778102788408967	0.0	0.8169729289659112	0.0034630479251899476	0.0	0.029202118644067798	0.9114710564971751	0.008606947906281156	0.12185494142572284	0.9573879964583859	0.0	0.005675608255877529	0.0	4.692090395480226e-05	0.0010447213444412524	0.02799021500313873	0.004935513271506236	0.7810063966753585	0.0	0.0030892943618125216	0.0	0.1405027136675081	0.10129286873422286	0.016596459510357816	0.0	0.0005250295624753646	0.0	0.0	0.00843727780074411	0.0036842955508474572	0.0024800437397484963	0.09508911455289304	0.01236186440677966	0.000811864406779661	0.000682431551499348	0.773954440677966	0.0	0.0016999263080324243	0.01765493736182756	0.0	0.00223678963110668	0.014290254237288136	0.0
LC07	0.00023344552121529595	0.0	0.0	0.0	1.3497164461247638e-05	0.0	0.0	0.9912801531190926	0.0	0.0	0.0	0.0	0.0	0.0	0.0	0.0	0.0	0.0	0.0	0.0	0.0	0.0	0.0	1.1334481274214377e-05	0.0	0.0	0.0	0.0	0.0	0.0	0.0	0.0	0.0	0.0	0.0	0.0	0.0	0.0	0.0	0.0	0.0	0.0	0.0	0.5940312190963343	0.0	0.0	0.0	0.0	0.0	0.09300313447927198	0.0	0.0	0.0	0.0	0.0	0.0	0.0	0.0	0.0	0.0	0.0	0.0	0.0	0.0	0.0	0.0	0.0	0.0
LC08	0.011266524175303836	0.12758126165466777	0.05611719283174649	0.012101664181488978	0.0013992990949939876	0.00024254358603933415	0.7697422082007254	0.0	0.9406456379550352	0.0037630665196930514	8.566758556756361e-05	0.0	0.9561916777010846	0.06861692689516509	3.21805888153261e-05	0.015438709199911185	0.03819355055424924	0.012747826429049137	0.058047249709546896	0.10382173518991514	0.0	0.0020747581128521277	0.0	0.0013588784642656405	0.0	0.049644874865004456	0.0	0.5249820077523183	0.0031029463434221758	0.0	0.01806670305676856	0.674761135371179	0.013572469817621372	0.010441587464680194	0.6881096656455713	0.0	0.1615835047189745	0.0	0.013143660844250364	0.0016471393679224336	0.046269238233867055	0.027234217681469886	0.6529963134027544	0.0	0.005814490687104537	0.0	0.002666273343863235	0.0055152838427947595	0.0010756040756914119	0.0	0.011253336041433939	0.23202290496984818	0.0	0.07007285120886142	0.043583010371179044	0.04895447246090999	0.3751860864327662	0.038195757953836555	0.023640798502807238	0.005025092374874035	0.9530511266375545	0.0	0.021669071577748243	0.053082817543193474	0.14200287290278096	0.2373502440277421	0.0	0.0015789769182782284
LC09	0.012187964966662766	0.0	0.0	0.6796855419725314	0.005169793865203321	0.002695652967369881	0.0	0.0	0.0	0.9405797813177491	0.004204716060096546	4.3289910286346314e-06	0.0	4.4073479080813015e-05	2.9055746946445345e-05	0.0003587707750534804	0.0	0.0013747878946908075	0.0	0.0	0.0	0.004072330097087379	0.0	0.0053137220032682874	0.0	0.0	0.0	0.0	0.012416488115165719	0.0	0.0	0.0	0.0	0.0	0.0	0.0	0.0	0.0	0.0	0.004112563765015633	0.0	8.334859864444038e-05	0.0	0.0	0.0	0.0	0.0	0.0	0.0009010355987055015	0.0	0.0	0.0	0.0005004262372720814	0.0	0.0	0.0008612590040714063	0.0	0.0	0.0	0.0	0.0	0.0	0.0	0.0026189109328830723	0.0	0.0	0.0	0.0
LC10	0.0007635962845796595	0.0	0.0	1.8980787573238862e-05	0.0	1.1034569664384425e-05	0.0	0.00040596793781880013	0.0	0.00029804740467538106	0.7285019849567741	0.00023929707941446857	0.0	0.001030231903862385	0.0	5.6883817820282175e-05	0.0	0.0017562685590618553	0.0	0.0	0.0	0.0	0.0	0.0008417500967973892	0.0	0.0	0.0	0.0	0.00017175239196044436	0.0	0.0	0.0	0.0	0.0	0.0	0.0	0.0	0.0	0.0	0.005532714705046871	0.0	0.0002776009275851165	0.0	0.0	0.0	0.0	0.0	0.0	0.0	0.0	0.0	0.0	0.0	0.0	0.0	0.0	0.0	0.0	0.0	0.0	0.0	0.0	0.0	0.0	0.0	0.0	0.0	0.0
LC11	0.0002950663413146256	0.0	0.0	0.0	0.0	0.0	0.0	0.0	0.0	0.0	0.00013095254932465877	0.009924178817497195	0.0	0.0	0.0	0.0	0.0	0.0	0.0	0.0	0.0	0.0	0.0	3.9484897856874295e-05	0.0	0.0	0.0	0.0	0.0	0.00037549496916585524	0.0	0.0	0.0	0.0	0.0	0.0	9.683544303797466e-05	0.0	0.0	0.001421926625187728	0.0	0.0	0.0	0.0	0.0	0.0	0.0	0.0	0.0	0.0	0.0	0.0	0.0	0.0	0.0	0.0	0.0	0.0	0.0	0.0	0.0	0.0005281507980187122	0.0	0.0	0.0	0.0	0.0	0.0
LC12	0.010160762728332684	0.11201100784655624	0.0850089247311828	0.0013516601101494887	0.0	0.0	0.7945555139420448	0.0	0.9696364952810255	0.002809661760100219	0.0	0.0	1.0027080957336107	0.1191392434439545	0.0	0.017731913613996717	0.015654684312103668	0.008171275791920953	0.07438423202130809	0.13243311016433354	0.0	0.0	0.0	1.6614500159693386e-05	0.0	0.0901467707249393	0.0	0.4647617470097862	0.0	0.0	0.012554202037351444	0.7116607139784946	0.0010994686907020873	0.0	0.7807560519980742	0.0	0.22939142559833509	0.0	0.02856394623655914	0.0	0.037752293906810036	0.038478648813146686	0.6465394665012406	0.0	0.003085766951942067	0.0	0.0	0.0022613040494166093	0.0	0.0	0.0	0.232912242703533	0.0	0.052755656963021244	0.014249939516129032	0.0012863683662851196	0.3024885873192436	0.0013833640552995392	0.0	0.00342803970223325	1.002738064516129	0.0	0.010387994389901824	0.0	0.18010336162988114	0.20926470588235294	0.0	0.0
LC13	0.0098769979197365	7.69045304297103e-05	0.0005936922593073082	0.0002005176346727496	0.00012386612449171098	0.006893803753989289	0.0021184276307767346	0.0	0.008015557161257892	0.0003620067053153594	0.007946863068204654	0.0	0.0036383894174982596	0.7893881683142694	0.0	0.010246567491769297	0.007587855869150834	0.14136483245835765	0.0	0.0	0.0	0.09354341938214135	0.0	0.0	0.0	4.1192852169877e-05	0.0	0.0021179936949316954	0.0	0.0	0.0008989208633093526	0.00808261870503597	0.01656540414727042	0.0898579348286077	0.0	0.0	0.0005370155488512416	0.0	0.1518334892086331	0.007129679307401536	0.007036570743405276	0.00567325912854622	0.0005398450470392917	0.0	0.08872014388489209	0.0	0.08668030001530691	0.09078564212459819	0.042982509992006396	0.0	0.004228743516814454	0.0	0.0	0.0	0.0007964703237410071	0.013912044557902065	0.0	0.0	0.0	0.15270921416712782	0.007198733812949641	0.0	0.0	0.0001795433218642477	0.0	0.0	0.0237068345323741	0.0
LC14	0.0001594806645938593	0.0	0.0	0.0	0.0	0.0	0.0	0.0	0.0	0.0	0.0	0.0	0.0	0.0	0.9944007023933402	0.0	0.0	0.0	0.0	0.0	0.0003367172675521822	0.0	0.0	0.0	0.0	0.0	0.0	0.0	0.0	0.0	0.0	0.0	0.0	0.0	0.0	0.0	0.0	0.0	0.0	0.0	0.0	0.0	0.0	0.0	0.0	0.0	0.0	0.0	0.0	0.0	0.0	0.0	0.0	0.0	0.0	0.0	0.0	0.0	0.0	0.0	0.0	0.0	0.0	0.0	0.0	0.0	0.0	0.0
LC15	0.015465075556463141	0.03530366468163078	0.008850647865147727	0.020798721062422486	0.0	0.0002205269529756595	0.0	0.0	0.0005601657908370956	0.010123070594043113	0.0017777293816873402	6.315168418794249e-05	0.0	0.0502305511522985	0.0	0.8526226802642919	0.04508779516152398	0.054964590013742556	0.0039007463846991134	0.004091389510713144	0.0	0.11926995679627783	0.0	0.0001321782178217822	0.0	0.0036589666484417712	0.0	0.004033374595315178	0.0014051431911163061	0.0	0.0	0.0004714915254237289	0.02411156530408774	0.06575088484546361	0.0	0.0	0.01753447238928376	0.0	0.07970641242937852	0.0021679258833668487	0.004212146892655367	0.009445107131435882	0.0002172099087353325	0.0	0.079107315807679	0.0	0.07999994590695997	0.0666951676884241	0.6099239548022599	0.0	0.061312475364603866	0.003163841807909605	0.0	0.003661099627945432	0.006234375	0.04801334062329142	0.006939801285797779	0.0	0.0	0.007364830508474575	0.0	0.0	0.04464521002210759	0.07193478260869565	0.01901271186440678	0.0006846460618145564	0.7590063559322033	0.0
LC16	0.003510816342292246	0.8037155740355741	0.00022684367848302273	0.0013358896185115697	0.0	0.0	0.0	0.0	0.0	0.0013869346942162475	0.0	0.0	0.0	0.011321957818360697	0.0	0.008921983195712009	1.0004811454452478	0.017874204974204975	0.0	0.0	0.0	0.009751985922574157	0.0	0.0022343065075738342	0.0	0.0006002757099531292	0.0	0.010245030250648228	0.0010768837803320562	0.0	0.0	0.0	0.02681019356460533	0.007554298642533937	0.0	0.0	0.0007371381306865177	0.0	0.0	0.0006970157902361292	0.0	0.009556861796484439	0.010831952662721894	0.0	0.025884283969998253	0.0	0.0	0.017428041462084015	0.06305538461538462	0.0	1.0004204333134565	0.0	0.0	0.0	0.004128205128205128	1.0000882823269919	0.0	0.0	0.0	0.0	0.0	0.0	1.0000648829431438	0.020840802675585288	0.0	0.0	0.01821794871794872	0.0
LC17	0.015053147997394985	5.92281470659849e-05	0.00023489391030374635	0.006553826082179742	0.0006358924141532837	0.004679919393077288	0.0	0.0	9.614855029702193e-05	0.00669115717659407	0.03099441038804167	4.347131942068651e-05	0.0	0.11965048933825913	0.0	0.03616452893571538	0.013063886963886964	0.3508691015339664	0.0	0.0	0.0	0.08678031266560679	0.0	0.001737017215235037	0.0	0.0018474668216603703	0.0	0.0023225630124506526	0.002080977529253391	0.0	0.005896977240398294	0.0	0.043473979862215156	0.0829088102808691	0.0	0.0	0.0012183667538506247	0.0	0.10781333333333334	0.00723728813559322	0.0005051051051051052	0.016833911269760325	0.0027040540540540538	0.0	0.09106267696267697	0.0	0.08649852405597087	0.09762039486294806	0.0010297497497497496	0.0	0.014698973391996648	0.0	0.0	0.0	0.0	0.00705178727114211	0.012505591798695247	0.0	0.0	0.012823388773388775	0.0	0.0	0.012251037994516255	0.05364782608695652	0.0004671408250355619	0.0	0.00797207207207207	0.003504504504504504
LC18	0.015794568365203935	0.009592020828167618	0.6114185792349727	3.752517341687178e-05	0.0	0.0014182520521487205	0.012832234489192972	0.0	0.02023752654140459	0.000325581188207001	0.0007978576187791502	0.0	0.008949949689257176	0.010975235958022573	0.0	0.04074703312082102	0.010307425703755977	0.005677113811058765	0.9966126504502988	0.9975726934395015	0.0	0.022574000719553875	0.0	0.0028093378145153964	0.0	0.8227000295945547	0.0	0.047242542005978765	0.057818896973531576	0.0	0.039371330275229356	0.021070642201834862	0.10558239341608203	0.031068834322719913	0.027458537587292893	0.0	0.29311438295353653	0.0	0.0037806422018348625	0.0024069351578292642	0.010774311926605506	0.0	0.02035239943542696	0.0	0.01666642950758285	0.0	0.019204294358774156	0.017067323833691195	0.026733700305810397	0.0	0.01945419244719437	0.5843393403232853	0.0	0.9943680912955918	0.6503539277522935	0.005243563184374075	0.02301069281872825	0.09119625163826998	0.10125963302752293	0.02193581510232886	0.0027496513761467887	0.0	0.047121459912245714	0.0	0.7310902462578465	0.6182263356718833	0.00878073394495413	0.08654220183486239
LC19	0.018218565014776086	0.005011578276389598	0.6098429219507165	0.0001545904279797515	0.0	0.0029042027237906084	0.0249066997121842	0.0	0.04383951965065502	0.00046072540758380654	0.0006845420048487403	0.0	0.026656926354230066	0.010127168453916114	0.0	0.044518464182922934	0.03886790033865506	0.006766124426313106	0.9975554786221221	0.999749955500178	0.0	0.0322589465408805	0.0	0.004636017186624323	0.0	0.8262320450395618	0.0	0.038346682213271144	0.050297950553025376	0.0	0.06414601539225423	0.028758905660377358	0.10160330188679245	0.009116620421753607	0.004716882568290622	0.0	0.30968769020085213	0.0	0.002930440251572327	0.0011506395906619765	0.0026932215234102023	0.004849412602349591	0.009172079100145138	0.0	0.0026748556026184056	0.0	0.001425612203934163	0.0069384183059012445	0.02806631027253669	0.0	0.08013723124177272	0.6397867026055706	0.0	0.994975425678785	0.6595272700471698	0.02668533171028606	0.06926600520494469	0.08505640161725067	0.11279225067385446	0.08914967343976778	0.004658188679245283	0.0	0.08247555373256768	0.0	0.712803376365442	0.7578604883462818	0.009152830188679247	0.09101954177897574
LC20	0.002631506909992913	0.0	0.0	0.0	0.0	0.0	0.0	0.0	0.0	0.0	0.0	0.0	0.0	0.0	0.0	0.0	0.0	0.0	0.0	0.0	0.9445558054594386	0.0	0.0	0.0	0.0	0.0	0.0	0.0	0.0	0.0	0.0	0.0	0.0	0.0	0.0	0.0	0.0	0.0	0.0	0.0	0.0	0.0	0.0	0.0	0.0	0.0	0.0	0.0	0.0	0.0	0.0	0.0	0.0	0.0	0.0	0.0	0.0	0.0	0.0	0.0	0.0	0.0	0.0	0.0	0.0	0.0	0.0	0.0
LC21	0.015040200212615165	0.0014845389507154212	0.00360419881067181	0.0014234815877570538	0.004567462347257744	0.016494158189591625	0.0	0.0	0.0	0.0063079811536264985	0.00107470478694271	0.0	0.0	0.08933108336859923	0.0	0.09634305417082087	0.014874873470755823	0.07238442854619326	0.0	0.00029342397336293004	0.0	0.6503558054594386	0.0	0.00014428266356047368	0.0	0.005763883617963313	0.0	0.012297036792244987	0.0008099278791976562	0.0	0.003301264189886481	0.0	0.0179584630911188	0.1130805435409458	0.0	0.0	0.00308595825426945	0.0	0.05398823529411765	0.001830126287803257	0.001603921568627451	0.0068223825379208295	0.017064988687782803	0.0	0.09228531412565026	0.0	0.08254219858156028	0.10987313308302044	0.053594444444444445	0.00033187414500683994	0.029192886456908342	0.0	0.0	0.0	0.005691482843137256	0.01464977862112587	0.0	0.0	0.0	0.0018536953242835597	0.0	0.0	0.006811253196930946	0.018671355498721228	0.0	0.0	0.18534460784313725	0.0
LC22	0.0	0.0	0.0	0.0	0.0	0.0	0.0	0.0	0.0	0.0	0.0	0.0	0.0	0.0	0.0	0.0	0.0	0.0	0.0	0.0	0.0	0.0	0.9999234044598231	0.0	0.0	0.0	0.0	0.0	0.0	0.0	0.0	0.0	0.0	0.0	0.0	0.0	0.0	0.0	0.0	0.0	0.0	0.0	0.0	0.0	0.0	0.0	0.0	0.0	0.0	0.0	0.0	0.0	0.0	0.0	0.0	0.0	0.0	0.0	0.0	0.0	0.0	0.0	0.0	0.0	0.0	0.0	0.0	0.0
LC23	0.00020826523917451988	0.0	0.0	6.230379135474523e-06	0.0	0.00021740862056130424	0.0	4.349117520447697e-05	0.0	0.00013424012304143033	0.0004660434758559655	5.96064669758115e-05	0.0	0.0	5.365697860108592e-05	0.0	0.0	0.0	0.0	0.0	0.0	0.0	0.0001777421859833042	0.7263756298402118	0.0	0.0	0.0	0.0	0.00022622055308979175	0.0	0.0001777488275143304	0.0	0.0	0.0	0.0	0.0	0.0	0.000159779256614186	0.0	0.0	0.0031797946461312797	0.0	0.0	0.0	0.0	0.0	0.0	0.0	0.0	0.0	0.0	0.0	4.998792562183048e-05	0.0	0.0	0.0	0.0	0.0	0.0	0.0	0.0	0.0	0.0	0.0	0.0	0.0	0.0	0.0
LC24	0.004180110869007946	0.0	0.0	0.0	0.0	0.0	0.0	0.0	0.0	0.0	0.0	0.0	0.0	0.0	0.0	0.0	0.0	0.0	0.0	0.0	0.0	0.0	0.0	0.0	0.8656191489361702	0.0	0.0	0.0	0.0	0.0	0.0	0.0	0.0	0.0	0.0	0.0	0.0	0.0	0.0	0.0	0.0	0.0	0.0	0.0	0.0	0.0	0.0	0.0	0.0	0.0	0.0	0.0	0.0	0.0	0.0	0.0	0.0	0.0	0.0	0.0	0.0	0.0	0.0	0.0	0.0	0.0	0.0	0.0
LC25	0.016082474251846095	0.12502580063934904	0.6695330836124331	0.002491492918961448	0.000163059061866916	0.001136805723987388	0.010409504282850373	0.0	0.06290745175376813	0.00044383025367992487	0.0029086982639514626	2.7276439363005306e-05	0.08870676378772113	0.011688713545292799	0.0	0.03332359212684527	0.02594899365867108	0.015041170202460525	0.8134363618427544	0.8168453337390951	0.0	0.03630561880666245	0.0	0.0009826572979878634	0.0	0.8757199791883454	0.0	0.12433996617131812	0.05494617476208133	0.0	0.033309818902093946	0.0560321146953405	0.11173148323845668	0.02761423149905123	0.036835419675814475	0.0	0.5562586194935831	0.0	0.0021581003584229394	0.005198633132859486	0.05862224213460773	0.012881436396835057	0.09630388751033912	0.0	0.032412771560237	0.0	0.023552459391443608	0.015024822695035462	0.011830489844683394	0.0	0.03283895973993498	0.7010708141321045	0.0	0.8087826121164438	0.766713877688172	0.029172424557752343	0.1708724879495736	0.01688110599078341	0.029721290322580644	0.014862696443341605	0.04434541935483871	0.0	0.01782870500233754	0.0872158017765311	0.7435833050367855	0.7024175838077167	0.005846774193548388	0.019298387096774193
LC26	0.00011793327154772937	0.0	0.0	0.0	0.0	0.0	0.0	0.0	0.0	0.0	0.0	0.0	0.0	0.0	0.0	0.0	0.0	0.0	0.0	0.0	0.0	0.0	0.0	0.0	0.0	0.0	0.6500498249003743	0.0	0.0	0.0	0.0	0.0	0.0	0.0	0.0	0.0	0.0	0.0	0.0	0.0	0.0	0.0	0.0	0.0	0.0	0.0	0.0	0.0	0.0	0.0	0.0	0.0	0.04417896006432592	0.0	0.0	0.0	0.0	0.0	0.0	0.0	0.0	0.0	0.0	0.0	0.0	0.0	0.0	0.0
LC27	0.012602720996344931	0.016223382933495293	0.009128652913366488	0.000468833927103316	0.0009308825924116594	0.0009187885443946947	0.8138987002475718	0.0	0.292274142583779	0.0017069379295298352	0.011569267465946897	0.0	0.1413891264951069	0.026330733166275967	0.0	0.00812340506570177	0.018591856333429368	0.003997742686506731	0.005251932790433976	0.0013264680941276234	0.0	0.00942422339722406	0.0	0.0004261541884525531	0.0	0.020471559743868554	0.0	0.8500928039388965	0.010120702570063284	0.0	0.034470549970431696	0.7386685692883894	0.018851421017845343	0.0	0.7735654368606406	0.0	0.003694454512504531	0.0	0.0002853932584269663	0.007287640449438202	0.031173970037453185	0.0333059571761713	0.8796202463267069	0.0	0.0035547351524879618	0.0	0.0011239780062156349	0.0011704518288309827	0.0022314357053682893	0.0	0.011089365037888686	0.0	0.0	0.0	0.00908311095505618	0.0064769844146429865	0.23377768306857807	0.014521348314606742	0.0	0.011946585998271394	0.03293901123595506	0.0	0.005933756717147044	0.07243400097703957	0.0	0.0	0.025591573033707866	0.0
LC28	0.003864192978811799	0.0	0.0006920545191884932	0.0033010302775441547	0.0	0.0	0.0	0.0	0.0	0.005284326526057359	0.0009553843190136775	0.0	0.0	0.0	0.0	0.0	0.0	0.0	0.0	0.0	0.0	0.0	0.0	0.0009549561852736999	0.0	0.0	0.0	0.0	0.9950481173206499	0.0	0.009588021778584392	0.0007227126436781609	0.0	0.0	0.0	0.0	0.0	0.0	0.0	0.001817962205338009	0.0	0.0	0.0	0.0	0.0	0.0	0.0	0.0	0.0	0.0	0.0	0.0	0.0	0.0	0.0	0.0	0.0	0.0	0.0	0.0038852785145888596	0.0	0.0	0.0	0.0	0.0	0.0	0.0	0.0
LC29	5.674428483163423e-05	0.0	0.0	0.0	0.0	0.0	0.0	0.0	0.0	0.0	0.0	0.0	0.0	0.0	0.0	0.0	0.0	0.0	0.0	0.0	0.0	0.0	0.0	0.0	0.0	0.0	0.0	0.0	0.0	0.9895162721893492	0.0	0.0	0.0	0.0	0.0	0.0	0.0	0.12585401429171922	0.0	0.0	0.0	0.0	0.0	0.0	0.0	0.0	0.0	0.0	0.0	0.0	0.0	0.0	0.0	0.0	0.0	0.0	0.0	0.0	0.0	0.0	0.0	0.0	0.0	0.0	0.0	0.0	0.0	0.0
LC30	0.004563348129359543	0.0	0.0	0.0	0.0	0.0	0.0003058876003568243	0.0	0.0	0.0	0.0018677594825051453	0.0	0.0	0.0003749053388867853	0.0	0.0	0.0	0.0	0.0	0.0	0.0	0.00044956140350877193	0.0	0.0	0.0	0.0	0.0	0.00019716144293317563	0.026130293405928616	0.0	0.9728645775623267	0.00388721052631579	0.00030127708978328174	0.0	0.0	0.0	0.0	0.0	0.0	0.0	0.0	0.0	0.0	0.0	0.0	0.0	0.0	0.0	0.0	0.0	0.0	0.0	0.0	0.0	0.0	0.0	0.0	0.0	0.0	0.9724303137651823	0.0	0.0	0.0	0.0	0.0	0.0	0.0	0.0
LC31	0.009354807228915662	0.010832872072072073	0.017639963570127506	0.00013585365853658536	2.871014492753623e-05	0.0028300852130325816	0.9085754576271186	0.0	0.5497419563318777	5.39546925566343e-05	0.003460391806331471	0.0	0.6188662709677419	0.04385611510791367	0.0	0.013675389830508476	0.006398074074074073	0.006871963963963964	0.04670968807339449	0.03184466666666667	0.0	0.001279686274509804	0.0	0.0	0.0	0.05274508960573477	0.0	0.7668211086142322	0.013546314176245211	0.0	0.021325122807017545	0.8848268444444445	0.00022929411764705885	0.020238470588235295	0.8826261492537314	0.0	0.00411389247311828	0.0	0.0055896	0.005926508474576272	0.03282785185185185	0.011879748427672955	0.702453641025641	0.0	0.005034775510204081	0.0	0.006230468085106383	0.00909404255319149	0.014055703703703702	0.0	0.01485060465116279	0.0	0.0	0.02793853658536585	0.005688375000000001	0.009769935483870966	0.19860777011494252	0.0	0.0	0.0	0.6254406933333333	0.0	0.009413101449275364	0.0	0.0	0.0	0.020774	0.021639999999999996
LC32	0.005340937278525868	0.0	0.0016209900353584055	0.0	0.0	0.0005506302521008404	0.0	0.0005248081841432225	0.0	0.0	0.004649211304633585	0.0	0.0	0.0048053745239102835	0.0	0.0031807328015952146	0.01753921568627451	0.024676868044515105	0.0	0.0	0.0	0.00225886678200692	0.0	0.0	0.0	3.4898798228969004e-05	0.0	0.0	0.0	0.0	0.0	0.0	0.971910142733564	0.010919896193771626	0.0	0.0	0.0	0.0	0.0006647058823529412	0.0	0.0006974400871459695	0.0233569089900111	0.0	0.016803027681660896	0.01804873949579832	0.0	0.10217102628285357	0.013061639549436796	0.0	0.0009839261285909714	0.0	0.0	0.0	0.0	0.0	0.007214421252371916	0.0	0.0	0.0	0.0	0.0	0.0	0.0	0.0	0.003953405572755417	0.0	0.0	0.0
LC33	0.0058570517363571925	0.0007374205087440381	0.0	0.0	0.0	0.004719930340557276	0.0	0.0	0.0	0.0	0.004193443969766677	0.0	0.0	0.07202889335590353	0.0	0.03047285643070788	0.0	0.08212708002119767	0.0	0.0	0.0	0.06623179065743945	0.0	0.0	0.0	0.0	0.0	0.0	0.0	0.0	0.0	0.0	0.029931033737024222	0.9954285034602077	0.0	0.0	0.0	0.0	0.17159566176470586	0.0028042123629112665	0.0	0.0	0.0	0.0	0.8096245798319327	0.0	0.9923728410513142	0.9947489674593241	0.04573176470588235	0.0	0.0	0.0	0.0	0.0	0.0	0.0	0.0	0.0	0.0	0.0	0.0	0.0	0.0	0.0	0.0	0.0	0.07604999999999999	0.0
LC34	0.020412252742312533	0.008575909640984267	0.03712803197129108	0.0010995267564615943	0.016801487129569543	0.0003029682414992706	0.9555056476094105	0.0	0.7067854787199375	0.0	0.0	0.0	0.7762996533461723	0.056172694083539136	0.0	0.004650898052112319	0.0	0.0008145219846712383	0.05320963987402437	0.006349859194593072	0.0	0.0	0.0	0.0	0.0	0.05283574065158081	0.0	0.7881885460338756	0.0051908389089037575	0.0	0.01934752553024352	0.8750243781094527	0.01611997366110623	0.10461611062335383	0.9443176654043216	0.0	0.024667284545016852	0.0	0.0	0.0	0.002709231619679381	0.025991467192340186	0.7563640929965557	0.0	0.0030289369479134937	0.0	0.08755122261035249	0.10121498888536043	0.0	0.0	0.0	0.011988628287135749	0.0	0.030815107389879873	0.0	0.0	0.7239920741121976	0.0	0.0	0.0	0.7914466268656717	0.0	0.0	0.0	0.024003142183817754	0.013734855136084283	0.0	0.0
LC35	0.0037069304081999645	0.0	0.0	0.0	0.0	0.0	0.0	0.00015052563270603504	0.0	0.0	0.0	0.0	0.0	0.0	0.0	0.0	0.0	0.0	0.0	0.0	0.0	0.0	0.0	0.0	0.0	0.0	0.0	0.0	0.0	0.0	0.0	0.0	0.0	0.0	0.0	1.000742481621742	0.0	0.0	0.0	0.0	0.0	0.0	0.0	0.0788699151302312	0.0	1.0001068407960199	0.0	0.0	0.0	0.008006699062825407	0.0	0.0	0.0	0.0	0.0	0.0	0.0	0.0	0.0	0.0	0.0	0.45033452303698895	0.0	0.0	0.0	0.0	0.0	0.0
LC36	0.009846805042751651	0.04538292066259809	0.5163848360655737	0.00018375295043273016	0.0001280680224403927	0.00017319306330341983	0.00491638190267906	0.0	0.12035893787857445	0.0014028734732226746	0.00025610920886646245	0.0	0.1585048491155047	0.02060558134137851	0.0	0.03959384909786769	0.015296319272125724	0.01066005521650683	0.49815855282628	0.2431976719415703	0.0	0.004233048703352308	0.0	0.00013690514212711595	0.0	0.545893756503642	0.0	0.015882910474809712	0.02743262884686689	0.0	0.01677637945670628	0.02211324731182796	0.05565474383301708	0.0	0.009846413095811265	0.0	0.5545752081165453	0.0	0.0004930107526881721	0.0014200656096227447	0.015956272401433692	0.005002556299452222	0.018658591811414393	0.0	0.005583739302172482	0.0	0.003965682910089225	0.004413932738503774	0.03202620071684588	0.0	0.0	0.5629459677419355	0.0	0.4925073170731707	0.6459059475806451	0.0	0.045063403781979976	0.0	0.009948387096774194	0.011979218362282879	0.15224851612903226	0.0	0.0	0.0	0.5564266553480476	0.5150023719165086	0.008074193548387098	0.0
LC37	4.892109421291724e-05	0.0	0.0	0.0	0.0	0.0	0.0	0.0	0.0	0.0	0.0	0.00010163934426229508	0.0	0.0	0.0	0.0	0.0	0.0	0.0	0.0	0.0	0.0	0.0	0.0	0.0	0.0	0.0	0.0	0.0	0.2055523118957545	0.0	0.0	0.0	0.0	0.0	0.0	0.0	0.7522325987637731	0.0	0.0	0.0	0.0	0.0	0.0	0.0	0.0	0.0	0.0	0.0	0.0	0.0	0.0	0.0	0.0	0.0	0.0	0.0	0.0	0.0	0.0	0.0	0.0	0.0	0.0	0.0	0.0	0.0	0.0
LC38	0.0020310943775100404	0.0	0.0	0.0	0.00035827898550724635	0.0	0.0	0.0032799565217391303	0.0	0.0	0.00042012104283054003	0.0	0.0	0.07274665467625899	0.0	0.0	0.0	0.024198318318318316	0.0	0.0	0.0	0.019563153594771242	0.0	0.0	0.0	0.0	0.0	0.0	0.0	0.0	0.0	0.0	0.002225294117647059	0.012874338235294118	0.0	0.0	0.0	0.0	0.9940711666666666	0.0	0.0	0.0	0.0	0.2782212745098039	0.045726054421768705	0.0	0.05021340425531915	0.1001000354609929	0.0	0.004636511627906976	0.0	0.0	0.0	0.0	0.0	0.0	0.0	0.0	0.0	0.0	0.0	0.0	0.0	0.0	0.0	0.0	0.0	0.0
LC39	0.0024022922197263633	0.0	0.0	0.0006530591153369161	0.8247231208548268	0.8202208423601376	0.0	0.0	0.0012001924357930576	0.0030309198617739018	0.006298077833538491	0.0002024565543874705	0.0	0.00016007803926350444	0.0	0.0017902614191324332	0.0	0.001527515651244465	0.0	0.0	0.0	0.0006738783649052841	0.0	0.0012987078368853833	0.0	0.0	0.0	0.0	0.00859240210403273	0.0	0.0	0.0	0.0	0.0	0.0	0.0	0.0	0.0	0.0	0.9431861821315715	0.0005462962962962964	0.019183274704189318	0.0	0.0	0.0	0.0	0.0	0.0	0.0	0.0	0.0	0.0	0.0007411740388590327	0.0	0.0	0.0	0.004809468147282291	0.0	0.0	0.0	0.0	0.0	0.0	0.0	0.0	0.0	0.0037915254237288138	0.0
LC40	0.003576277331548416	0.0	0.0	0.0	0.0	0.0	0.0	0.0	0.0	0.0	0.0	0.0	0.0	0.0	0.0	0.0	0.0	0.0	0.0	0.0	0.0	0.0	0.0	0.0	0.0	0.0	0.0	0.0	0.0	0.0	0.0	0.0	0.0	0.0	0.0	0.0	0.0	0.0	0.0	0.0	0.9301135116598078	0.0	0.0	0.0	0.0014610733182161754	0.0	0.0	0.0	0.0	0.0	0.0	0.0	0.0	0.0	0.0	0.0	0.0	0.0	0.0	0.0	0.0	0.0	0.0	0.0	0.0	0.0	0.0	0.0
LC41	0.014923252443737213	0.0012143192248852627	0.0	0.0	0.07385741728192508	0.14946705206412256	0.0	0.0	0.0002413281700584988	0.0009282835684191244	0.003862232528723516	0.0	0.0	0.0	0.0	0.0073963223536936355	0.011898919529108208	0.006996413394526602	0.0	0.0	0.0	0.0015201627820939697	0.0	0.0003339435830375491	0.0	0.0	0.0	0.0011052363790544839	0.0	0.0	0.0	0.0	0.02136828523862375	0.0	0.0	0.0	0.0	0.0	0.0035884905660377364	0.00611998720818676	0.0024503144654088056	0.7956812388750445	0.002055152394775036	0.0	0.0014423565652676165	0.0	0.0	0.0	0.022248721174004196	0.0	0.0	0.0	0.0	0.0	0.0	0.0	0.01128562134027326	0.0	0.0	0.0	0.0	0.0	0.056226579163248566	0.03253691550451189	0.0	0.0	0.020089622641509437	0.0
LC42	0.012191780583873959	0.04622097193347193	0.006968227196300967	9.024390243902438e-05	0.0	0.00018006072874493927	0.7731957953063885	0.0	0.3199146456163924	0.0004872946228528753	0.019417232488182206	0.0	0.1357339205955335	0.021552075262866628	0.0	0.015347294654498043	0.006563839579224194	0.01293383575883576	0.0	0.0	0.0	0.007453506787330317	0.0	0.0	0.0	0.020027212572373863	0.0	0.8782920700086431	0.01576925287356322	0.0	0.0	0.7172237435897435	0.02264052601809955	0.0	0.7507221584385763	0.0	0.007442090570719603	0.0	0.0	0.004702933507170796	0.031848254985754984	0.011157474600870828	0.9420704881656804	0.0	0.004035871271585557	0.0	0.0	0.0	0.0035942307692307693	0.0	0.0	0.019184523809523808	0.0	0.0	0.0	0.0	0.11971797082228117	0.027666346153846152	0.0	0.0	0.5360774615384616	0.0	0.0	0.10798854515050167	0.011417004048582997	0.0	0.023288461538461536	0.0
LC43	0.0010004636191826128	0.0	0.0	0.0	0.0	0.0	0.0	0.8832993947144075	0.0	0.0	0.0	0.0	0.0	0.0	0.0	0.0	0.0	0.0	0.0	0.0	0.0	0.0	0.0	0.0	0.0	0.0	0.0	0.0	0.0	0.0	0.0	0.0	0.0	0.0	0.0	0.014269651741293533	0.0	0.0	0.0021594771241830067	0.0	0.0	0.0	0.0	1.0040722798923492	0.0	0.05171609477124183	0.0	0.0	0.0	0.3719480620155039	0.0	0.0	0.0	0.0	0.0	0.0	0.0	0.0	0.0	0.0	0.0	0.0	0.0	0.0	0.0	0.0	0.0	0.0
LC44	0.009119498401770348	0.0004446552675124104	2.217017954722873e-05	0.0	0.0002952972493345164	0.006863618229246585	0.0	0.0	0.0	0.0006083415890628096	0.001545912666742675	0.0	0.0	0.058446982821905746	0.0	0.03909180214458665	0.03850172684458399	0.07462197095054238	0.0	0.0	0.0	0.07145498199279712	0.0	0.003212689432208527	0.0	0.0	0.0	0.0	0.0007365235749472203	0.0	0.0	0.0	0.044483133253301325	0.8161052220888355	0.0	0.0	0.0014231731402238315	0.0	0.10302812925170067	0.0	0.011830461073318215	0.001135309973045822	0.0	0.0	0.7930641399416909	0.0	0.8242894051237517	0.8308579244463743	0.002502222222222222	0.0	0.025293782629330804	0.0	0.0	0.0	0.0	0.02778294930875576	0.0	0.0	0.0	0.0010318681318681319	0.0	0.0	0.06387417923691216	0.0	0.0	0.0	0.012664285714285713	0.0
LC45	0.0035419402610441767	0.0	0.0	0.0	0.0	0.0	0.0	0.0	0.0	0.0	0.0	0.0	0.0	0.0	0.0	0.0	0.0	0.0	0.0	0.0	0.0	0.0	0.0	0.0	0.0	0.0	0.0	0.0	0.0	0.0	0.0	0.0	0.0	0.0	0.0	1.0001068407960199	0.0	0.0	0.0	0.0	0.0	0.0	0.0	0.05486642156862745	0.0	1.0020017361111109	0.0	0.0	0.0	0.006460901162790698	0.0	0.0	0.0	0.0	0.0	0.0	0.0	0.0	0.0	0.0	0.0	0.42510461956521733	0.0	0.0	0.0	0.0	0.0	0.0
LC46	0.004583049218149193	0.0	0.0	0.0	0.0	0.007855599104143338	0.0	0.0	0.0	0.0	0.00415613930821348	0.0	0.0	0.036727797336598804	0.0	0.046208005769924274	0.0	0.07484462334675102	0.0	0.0	0.0	0.06638122653316646	0.0	0.0010160311775858437	0.0	0.0	0.0	0.0	0.0	0.0	0.0	0.0	0.0012514705882352942	0.9923728410513141	0.0	0.0	0.0	0.0	0.15132468085106382	0.004307536963577353	0.0	0.0	0.0	0.0	0.8189766825879288	0.0	0.9995515617926664	0.9954826618379358	0.011338439716312055	0.0	0.0	0.0	0.0	0.0	0.0	0.0	0.0	0.0	0.0	0.0	0.0	0.0	0.0	0.0	0.0	0.0	0.07117446808510638	0.0
LC47	0.0034432933863112027	0.000285681426106958	0.0	0.0	0.0	0.0	0.0	0.0	0.0	0.0	0.0012165695946749079	0.0	0.0	0.03109500994948722	0.0	0.04747156509195817	0.008436879432624113	0.05816020701552617	0.0	0.0	0.0	0.06683019190654986	0.0	0.0	0.0	0.0	0.0	0.0	0.0	0.0	0.0	0.0	0.02781013767209011	0.9947489674593242	0.0	0.0	0.0	0.0	0.17502773049645393	0.002158168049044356	0.008620015760441293	0.0	0.0	0.0	0.8249693009118542	0.0	0.9954826618379358	0.9976524219103666	0.005711394799054373	0.0	0.0	0.0	0.0	0.0	0.0	0.0	0.0	0.0	0.0	0.0	0.0	0.0	0.0	0.0	0.0	0.0	0.030022340425531917	0.0
LC48	0.008288313253012049	0.0046075675675675675	0.0023808621736490588	0.04362160569105691	0.0	0.0	0.0	0.0	0.0	0.09344528586839267	0.0	0.0	0.0	0.10734132693844924	0.0	0.6092431638418079	0.055634415954415956	0.03122752752752753	0.0	0.0	0.0	0.08627511982570807	0.0	0.0	0.0	0.002157801672640382	0.0	0.011960998751560549	0.0	0.0	0.0	0.0	0.0	0.014046732026143793	0.0	0.0	0.001533046594982079	0.0	0.03733533333333333	0.0	0.0	0.018032620545073375	0.0	0.0	0.045344399092970514	0.0	0.02284723404255319	0.015211536643026007	0.9766658765432098	0.0	0.09253447028423774	0.008718253968253969	0.0	0.0	0.0055425000000000006	0.12387039426523297	0.02563264367816092	0.0	0.0	0.0	0.0	0.0	0.014443478260869568	0.0	0.012301754385964914	0.011249019607843138	0.7889277777777778	0.0
LC49	0.0045546651723171756	0.0	0.00019417969246409962	0.0	0.0	0.0	0.0	0.02011382204246714	0.0	0.0	0.0015126282967389893	0.0	0.0	0.0	0.0	0.0	0.0	0.0	0.0	0.0	0.0	0.0	0.0	0.0	0.0	0.0	0.0	0.0	0.0	0.0	0.0	0.0	0.0	0.0	0.0	0.020606872613675806	0.0	0.0	0.0013334883720930236	0.0	0.0	0.0	0.0	0.36795535795713635	0.0	0.006394282945736436	0.0	0.0	0.0	0.8504491076257437	0.0	0.0	0.0	0.0	0.0	0.0	0.0	0.0	0.0	0.0	0.0	0.031044186046511633	0.0	0.0	0.0	0.0	0.0	0.0
LC50	0.003018376996357523	0.7940518290383407	0.0005823230397763375	0.0	0.0008621755982473879	0.0	0.0	0.0	0.0	0.0014589523594490856	0.0	0.0	0.0	0.006637192571524176	0.0	0.007442688214426488	1.0004204333134565	0.017626230882044833	0.0	0.0	0.0	0.00751281349749202	0.0	0.0	0.0	0.0	0.0	0.011916383590279593	0.0	0.0	0.0	0.0	0.01498577291381669	0.008748290013679891	0.0	0.0	0.0	0.0	0.0	0.0	0.0	0.012026853883282142	0.0	0.0	0.012934029425723779	0.0	0.0	0.03263631865413162	0.03983307493540052	0.0	1.000610059491617	0.0	0.0	0.0	0.017418604651162788	1.0001282820705177	0.0	0.0	0.0	0.0	0.0	0.0	1.000215166835187	0.03723791708796764	0.0	0.0	0.02836046511627907	0.0
LC51	0.006448508318990247	0.0	0.6803768019776216	0.0031228948896631823	0.0	0.0	0.0	0.0	0.0038513724266999376	0.001357871012482663	0.0009042298483639265	0.0	0.0020406758832565283	0.00046865364850976366	0.0	0.017492574656981435	0.0	0.0046767910767910766	0.5298721712538226	0.5723964285714286	0.0	0.00457609710550887	0.0	0.0	0.0	0.7607189964157707	0.0	0.0575868378812199	0.010398467432950191	0.0	0.0	0.0456	0.11685280112044819	0.0	0.007400142146410803	0.0	0.4860511520737327	0.0	0.0	0.0013521388216303468	0.0	0.0	0.01977632783882784	0.0	0.017589310009718175	0.0	0.0	0.0	0.0	0.0	0.022083444075304538	1.0023877551020408	0.0	0.744427293844367	0.7855386904761904	0.0	0.05704597701149425	0.0	0.0	0.0	0.0	0.0	0.03152422360248447	0.0100296066252588	0.9998235588972432	1.0017029411764706	0.0	0.0
LC52	0.0	0.0	0.0	0.0	0.0	0.0	0.0	0.0	0.0	0.0	0.0	0.0	0.0	0.0	0.0	0.0	0.0	0.0	0.0	0.0	0.0	0.0	0.0	0.0	0.0	0.0	0.07195467703028678	0.0	0.0	0.0	0.0	0.0	0.0	0.0	0.0	0.0	0.0	0.0	0.0	0.0	0.0	0.0	0.0	0.0	0.0	0.0	0.0	0.0	0.0	0.0	0.0	0.0	0.8460705532421178	0.0	0.0	0.0	0.0	0.0	0.0	0.0	0.0	0.0	0.0	0.0	0.0	0.0	0.0	0.0
LC53	0.018693991698501323	0.006129611074489123	0.6323484472877516	0.00014775431290898274	0.0	0.0001070053181734825	0.016209280694501862	0.0	0.015369219299179893	0.0	0.0	0.0	0.002731801730920535	0.011866590629935076	0.0	0.052260824720959075	0.02894375651448822	0.007442012744451769	0.9943405236070708	0.9950686608375519	0.0	0.017186681013868964	0.0	0.004089012315865733	0.0	0.8158747705218988	0.0	0.04631425047958345	0.03342929632744603	0.0	0.05186662387676508	0.0361270243902439	0.11446947632711621	0.014549067431850788	0.0020605751729159084	0.0	0.32100102281667975	0.0	0.005503414634146341	0.0003720545680033071	0.003203252032520325	0.0	0.039228377110694185	0.0	0.0031518168242906917	0.0	0.0	0.0	0.08309582655826558	0.0	0.039725014180374364	0.6656911149825784	0.0	0.9939568114217727	0.647063643292683	0.022702596380802516	0.03606812447434819	0.08468742160278746	0.08437421602787457	0.02115403377110694	0.0	0.0	0.08125800636267232	0.047517073170731706	0.7448010269576381	0.7705813486370159	0.0	0.08566341463414634
LC54	0.01769968938253012	0.06721586148648648	0.7141150017076503	0.013074047256097562	0.0	0.0	0.05215817002118644	0.0	0.010591975982532751	0.007948907766990292	0.0003453561452513967	0.0	0.0	0.038525022482014386	0.0	0.012211122881355932	0.06206650641025641	0.052096846846846845	0.6762997706422018	0.6769723172169811	0.0	0.022934466911764706	0.0	0.0007604269801980199	0.0	0.7052199932795699	0.0	0.06692008426966292	0.033654561781609194	0.0	0.0	0.0	0.1904597426470588	0.0	0.0	0.0	0.6252378528225806	0.0	0.007100416666666666	0.010181144067796612	0.0	0.006906721698113207	0.008442908653846153	0.0	0.004864285714285715	0.0	0.0	0.0	0.0	0.0	0.045013880813953494	0.7884072172619048	0.0	0.6728477896341463	0.99109462890625	0.011621975806451613	0.0	0.0	0.0	0.0	0.0	0.0	0.041293342391304354	0.0	0.7749764802631579	0.7668277573529412	0.03290625	0.0
LC55	0.001940618927322192	0.7774539755884918	0.0002367354133615371	0.002207513768686074	0.0	0.0	0.0	0.0	0.0	0.019162887566551833	0.0	0.0	0.0	0.02705620793687631	0.0	0.011601257517769272	1.000088282326992	0.008796192967160709	0.0	0.0	0.0	0.006237697659709045	0.0	0.0	0.0	0.003311134235171696	0.0	0.023753171438927148	0.0	0.0	0.0	0.0	0.037752277039848195	0.0	0.0	0.0	0.0	0.0	0.0	0.0	0.0	0.012856968959220937	0.03567562034739454	0.0	0.02694351547070441	0.0	0.0	0.0	0.04719655913978495	0.0	1.0001282820705177	0.0	0.0	0.0	0.025967741935483873	1.0006951092611862	0.04523359288097887	0.0	0.03745161290322581	0.0	0.0	0.0	1.0005318373071528	0.0	0.0	0.0	0.03974193548387097	0.0
LC56	0.013863299750727047	0.1932368126747437	0.02932593744111551	0.0005519343986543312	0.03771946526736632	0.0	0.0	0.0	0.1239802138232194	0.001678406427854034	0.0028434213061067234	0.0	0.00042213570634037814	0.0	0.0	0.0	0.0	0.01876160298229264	0.0	0.0	0.0	0.0	0.0	0.0	0.0	0.015229217649239896	0.0	0.16850840759395583	0.0	0.0	0.0	0.16072763218390804	0.06695005070993915	0.0	0.7034529078744209	0.0	0.0	0.0	0.008498965517241379	0.016046230274693162	0.02366590038314176	0.011426805465191935	0.04317254641909815	0.0	0.021491907107670655	0.27010452586206896	0.0	0.0	0.006127816091954024	0.0	0.0	0.0	0.0	0.0	0.0	0.0	1.000554102259215	0.0	0.0	0.0	0.0	0.0	0.0	0.0	0.0	0.0	0.0	0.0
LC57	0.013184027538726334	0.0006488320463320463	0.0	0.0	0.04135020703933747	0.0	0.0	0.0	0.0	0.021843169209431346	0.017062298483639268	0.0	0.0	0.0	0.0	0.0	0.0	0.0	0.0	0.0	0.0	0.0	0.0	0.0	0.0	0.0	0.0	0.0	0.021185919540229886	0.0	0.021466353383458644	0.0	0.0	0.0	0.0	0.0	0.0	0.0	0.0	0.0028872881355932203	0.0	0.0	0.0	0.0	0.0	0.0	0.0	0.0	0.0	0.0	0.0	0.0	0.0	0.0	0.0	0.048222580645161287	0.0	1.003	0.9956000000000002	0.0	0.0	0.0	0.0	0.0	0.0	0.0	0.0	0.9957
LC58	0.008436740533562822	0.0	0.0	0.0	0.024060041407867494	0.0	0.0	0.0	0.0	0.0041766990291262135	0.022171667996807663	0.0	0.0	0.0	0.0	0.0	0.006417582417582418	0.0	0.0	0.0	0.0	0.0	0.0	0.0	0.0	0.0	0.0	0.0	0.0	0.0	0.04248552631578947	0.0	0.0	0.0	0.0	0.0	0.0	0.0	0.0	0.0	0.0	0.0	0.0	0.0	0.0	0.0	0.0	0.0	0.0	0.0	0.07793023255813954	0.0	0.0	0.0	0.0	0.16013225806451614	0.0	0.9956000000000002	1.003	0.0	0.0	0.0	0.0	0.1301217391304348	0.0	0.0	0.0	1.002
LC59	0.0027794717330861906	0.0	0.0	0.0	0.0	0.0	0.0	0.0	0.0	0.0	0.0	0.0	0.0	0.008831627006087438	0.0	0.0	0.0	0.0	0.0	0.0	0.0	0.0	0.0	0.0	0.0	0.0	0.0	0.0	0.011575817860300621	0.0	0.9724303137651822	0.01112	0.0	0.0	0.0	0.0	0.0	0.0	0.0	0.0	0.0	0.0	0.0	0.0	0.0	0.0	0.0	0.0	0.0	0.0	0.0	0.0	0.0	0.0	0.0	0.0	0.0	0.0	0.0	0.9819162721893492	0.0	0.0	0.0	0.0	0.0	0.0	0.0	0.0
LC60	0.00953956626506024	0.18311194594594593	0.07960368306010929	0.00022097560975609755	0.0	0.0	0.7883891355932203	0.0	0.9687677554585153	0.011427941747572817	0.0	0.0	1.0027380645161292	0.11403824460431655	0.0	0.014481016949152542	0.039526017094017096	0.009348216216216216	0.10960583486238532	0.0	0.0	0.0	0.0	0.0	0.0	0.0	0.0	0.35376426966292135	0.0	0.0	0.024307789473684213	0.54134928	0.0	0.0	0.7877234029850746	0.0	0.3189265806451613	0.0	0.0	0.0	0.0	0.04437049056603773	0.7318981538461539	0.0	0.02243657142857143	0.0	0.0	0.0	0.0	0.0	0.0	0.5300799047619048	0.0	0.11935073170731707	0.0	0.17492490322580642	0.2925020689655172	0.0	0.0	0.0	1.0035007999999999	0.0	0.0	0.0	0.5301928421052632	0.5245597647058823	0.0	0.0
LC61	0.005005938973284442	0.0	0.0	0.0	0.0	0.0	0.0	0.0	0.0	0.0	0.0	0.0005316180517336269	0.0	0.0	0.0	0.0	0.0	0.0	0.0	0.0	0.0	0.0	0.0	0.0	0.0	0.0	0.0	0.0	0.0	0.0	0.0	0.0	0.0	0.0	0.0	0.44477981829980534	0.0	0.0	0.0	0.0	0.0	0.0	0.0	0.0	0.0	0.4185769927536232	0.0	0.0	0.0	0.0027461071789686552	0.0	0.0	0.0	0.0	0.0	0.0	0.0	0.0	0.0	0.0	0.0	0.9403689981096409	0.0	0.0	0.0	0.0	0.0	0.0
LC62	0.005524580932425353	0.7922680258519389	0.0012258018531717747	0.0	0.0	0.0	0.0	0.0	0.0	0.0	0.0	0.0	0.0	0.001609227400688145	0.0	0.01268960943257185	1.0000648829431438	0.0010892283587935763	0.006637574790586359	0.0	0.0	0.0041801790281329925	0.0	0.0	0.0	0.0007927068723702665	0.0	0.031374450415241825	0.0	0.0	0.0	0.0	0.0	0.0	0.0	0.0	0.0030824684431977564	0.0	0.0	0.0	0.0	0.04194093519278096	0.024493394648829433	0.0	0.04289068322981367	0.0	0.0	0.0	0.05017797101449275	0.0	1.000215166835187	0.0	0.0	0.012811876988335103	0.06475570652173912	1.0005318373071528	0.0	0.0	0.0	0.0	0.0	0.0	1.0008022684310018	0.0	0.0	0.0	0.06555652173913043	0.0
LC63	0.01807965557883709	0.1275064159811986	0.0022923022095509625	0.0	0.0008127284183994959	0.0008080908793723438	0.0016109801031687547	0.0	0.011870457565976836	0.037034845926551284	0.0	0.0	0.0	0.0	0.0	0.04967977155490052	0.0	0.01337638072855464	0.0	0.0	0.0	0.0016772378516624038	0.0	0.0	0.0	0.02814834034595605	0.0	0.0042533463605276016	0.006578860569715143	0.0	0.0	0.0	0.0	0.0	0.0	0.0	0.0030812762973352033	0.0	0.0	0.004130950626381725	0.0	0.050853732567678424	0.0029056856187290973	0.0	0.006645252883762201	0.0	0.0	0.08350425531914894	0.027928599033816427	0.0	0.06725824064711831	0.0	0.0	0.0	0.0	0.0	0.0	0.0	0.0	0.0	0.0	0.0	0.0	1.003	0.0	0.0	0.09530217391304348	0.0
LC64	0.004218040583386176	0.0	0.6807073339085419	0.007081290115532734	0.0	0.0	0.0	0.0	0.0032297402895886005	0.025424629535002553	0.0010948544545721847	0.0	0.0	0.0	0.0	0.013691347011596787	0.0	0.006267757230915126	0.6958198937711251	0.59469046673287	0.0	0.002004953560371517	0.0	0.0	0.0	0.7131320882852292	0.0	0.07422779420461265	0.05447507562008469	0.0	0.0	0.05552785964912281	0.13362592879256965	0.0	0.009719717203456402	0.0	0.47167648556876063	0.0	0.011353508771929826	0.0	0.0	0.03043803376365442	0.025509109311740892	0.0	0.00848764769065521	0.0	0.0	0.0	0.0035536842105263157	0.0	0.0	1.0006107769423558	0.0	0.7047623876765083	0.7735319078947368	0.0	0.0	0.0	0.0	0.0	0.0	0.0	0.0	0.2186402745995423	1.002534626038781	1.002185758513932	0.030647368421052635	0.0
LC65	0.008350540396881644	0.0	0.6876939408550305	0.0	0.0	0.0	0.0	0.0	0.0037317236064731574	0.00407372929754426	0.0	0.0	0.0	0.0	0.0	0.006595912263210369	0.0	0.0015102278749337574	0.7612916891527253	0.7493932297447281	0.0	0.017493194925028835	0.0	0.0	0.0	0.7705740037950664	0.0	0.040216126900198275	0.04896984448951995	0.0	0.0	0.03338039215686275	0.06932543252595155	0.0	0.013935030728709396	0.0	0.4318331119544592	0.0	0.0	0.0	0.0	0.0	0.0	0.0	0.0	0.0	0.0	0.0	0.0	0.0	0.0	1.002686274509804	0.0	0.7710466284074605	0.7656349264705883	0.0	0.0	0.0	0.0	0.0	0.0	0.0	0.0	0.0	1.002185758513932	1.0025155709342561	0.06494117647058824	0.0
LC66	0.014483847891566265	0.011537837837837838	0.003265607923497268	0.01744603658536585	0.0	0.0014945488721804512	0.004250476694915254	0.0	0.0	0.040940776699029124	0.0	0.0	0.0	0.07543597122302159	0.0	0.7571758474576271	0.08422692307692307	0.049944144144144144	0.0	0.0	0.0	0.17211911764705884	0.0	0.004227722772277227	0.0	0.0	0.0	0.010764606741573035	0.006442528735632184	0.0	0.0	0.00551	0.0	0.15238676470588236	0.0	0.0	0.007409677419354839	0.0	0.0	0.004561016949152542	0.0	0.0	0.008834615384615383	0.0	0.0906030612244898	0.0	0.10397659574468085	0.0319063829787234	0.7880955555555555	0.0	0.1028186046511628	0.0	0.0	0.0	0.06717343749999999	0.1330806451612903	0.0	0.0	0.0	0.0	0.0	0.0	0.07663695652173913	0.0	0.01866973684210526	0.0	0.89925	0.0
LC67	0.009072461273666094	0.0	0.0	0.0	0.0	0.0	0.0	0.0	0.0	0.016499722607489598	0.01300167597765363	0.0	0.0	0.0	0.0	0.0	0.0	0.0	0.0	0.0	0.0	0.0	0.0	0.0	0.0	0.0	0.0	0.0	0.0	0.0	0.012035526315789474	0.0	0.0	0.0	0.0	0.0	0.0	0.0	0.0	0.07153486682808716	0.0	0.0	0.0	0.0	0.0	0.0	0.0	0.0	0.0	0.0	0.0	0.0	0.0	0.0	0.0	0.0	0.0	0.9957	1.002	0.0	0.0	0.0	0.0	0.0	0.0	0.0	0.0	1.003
