LeidenCluster	LC000	LC001	LC002	LC003	LC004	LC005	LC006	LC007	LC008	LC009	LC010	LC011	LC012	LC013	LC014	LC015	LC016	LC017	LC018	LC019	LC020	LC021	LC022	LC023	LC024	LC025	LC026	LC027	LC028	LC029	LC030	LC031	LC032	LC033	LC034	LC035	LC036	LC037	LC038	LC039	LC040	LC041	LC042	LC043	LC044	LC045	LC046	LC047	LC048	LC049	LC050	LC051	LC052	LC053	LC054	LC055	LC056	LC057	LC058	LC059	LC060	LC061	LC062	LC063	LC064	LC065	LC066	LC067	LC068	LC069	LC070	LC071	LC072	LC073	LC074	LC075	LC076	LC077	LC078	LC079	LC080	LC081	LC082	LC083	LC084	LC085	LC086	LC087	LC088	LC089	LC090	LC091	LC092	LC093	LC094	LC095	LC096	LC097	LC098	LC099	LC100	LC101
LC000	0.006057138020903146	0.0015884146574569806	0.002214394921566304	0.0004656595925817442	0.0005717615814088369	0.0005218774632499828	0.0002003273772691117	0.0005587231416160775	9.32094638466667e-05	0.0	0.0	0.0005487663551329252	0.0	0.002322440656911452	0.003358311955481544	0.0013966790895052084	0.0032472251942510964	0.0007749833307800611	0.0	0.0008637588180002643	0.002512737528235388	0.00035722260844959456	0.0008184365907875854	0.0013526506909867116	0.0	0.0005330439892324864	0.00012151754866941	0.0006429419283460244	0.002120131750403221	2.432102760347787e-05	0.0033726851108316545	0.0004441928867924667	0.0006978388047942287	0.001385526811629212	0.0018317981717907855	0.00025353592695305977	0.0001466753628364433	0.0006831985058556724	0.0	0.0004342829590965793	0.0	7.607942941853353e-05	0.001682677411041763	0.0005148172773435436	0.0	0.0	0.0005337174184229533	3.131396604029785e-05	0.0008769871493451711	0.0	0.0009528243854169598	0.00019003794396482845	0.0	0.00026049370309478925	0.0	0.0	0.0	0.0	0.0	0.00011252639782137689	0.000544379062438448	1.0390445849513818e-05	0.0	0.006283580854835533	0.005291275767324615	0.005586503115184061	0.00038060744962362233	0.0010635020681504825	0.0	0.0003749748608274675	0.0	0.0	0.0	2.646315238478122e-05	0.0	0.0	0.00016526492022848137	0.00021763936822213277	0.0009900734745524975	0.0	0.004275918720555898	0.0	0.0	6.176088241087257e-05	0.0	0.0	0.0	0.0	0.0	0.00023315053440179138	0.0	0.0009543896220427636	0.002934350994681899	6.764068637106212e-06	0.0	0.0	0.0	0.0	0.0	0.00026456765806578687	0.0018205852099884008	0.002410779144038943
LC001	0.001536682158397049	0.05035830759620351	0.002912970955940412	0.0011890906644861903	0.035498209590129524	0.0008137921331037027	0.0003594939159292036	0.029130710615257276	0.00019106215944938342	0.0	0.0	0.0	0.0	0.004048862051792829	0.00155384072543618	0.0008526008056494928	0.0006717764458081964	0.0	0.0	0.013981309263521287	0.0014415789107833656	2.9961587708066582e-06	5.3167694805194805e-05	2.2107558139534885e-05	0.0	8.584090909090908e-06	3.533284705159705e-06	0.00024959356866537715	4.68855143966354e-05	0.0	0.0002964932983682984	1.0072026022304833e-05	0.0	0.008356030445969125	0.0025777177169421486	1.1560231593501556e-05	0.0	2.220557851239669e-05	0.0	0.0	0.0	0.0016062225877192984	0.007974581948338005	0.0	0.0	0.0	0.00800976736111111	0.0	0.0005510099185496584	0.0	0.002228810944264069	0.00020188786449399656	0.0	7.503865182436611e-06	0.0	0.0	0.0	0.0	0.0	0.0	0.0	0.0	0.0	0.0	7.897153351698806e-06	7.249401913875598e-06	2.451457509881423e-05	0.0028526417332667333	0.0	4.30921052631579e-06	0.0	0.0	0.0	0.0	0.0	0.0	0.0	0.0	0.0	0.0	0.0011585776825633381	0.0	0.0	0.0	0.0	0.0	0.0	0.0	0.0	0.0	0.0	1.5743371212121214e-05	0.0	0.0	0.0	0.0	0.0	0.0	0.0	0.022728884659090908	0.0	0.00019679383116883117
LC002	0.0022093473832453295	0.002545034893667421	0.029397801892286714	0.008888547289236645	0.0005143491619215532	0.00475729518363522	4.413847055186326e-06	0.0008772512615401378	2.089654202415158e-07	0.0	0.0	0.0	0.0	0.002378905362914295	0.0012861314125622175	0.006141196709741916	0.0012906757528498116	1.875227862489009e-05	0.0	0.004247551003056445	0.0011293816758861143	2.0384286028854075e-05	5.638861775167508e-05	0.00013043555836845716	0.0	3.1592356687898095e-06	1.9102411618335186e-06	0.0007701816990887325	4.404939757298259e-05	0.0	0.0003456681322923361	2.1495685192320525e-05	2.8135667925571908e-05	0.0006362674285214846	0.010598899694688635	0.0	0.0	0.00013646182120289016	0.0	0.0	0.0	0.0017397380611343064	0.0031440313854332203	5.5833462793226666e-05	0.0	0.0	0.0024376613266422183	0.0	0.0002130257622058366	0.0	3.8278324647751406e-05	0.0	0.0	0.00011245996951183483	0.0	0.0	0.0	0.0	0.0	0.0	0.0	0.0	0.0	6.865083960625361e-06	2.199996490673966e-05	0.0008532196385578886	1.705017497041867e-05	0.00036305732484076433	0.0	4.440618047724988e-06	0.0	0.0	0.0	0.0	0.0	0.0	0.0	0.0	0.0	0.0	0.0003874832695757829	0.0	0.0	0.0	0.0	0.0	0.0	0.0	0.0	4.7590893853046054e-05	0.0	0.0	0.0008560509554140128	0.0	0.0	0.0	0.0	0.0	0.0	0.0018021482339316735	0.012694849771601364	1.2515509967739266e-05
LC003	0.0008790646794590854	0.0014879121519624288	0.014282590411601858	0.17937383706346288	0.0008209618112012255	0.0049534764741422785	0.0	0.000674011463938615	0.0	0.0	0.0	0.0	0.0	0.003507496116395427	0.0018496795010374348	0.00920545638301022	0.00027580534844250045	0.0	0.0	0.0012384803898671897	0.0015777370063594252	0.0	0.0	9.833376240739151e-05	0.0	2.0855268552685524e-05	0.0	0.030377021669152862	0.0	0.0	1.922468675236203e-05	4.868836792457143e-06	0.0	0.0018808815242869412	0.00432625363412725	0.0	0.0	1.670580342167058e-05	0.0	0.0	0.0	0.08759866532875854	0.0040605045759708695	0.0	0.0	0.0	0.005188154298209649	0.0	0.0264074475467298	0.0	0.0	0.0	0.0	0.00010253784170494767	0.0	0.0	0.0	0.0	0.0	0.0	0.0	0.0	0.0	0.0	0.0	0.0	0.00011805176747419648	0.0	0.0	0.0	0.0	0.0	0.0	0.0	0.0	0.0	0.0	0.0	0.0	0.0	5.639908858104975e-06	0.0	0.0	0.0	0.0	0.0	0.0	0.0	0.0	0.0	0.0	0.0	0.0	0.0	0.0	0.0	0.0	0.0	0.0	0.0064637453874538744	0.011826274429410961	0.0
LC004	0.0006741468119196563	0.05237644214739746	0.0008657444315259888	0.00036478226510497293	0.3352421100173349	0.00033558524141230573	0.0	0.04100179347456168	0.0	0.0	0.0	0.0	0.0	0.0005593967139358134	0.0029176983555875375	0.0005765333163975221	9.405245648249338e-05	0.0	0.0	0.019003504759360076	0.0001126957839779936	0.0	0.0	7.62755415107075e-06	0.0	0.0	2.065802609997861e-06	1.460543797601003e-05	0.0	0.0	0.0006440783051600993	0.0	0.0	0.002315307910588938	0.001803296154153674	0.0	0.0	0.00028883060268858134	0.0	0.0	0.0	0.0028314788455307133	0.006113249857612776	0.0	0.0	0.0	0.020104980211081796	0.0	0.0	0.0	0.004534775097374042	0.0	0.0	6.017446556458995e-06	0.0	0.0	0.0	0.0	0.0	0.0	0.0	0.0	0.0	0.0	0.0	0.0	0.0	0.0	0.0	0.0	0.0	0.0	0.0	0.0	0.0	0.0	0.0	0.0	0.0	0.0	0.0	0.0	0.0	0.0	0.0	0.0	0.0	0.0	0.0	0.0	0.0	0.0	0.0	0.0	0.0	0.0	0.0	0.0	0.0	0.16163548153034302	0.0	0.0
LC005	0.0005641279238828936	0.0004237613790134088	0.004646975701526264	0.0034921365430163097	4.9591189691553514e-05	0.20187587576745814	0.0	9.61917942673629e-05	0.0	0.0	0.0	0.0	0.0	0.002628733644582698	0.0014479068082721668	0.003588293690391238	0.006763573447945922	0.0	0.0	0.0011767619259690652	0.0031821892724498316	0.0	0.0001569959404600812	0.000768410721591088	0.0	7.149300857013983e-07	3.2394031379146394e-06	0.0008852360867186824	1.6878632758512754e-06	0.0	3.815372719296941e-05	7.2558616838790486e-06	0.0	6.02956570582378e-06	0.046834064460573255	0.0002266550728813472	0.0	9.927099434659592e-05	0.0	0.0004884821831303564	0.0	0.0004939065356218692	0.008337846536276549	0.0	0.0	0.0	0.002446579461735077	0.0	0.0003873545722621571	0.0	3.605258070751981e-06	0.0	0.0	8.599044489243601e-05	0.0	0.0	0.0	0.0	0.0004832205683355886	0.0	0.0	0.0	0.0	0.0	0.0	1.0319777793604444e-05	6.7600164734953224e-06	0.0	0.0	8.462716330745673e-06	0.0	0.0	0.0	0.0	0.0	0.0	0.0	0.0	0.0	0.0	0.0	0.0	0.0	0.0	0.0	0.0	0.0	0.0	0.0	0.0	0.0	0.0	0.00019377537212449255	0.0	0.0	0.0	0.0	0.0	0.0	0.011752990527740191	0.0033435799127950684	0.0
LC006	0.0028659169381495472	0.00398906049711719	0.0001832235038508642	0.0005728359584480801	0.0011038357811660867	0.0002835628550101588	0.28019243219254963	0.003624806290034512	0.2753833261215488	0.0	0.21436415848606474	0.0003878644406043997	0.0	0.001224506399182033	7.590506838294449e-05	0.00015360695313155568	0.013865537386174168	0.013579914030918825	0.0	0.0014244882565998282	0.0024206490460051467	0.0002354244048360962	0.001655301222081753	0.0008539548603965151	0.0	0.0016724031465093412	8.837100374710995e-06	0.0	0.0021112374683756917	0.0	0.00591690492398457	0.0015423506705705607	0.0009532602474353895	0.0012626431791617967	0.0006300830204701886	1.0691252509617865e-05	0.0015815421874820657	0.002517674630102487	0.0	0.0	0.0	0.0	0.00038220862084649074	1.4626951579250305e-05	4.191248770894788e-06	0.0	0.0	0.0032171635272984955	0.0	0.0	0.0024295986093552466	0.005238165340160665	0.0	0.0038603756546866535	0.22825710071639274	0.0	0.0	0.0	0.00019360865290068827	0.0014243542388097986	0.0003228811104087653	0.0	0.0	0.007392573746312684	0.000892425732248741	0.005899118149355689	0.005780554540207773	0.00033820058997050147	0.0	0.011750556978730009	0.0	0.0	0.0	9.393663878449912e-05	0.0	0.0	0.003183038348082596	0.0027469902954127654	0.004157522123893805	0.0	0.004385185453842063	0.0	0.0	0.0	0.0	0.0	0.0	0.0	0.0	0.027679149200434714	0.0	0.0014380121271714192	0.0007550884955752213	0.0007499392677424953	0.0	0.0	0.0	0.0	0.0	0.0	0.0	0.0005862515802781289
LC007	0.0006785388925568999	0.03431043290453856	0.0010215039544220024	0.0004980672568485928	0.034372030060738065	0.00010246221260325955	1.418525431846769e-06	0.26713578857928394	0.0	0.0	0.0	0.0	0.0	0.001357353136770067	0.0018168418632455053	0.0001798102688577282	0.00030908838368931497	0.0	0.0	0.007893535122260426	0.0008482069060149162	0.0	0.0	2.080671913046547e-05	0.0	0.0	5.309026780953943e-06	3.680840301768206e-05	2.272395898022994e-06	0.0	0.00015116254509274236	1.4443986890128673e-05	0.0	0.009398511753085006	0.0008805009311629189	0.0	0.0	4.720891037444445e-06	0.0	0.0	0.0	0.0002598554428560019	0.03194604881244443	0.0	0.0	0.0	0.004709897993592986	0.0	0.0	0.0	0.0006090468964520557	0.0	0.0	0.0	0.0	0.0	0.0	0.0	0.0	0.0	0.0	0.0	0.0	1.4603945371775418e-05	0.0	1.655139365865346e-05	0.0	0.0	0.0	0.0	0.0	0.0	0.0	0.0	0.0	0.0	0.0	0.0	0.0	0.0	4.997636757133262e-06	0.0	0.0	0.0	0.0	0.0	0.0	0.0	0.0	0.0	0.0	0.0	0.0	0.0	0.0	0.0	0.0	0.0	0.0	0.011180394537177542	0.0006535660091047041	0.0
LC008	0.0023989474459258026	0.008095342208560367	0.00011863189754849222	0.00035836427764908565	0.0017837782892053636	2.1048138203642912e-05	0.2574153873891479	0.006880062517053369	0.7356935114788683	0.0	0.13138325978406393	0.00019453331591162215	0.0	0.0006944417911948421	0.0001172357645859223	0.00013712533392237127	0.004624900923272383	0.014614135339992989	0.0	0.0008301094118116839	0.0008704774649305323	0.0012128875460967698	0.001920653177106805	0.0012087420218619322	0.0	3.155993690851735e-05	4.090342313922756e-05	0.0	0.0012551147883291982	0.0	0.0025207034815867622	0.0010345120964431883	0.00122750129478789	0.0008927218617939409	0.00011989652040913871	0.004639329023281477	0.0013565638463710122	0.0008558334684106182	0.0	0.0	0.0	0.0	0.0004293979905223808	0.0	0.0	0.0	0.0	0.0	0.0	0.0	0.0031651107856391766	0.002475411185842113	0.0	0.00046020837357024823	0.10891148737097361	0.0	0.0	0.0	0.0	0.00042962007955013034	0.00012309317260027038	0.0	0.0	0.004090471608832807	0.0006952235286620145	0.004062902208201893	0.0007935999862844602	0.001423186119873817	0.0	0.0012685912336045158	0.0	0.0	0.0	0.0	0.0	0.0	0.001206230283911672	0.0	0.0	0.0	0.0003976314836841288	0.0	0.0	0.0	0.0	0.0	0.0	0.0	0.0	0.00022542752781006139	0.0	0.005418585699263932	0.0	0.0	0.0	0.0	0.0	0.0	0.0	0.0	0.0007391167192429023	0.0007061288868859847
LC009	0.0007291753920011569	0.00025640376869965476	0.0005698871332448893	0.005960981090507108	3.0470341671954843e-05	0.0073425080077422445	3.92652440162802e-06	0.0002520589068592613	0.0	0.894518958800673	0.0	0.0	0.0	0.0018803478806293811	0.000791690960235264	0.04274874141345595	0.00027992063262173046	0.0	0.0	4.52539657106233e-05	0.0015758593118771883	0.0	5.576853526220615e-06	5.7642773035030905e-06	0.0	0.0006512025316455696	0.0	0.0028377016563425803	0.0011658115230415785	0.0	0.011191575671164277	7.753223377723401e-05	6.564094086529378e-06	0.015088380105087174	0.0014345198623897202	0.0	0.0025992365660247253	0.0005461668834742582	0.8561272597699416	0.0	0.0	1.7280840550743948e-05	0.0008864125494897674	0.0	0.0	0.8132356563396042	0.0	0.0	0.00016534718665398406	0.0	0.00014944714436407474	0.0	0.0	0.0	0.0	0.0	0.0	0.0	0.0	0.0	0.0	0.0	0.0	0.0009116075949367089	0.0	3.680546302465023e-05	0.0	0.0	0.0	0.0004592979680213192	0.0	0.0	0.0	0.0	0.0	0.0	0.00018022151898734178	0.0	0.0	0.0	0.0	0.0	0.0	0.0	0.0	0.0	0.0	0.0	0.0	0.0	0.0	0.000327443741209564	0.0	0.0	0.0	0.0	0.0	0.0	0.0	0.0	0.0	0.0
LC010	0.0014013970357406682	0.00011820613926146714	4.2336490096749055e-05	0.0037522340742533107	0.0005648692033007964	0.00010700794407842035	0.39609648811730636	0.00023989043397983922	0.16986428435986278	0.0	0.9969158951032013	0.0	0.0	0.0001669754497492725	0.0	0.00015139162910085175	0.05215974586620983	0.0008396162214126694	0.0	0.0	0.0021463376351587024	0.00013560686523512663	0.0068716228467343215	0.0	0.0	6.6591985428051e-05	0.0	0.0	0.0031418032138666873	0.0	0.004075541277180622	0.0004340612536480658	0.00031542084658673844	0.0	0.0001676795275155931	0.0	0.00024571027620080377	0.0012418446762709058	0.0	0.0	0.0	0.0	6.719465909182094e-05	0.0	0.0	0.0	0.0	0.0005214152700186219	0.0	0.0	0.00017595953682019257	0.0	0.0	2.2675736961451248e-05	0.9978306816351313	0.0	0.0	0.0	0.0	0.0	0.0	0.0	0.0	0.0002703952641165756	0.00041833636915604135	0.0013421896270731472	0.0	0.0	0.0	2.0901639344262298e-05	0.0	0.0	0.0	0.0	0.0	0.0	0.0	0.006027876771996515	0.0	0.0	0.0	0.0	0.0	0.0	0.0	0.0	0.0	0.0	0.0	0.005387096155689772	0.0	0.0011505768063145112	0.0	0.0	0.0	0.0	0.0	0.0	0.0	0.0	0.0	0.0
LC011	0.0005740357469331273	5.502485655370271e-05	2.5797491745556417e-06	0.0	5.051963799680463e-06	0.0	0.0	6.251777093378588e-06	0.0	0.0	0.0	0.9956386898995911	0.0	0.0	0.0005016583985814754	0.0	2.6825360287778878e-05	0.0001503858024691358	0.0	0.0001696412253763763	0.0	0.0	0.0	8.045502499885327e-06	0.0	0.0	2.804653766192228e-05	0.0	9.645040605894698e-06	0.0	0.0	0.0003433221149263471	0.0	8.922630344981579e-05	0.0	0.0	0.0	6.245994807867719e-05	0.0	0.0	0.0	0.0	2.8871568959674688e-05	0.0	0.0	0.0	0.0	0.0	0.0	0.0	0.0	0.0	0.0	1.901004977928055e-05	0.0	0.0	0.0	0.0	0.0	0.0	0.9222500862919132	0.0	0.0	8.086785009861932e-05	0.0	0.00027098723139208967	0.0	0.0	0.0	0.0	0.0	0.0	0.0	0.0	0.0	0.0	0.0	0.0	0.0	0.0	0.0	0.0	0.0	0.0	0.0	0.0	0.0	0.0	0.0	0.0	0.0	0.0	0.0	0.0	0.0	0.0	0.0	0.0	0.0	0.0	0.0	0.0
LC012	0.0026386943842601714	0.00019891335227272726	0.00014686078252957235	0.00022117817606747496	1.100850190559953e-05	1.1091242992460854e-05	0.008714027016903124	8.325113808801213e-05	0.0	0.0	0.0	0.0	1.0010236717372134	0.0005689531556314425	0.0	1.840766211663367e-05	0.0005903753950092624	0.03399024700543798	0.0	0.0	0.0004216987504221547	0.003551524703778225	9.586394557823129e-05	0.0	0.0	0.00021221296296296298	2.6351351351351353e-05	0.0	0.0007116752810258149	0.0	0.0006277668759811617	0.0006405919926830708	0.0	0.0	0.00018492439273689275	0.0	0.0	0.0009638026224982746	0.0	0.0	0.6572096529888551	0.0	0.0	0.0	0.0	0.0	0.0	0.0	0.0	0.7146564118629908	0.001291471797052154	0.01282510981331736	0.0	1.803665910808768e-05	0.0	0.0	0.7747807904411765	0.0	0.0	0.18122151138716355	0.0	0.0	0.0	0.0009826349206349205	0.001028541366041366	0.006722621136173768	0.0	0.0	0.007132359726836472	0.0021713424185463657	0.4392255846560847	0.0	0.6183278743028743	0.248429299847793	0.8185074083389224	0.0	0.0	0.0	0.009248809523809525	0.7168053766588602	0.0	0.0	0.9155871743036837	0.059471531746031744	0.8511788086611456	0.9414498818972034	0.8506886621315193	0.7179147271825397	0.0	0.00042172619047619046	0.0	0.0	0.01233174603174603	0.016922619047619047	0.5829236179529284	0.0	0.882699858276644	0.0	0.3397266534391534	0.0	0.0	0.0
LC013	0.002839364766657224	0.006081072154563564	0.004695304629772744	0.0028761551579659225	0.0017359658989372325	0.0029686967151690935	5.463690958878351e-06	0.003735926551759578	0.0	0.0	0.0	0.0	0.0	0.12324166648148442	0.0017789622922451606	0.01448942435945496	0.0025985668310738734	6.385338276523535e-05	0.0	0.0036109909728175905	0.0006388038272442147	0.07229373996969868	0.00020616733067729083	0.00351987978319281	0.0	1.2627490039840638e-05	0.0006630215623990525	0.0	0.0004255072237739434	0.0	0.000365664813274375	1.564152312682356e-05	0.00028398123922221565	0.0004604292264902654	0.0006272247374139804	0.027988756002605548	4.049172957973554e-06	0.000902756562682078	0.0	0.04949630146082337	0.0	8.66708604179772e-06	0.010587772258981694	0.0	0.0	0.0	0.00021450088534749888	0.0	0.0	0.0	0.000489898738379814	0.0	0.0	0.001403791636176383	0.0	0.0	0.0	0.0	0.024076195219123506	0.0	0.0	0.0	0.0	0.0	8.442995693991712e-06	0.00040942755294611025	0.0008762212021479301	0.0004750996015936255	0.0	0.0	0.0	0.0	0.0	0.0	0.0	0.0	0.0	0.0	0.00030139442231075697	0.0	0.00022751616484880153	0.0	0.0	0.0	0.0	0.0	0.0	0.0	0.0	0.0	0.0	0.00027343404161133246	0.0018871513944223107	0.0	0.0	0.0	0.0	0.0	0.0	0.0	0.0	0.002760202048947069
LC014	0.0027356270246287973	0.0014702446280991737	0.000791465038339387	0.0005923115534185645	0.0017503619306521682	0.00021826601604680088	0.0	0.0013036480127527168	0.0	0.0	0.0	0.0	0.0	0.0005529421707110951	0.6311307507397205	0.001355372145967332	2.926288052146176e-05	0.0	0.0	0.0003558486127093722	0.0002355227810015044	0.0	0.0	0.0	0.0	0.0	0.0	7.86875850705638e-06	0.0	0.0	5.3287453287453284e-06	0.0	0.0	0.000280020202020202	0.0007585001530456076	0.0	0.0	0.0	0.0	0.0	0.0	0.00013098351940457205	0.0030481600142393097	0.0	0.0	0.0	0.0010089831649831651	0.0	0.00012478542651953056	0.0	0.0	0.0	0.0	3.591287019858448e-05	0.0	0.0	0.0	0.0	0.0	0.0	0.0	0.0	0.0	0.0	0.0	0.0	0.0	0.0	0.0	0.0	0.0	0.0	0.0	0.0	0.0	0.0	0.0	0.0	0.0	0.0	0.00042083788706739536	0.0	0.0	0.0	0.0	0.0	0.0	0.0	0.0	0.0	0.0	0.0	0.0	0.0	0.0	0.0	0.0	0.0	0.0	0.0	9.534231200897867e-05	0.0
LC015	0.0016970712989329748	0.0012806545653471254	0.008283877925444638	0.010833677413798207	0.00017676628002979164	0.007583853098545258	0.0	0.0005055684463230875	0.0	0.0	0.0	0.0	0.0	0.012783526681022082	0.003654914130362708	0.06224723594558748	0.0001428448392410958	9.135667396061269e-06	0.0	0.002718367448688475	0.001300164521160203	2.702746016580886e-05	0.0	1.3255050633555545e-05	0.0	0.0	0.0	0.02839002801185654	5.678998886440269e-05	0.0	0.00013637274468784316	2.6500614155678293e-05	4.0248701786472445e-05	8.025432475950621e-05	0.007266977322458723	3.1632984166867735e-06	0.0	0.00012019961771650477	0.0	0.002901742341356674	0.0	0.0028065751084494603	0.006002833167853941	0.0	0.0	0.0	0.0008976829564794554	0.0	0.03548868519244634	0.0	0.0	0.0	0.0	0.00014240313193110944	0.0	0.0	0.0	0.0	0.0	0.0	0.0	0.0	0.0	0.0	0.0	2.821605435909248e-06	0.0	0.0	0.0	2.756132673039272e-05	0.0	0.0	0.0	0.0	0.0	0.0	0.0	0.0006231979196397424	0.0	0.0	1.3233131255156582e-05	0.0	0.0	0.0	0.0	0.0	0.0	0.0	0.0	0.0	0.0	0.00014208606856309266	0.0	0.0	0.0	0.0	0.0	0.0	0.0	0.0	0.00735382932166302	0.0
LC016	0.003974037515623246	0.0017162688787185354	0.0015671003804165636	0.0008395407578789746	0.0006006088828242453	0.006819625289911842	0.00046150678736086074	0.001051189723004483	1.1625724577525282e-06	0.0	0.0	1.5167336917028873e-05	0.0	0.0036184792181388863	0.0020808298083812957	0.0003539278149707825	0.1674711657389419	0.0030697945800491565	0.0	0.0024736506097384355	0.0005682358561760553	0.00018950475392400169	0.00666383563255966	0.0003726697621201639	0.0	0.00035890617848970255	0.0015342607767951017	0.0	0.0063452340040880476	1.4145145472376593e-05	0.004284815047652576	0.001380827371483501	0.001768080023224837	0.0001759302275376711	0.0021854468310103323	0.0013586734649485344	4.63996652093777e-05	0.0010280352022865205	0.0	0.0015666285278413425	0.0	0.0	0.0006719956854403774	5.95166601551599e-05	0.0	0.0	1.0854309687261634e-05	0.0	0.0	0.0	0.005075358232537866	5.770764071787343e-05	0.0	9.108174162113358e-05	0.0	0.0	0.0	0.0	0.0017463196033562164	0.00021388916525718834	0.0001288370382477934	0.00013108559192156696	0.0	0.001251395881006865	0.0073510621084991795	0.009047226303745635	0.0005312710178091732	0.00655949656750572	0.0	0.0011800072263037456	0.0	0.0	0.0	0.0	0.0	0.0	0.0023367276887871855	0.004164156137034458	0.03372929061784897	0.0	9.764789736279403e-05	0.0	0.0	0.0	0.0	0.0	0.0	0.0	0.0	0.0	0.0	0.003613005339435545	0.0038543478260869564	0.0006409341768744111	0.0	0.0	0.0	0.0	0.0	0.0	0.0011041189931350114	0.01991046093494606
LC017	0.001043684522246296	3.1549873737373736e-06	0.0	0.0	9.694737613603049e-06	1.2787863980353831e-05	5.7055063913470994e-05	0.0	1.6101472134595163e-06	0.0	0.0	0.0005606686938417708	0.0	2.309235281097831e-05	0.0	6.64407569495097e-06	0.005524049495719976	0.9848181621870713	0.0	5.0289556962025314e-05	0.001092932427107959	0.0	0.0005314345238095238	8.032138242894056e-05	0.0	0.0002185	0.0014072166697947947	0.0	0.00022850023065770398	0.0	0.00020453551078551078	6.801683188764973e-05	0.0011506935807075733	1.608927323549965e-05	0.0	0.0	0.00012381196858336936	0.00022642365685843945	0.0	0.0	0.0	0.0	2.813876651982379e-05	0.0	0.0	0.0	0.0	0.0	0.0	0.0	0.0028429949294532628	0.0	0.0	2.1900982615268328e-05	0.0	0.0	0.0	0.0	0.0	0.0	0.0005494791666666666	0.0	0.0	0.0003714537037037037	3.9573980546202775e-05	8.00243664717349e-05	0.0001385643115942029	0.008561464692714692	0.0	3.855080409356725e-05	0.0	0.0	0.0	0.0	0.0	0.0	0.0	0.0	0.007044444444444444	0.0	0.0	0.0	0.0	0.0	0.0	0.0	0.0	0.0	0.0	0.0	0.0	0.0	0.0026380787037037037	0.984316489651416	0.0	0.0	0.0	0.0	0.0	0.0	0.0	0.07376598875661375
LC018	0.0006027437604095026	6.511919613799088e-05	2.634723256768466e-05	1.1877398010256951e-05	0.0	5.785280373077209e-05	0.0006956164065305088	0.0	0.0	0.0	0.0	0.0	0.0	6.788407230267474e-05	0.0	0.0	0.017665205922349717	1.977481658269248e-05	1.0006026452344199	1.5437600072505362e-05	0.00023173716549027573	0.0005863760126390803	0.0	0.0	0.0	2.473190135242641e-05	0.0	0.0	0.0	0.0	0.0008063870894419821	0.0002961006467869152	0.00012924874434510028	0.0	1.8080567006581328e-05	0.0	0.0	0.00986596168177573	0.0	0.0	0.0	0.0	0.0	0.0	0.04394627088305489	0.0	0.0	0.7665954253943281	0.0	0.0	0.0018373835094897142	0.0005523573647948845	0.0	0.0	0.0	0.0	0.0	0.9920580076942257	0.0	0.21675721697623743	0.0	0.3468067854875085	0.0	0.0012259140811455846	0.0002927677731973675	0.0008845371184524558	0.0	0.0	0.9585492368318811	0.0005396683833689235	0.0	0.992318138424821	0.0	0.6996203288978978	0.0	0.963841204746378	0.0	0.0	0.0	0.0	0.0	0.0	0.0	0.8302310453460621	0.0	0.0	0.0	0.0	0.9890883360871427	0.38334589875643765	0.0	0.0	0.0	0.0	0.0	0.9990387293226894	0.0	1.0018365155131266	0.0	0.0	0.0	0.0
LC019	0.0008840725884667263	0.012859593498273878	0.004491982306333512	0.0009127299733756832	0.010469536488427241	0.0011911152601017454	2.401702699675143e-06	0.005653414110370527	0.0	0.0	0.0	0.0	0.0	0.002070132129709012	0.000780909858074415	0.0026520289172644934	0.0010133667410132377	0.0	0.0	0.38280962204774877	0.0003098417721518987	0.0	0.0	1.9356049455401826e-05	0.0	0.0	0.0	1.4695215010324085e-05	0.0	0.0	0.0004683618491213428	0.0	0.0	0.0006405302125626941	0.011101912639048715	0.0	0.0	0.0	0.0	0.0	0.0	3.441705529646902e-05	0.014143753973122179	0.0	0.0	0.0	0.00458121800281294	0.0	0.0	0.0	4.8468957203134413e-05	0.0	0.0	4.935847756824249e-06	0.0	0.0	0.0	0.0	0.0	0.0	0.0	0.0	0.0	0.0	0.0	0.0	0.0	0.0	0.0	0.0	0.0	0.0	0.0	0.0	0.0	0.0	0.0	0.0	0.0	0.0	0.0007083212284706372	0.0	0.0	0.0	0.0	0.0	0.0	0.0	0.0	0.0	0.0	0.0	0.0	0.0	0.0	0.0	0.0	0.0	0.0	0.0010575822784810128	0.0	0.0
LC020	0.0014726990516262326	0.0016019086073500966	0.0014492046378543533	0.001286053099892701	0.0002097246393083703	0.0051053666541905395	0.0	0.0005444980305427307	0.0	0.0	0.0	0.00012732909480045321	0.0	0.00020437044375688735	0.0003343869546529121	0.0014399686903487127	0.0002295319879254102	0.000684657579787234	0.0	0.00043519391327767306	0.3452843488286555	0.0	9.814741641337384e-05	0.0	0.0	0.03162813120567376	0.0	0.00030259261355062623	5.1468823351253125e-05	0.0	0.0015976833450237705	0.00127212884600174	0.0004932041918069229	0.08872832998795664	0.004368918036750484	0.0	0.0	1.0460642502733161e-05	0.0	0.0	0.0	0.0003285169372900336	0.0004976895679070204	0.0	0.0	0.0	4.58628841607565e-06	0.0	0.0005252428975525765	0.0	0.00016918028115501518	3.259735046166198e-05	0.0	0.00035291648574323344	0.0	0.0	0.0	0.0	0.0	0.0	2.749810030395137e-06	0.0	0.0	3.1867021276595745e-05	8.019019987105093e-06	0.0012004255319148936	0.0	0.0	0.0	0.0	0.0	0.0	0.0	0.0	0.0	0.0	0.0	0.0	0.0	0.0	0.0	0.0	0.0	0.0	0.0	0.0	0.0	0.0	0.0	0.0	0.0	0.0	0.0031147606382978723	0.0	0.0	0.0	0.0	0.0	0.0	0.0	0.022973315602836882	0.0
LC021	0.001378165596295916	0.00026630992317541616	0.0004934943604883499	0.0018158200370736103	4.5094206399345944e-05	2.866797537593627e-05	0.0	0.0005540880121396054	0.0	0.0	0.0	0.0	0.0	0.07740623343246732	4.0762555128752307e-05	0.0005742157980706999	0.0018093273600412543	5.813771517996871e-06	0.0	9.044749509716527e-06	0.00035069148936170213	0.9621021781392581	0.007832816096579478	0.0005798247625286603	0.0	0.00029789577464788735	1.971830985915493e-05	0.0	0.005260126309458173	0.0	0.0007953787339421142	0.0005545316508717734	0.0014195291149884381	0.0	0.000587154502774221	0.0	0.0	0.0008407882870344598	0.0	0.0	0.0	4.3744749196936e-05	3.5170317056524166e-05	0.0	0.0	0.0	0.0	0.0	0.0	0.0	0.0005429946344735077	0.0	0.0	0.0	0.0	0.0	0.0	0.0	0.0	0.0	0.0	0.0	0.0	0.0	0.0002867548726703656	0.009893509266123054	0.0004141396203306797	0.0	0.0	0.00020582653817642697	0.0	0.0	0.0	0.0	0.0	0.0	0.0	0.0013025352112676055	0.006292735808792147	0.0	0.0	0.0	0.0	0.0	0.0	0.0	0.0	0.0	0.0	0.0	0.0	0.018977253521126763	0.0	0.0	0.0	0.0	0.0	0.0	0.0	0.0	0.0	0.037414466800804826
LC022	0.000615834103379386	4.4571103896103896e-05	0.00012117941930680783	5.442192936215076e-05	8.324538258575198e-06	2.146344480958825e-05	0.0	0.00011682310860611316	0.0	0.0	0.0	0.0	0.0	0.0002828719408081958	0.0	6.240075023444826e-06	0.0035646727688787186	0.0	0.0	6.536708860759493e-06	0.0	6.796136820925553e-05	0.8879227559183674	0.0	0.0	0.0002669561904761905	7.09864864864865e-05	0.0	0.07221054621250635	0.0	0.00017458398744113032	0.0009847789697291557	3.3240938166311303e-06	0.0006865259299191375	0.003479633116883117	0.0	0.0	0.002465153020892151	0.0	0.0	0.0	0.0	0.0	0.0	0.0	0.0	0.0	0.0	0.0	0.0	0.022026229761904763	0.0	0.0	0.0	0.0	0.0	0.0	0.0	0.0	0.0	0.0001342780612244898	0.0	0.0	0.0	0.0	0.0013497323308270675	0.0	0.04575028571428571	0.0	0.0005446992481203007	0.0	0.0	0.0	0.0	0.0	0.0	0.0	0.005699047619047619	0.0	0.0	0.0	0.0	0.0	0.0	0.0	0.0	0.0	0.0	0.0	0.0	0.0	0.09204064285714285	0.0	0.0	0.0	0.0	0.0	0.0	0.0	0.0	0.0	0.03148095918367347
LC023	0.0009240036576260472	6.348275634249472e-06	9.871483685918585e-05	3.5080737435281327e-05	0.0	0.0008957402366491487	0.0	1.1151939160814483e-05	0.0	0.0	0.0	0.0	0.0	0.0031397966274437136	0.0	0.0	0.0	0.0	0.0	2.9274359729172802e-05	0.0	0.0	0.0	0.3290031359856679	0.0	0.0	0.0	0.0	0.0	0.0	0.009358194905869324	1.0884412552952366e-05	0.0	0.0	0.0	0.0	0.0	0.0	0.0	0.0	0.0	0.0	5.265469726462452e-05	0.0	0.0	0.0	0.0	0.0	0.0	0.0	0.0	0.00101919335966067	0.0	9.235089384591046e-06	0.0	0.0	0.0	0.0	0.0	0.0	0.0	0.0	0.0	0.0	0.0	0.0	0.0	0.0	0.0	0.0	0.0	0.0	0.0	0.0	0.0	0.0	0.0	0.0	0.0	0.0	0.0	0.0	0.0	0.0	0.0	0.0	0.0	0.0	0.0	0.0	0.0	0.0	0.0	0.0	0.0	0.0	0.0	0.0	0.0	0.0	0.0	0.0
LC024	0.0022408479563968617	5.760481682496607e-05	0.0	0.0020356530998145803	0.0	0.0	0.002784343327609739	0.0	0.0	0.0	0.0	0.0	0.0	0.00029516084914075043	0.0	0.0	0.0016380456982820451	0.0006211028192371476	0.0	3.918382769695825e-05	0.0	0.0	0.0005447641791044776	0.0	1.0033721452439295	0.000521086567164179	0.0	0.0	0.0010562893716471026	0.0	0.007353600131212072	0.0008891827109804139	0.00011817776787703274	0.0	0.0	0.0	0.003049993611707997	0.0002455961300218276	0.0	0.0	0.0	0.0	0.0	0.0	0.7721425497512437	0.0	0.0	0.015537638622529808	0.0	0.0	0.0007970451314854301	0.0	1.0031594688893195	0.0	0.0	1.002851806186459	0.0	0.0	0.0	0.13503896430889034	0.0	0.5571529727509243	1.0018178546519736	0.0	0.00392545153022765	0.0055148845247446985	0.0	0.0	0.0	0.00011898664571877454	0.0	0.0	0.0	0.02675966060110407	0.0	0.0	0.012688955223880596	0.0	0.0	0.0	0.0	0.917806810017708	0.0	0.0	0.0	0.0	0.0	0.0	0.0	0.02909347996857816	1.0025219846712383	0.0	0.0	0.0	0.0	0.0	0.0	0.0	0.0	0.0	0.0	0.0
LC025	0.00022963291970323679	0.00018921609848484848	5.463424049411311e-06	1.2857728577285773e-05	3.4653474054529465e-05	7.798827244023455e-07	0.0	5.251896813353566e-06	0.0	0.0	0.0	0.0	0.0	3.820717131474104e-06	0.0	0.0	0.001074320366132723	0.0	0.0	6.906329113924051e-06	0.005457178191489362	6.053615023474178e-05	0.0	0.0	0.0	0.9222588511111112	0.0	0.0	2.878291814946619e-05	0.0	6.353601953601954e-05	0.0003132292441140025	1.4960199004975123e-05	0.03697999119496856	0.0	0.0	1.4560311284046692e-05	1.264558629776021e-05	0.0	0.0	0.0	0.0	0.0	0.0	0.0	0.0	1.3055555555555555e-05	0.0	0.0	0.0	3.255555555555556e-05	0.0	0.0	0.0	0.0	0.0	0.0	0.0	0.0	0.0	0.0	0.0	0.0	0.0	0.0	0.0006107508771929824	0.0	0.0	0.0	0.0	0.0	0.0	0.0	0.0	0.0	0.0	0.0	0.0	0.0	0.0	0.0	0.0	0.0	0.0	0.0	0.0	0.0	0.0	0.0	0.0	0.0	0.0	0.0	0.0	0.0	0.0	0.0	0.0	0.0	0.0	0.0	0.0
LC026	6.988059558475158e-06	5.3470515970515975e-06	0.0	0.0	3.513870070598302e-06	4.931792414877665e-06	0.0	2.680146003362999e-06	0.0	0.0	0.0	0.0	0.0	0.0	0.0	0.0	0.0	0.0	0.0	7.3349298665754365e-06	0.0	0.0	0.0	0.0	0.0	0.0	0.9709909400109569	0.0	0.0	0.0	0.0	5.3573043303526574e-05	0.0001934575433642598	0.0	0.0	0.0	0.0	0.0	0.0	0.0	0.0	0.0	4.840308370044053e-05	0.0	0.0	0.0	0.0	0.0	0.0	0.0	0.0	0.0	0.0	0.0	0.0	0.0	0.0	0.0	0.0	0.0	0.0	0.0	0.0	0.0	0.0	0.0	0.0	0.0	0.0	0.0	0.0	0.0	0.0	0.0	0.0	0.0	0.0	0.0	0.0	0.0	0.0	0.0	0.0	0.0	0.0	0.0	0.0	0.0	0.0	0.0	0.0	0.0	0.0	0.0	0.0	0.0	0.0	0.0	0.0	0.0	0.0	0.0
LC027	0.0006011034955305319	0.00044709836395873624	0.002087392949689331	0.030513811598754284	0.00011404545369486706	0.0035275944586800256	0.0	0.00024669927571325563	0.0	0.0	0.0	0.0	0.0	9.772258483795314e-06	0.0007389777204670822	0.024934851638034047	0.0	0.0	0.0	4.7112846754645844e-05	0.00029459691413912783	0.0	0.0	0.0	0.0	0.0	0.0	0.46043897062522005	0.0	0.0	0.0	0.0	0.0	0.0	0.0026197126853642807	0.0	0.0	0.0	0.0	0.0	0.0	0.0448446979594376	0.002060391476864436	0.0	0.0	0.0	0.00028427304964539005	0.0	0.368548452424876	0.0	0.0	0.0	0.0	0.0	0.0	0.0	0.0	0.0	0.0	0.0	0.0	0.0	0.0	0.0	0.0	0.0	0.0	0.0	0.0	0.0	0.0	0.0	0.0	0.0	0.0	0.0	0.0	0.0	0.0	0.0	0.0	0.0	0.0	0.0	0.0	0.0	0.0	0.0	0.0	0.0	0.0	0.0	0.0	0.0	0.0	0.0	0.0	0.0	0.0	0.0	0.0	0.0
LC028	0.0029840303665193036	0.0003087701188935619	0.00018168321014162754	0.00013229810945796292	6.0110423572052316e-05	2.758705377566106e-05	2.9655990510083035e-05	7.422115898671016e-05	0.0	0.0	0.0	0.00046187467975039836	0.0	0.0023274212757510883	0.0	5.950536143968478e-05	0.005642118374227383	0.0023397864768683273	0.0	0.0002264426325510158	7.988850609525252e-05	0.019234766177133978	0.1066657453990849	0.0067228233882313995	0.0	0.0007258434163701068	0.00021741920746369146	0.0	0.2644274831879029	0.0	0.008857824619034583	0.003174537300400852	0.0007521046900727678	0.0031476358020546564	0.019231971853769007	0.0	5.4830580057327226e-05	0.005504806380375002	0.0	0.0	0.0	0.0	2.4509696333108625e-05	0.0	0.0	0.0	0.0	0.0	0.0	0.0	0.052441402092865616	0.004334768011817632	0.0	0.001183005301764834	0.0	0.0	0.0	0.0	0.0	0.0	0.0005025578291814947	0.0	0.0	0.0	0.0002388403609044178	0.021317673721670725	0.0047878028779204706	0.07587153024911032	0.0	0.032237085596553666	0.0	0.0	0.0	0.0	0.0	0.0	0.035334519572953735	0.03703787714683583	0.03649074733096085	0.0	0.0	0.0	0.0	0.0	0.0	0.0	0.0	0.0	0.0	0.0	0.0	0.38239031237643334	0.03233790035587188	0.004967448189240109	0.0	0.0	0.0	0.0	0.0	0.0	0.0	0.11629415353329943
LC029	6.868250372829848e-05	0.0	1.5193564397386054e-06	0.0	0.0	0.0	0.0	0.0	0.0	0.0	0.0	0.0	0.0	0.0	0.0	0.0	1.6702353710362863e-05	0.0	0.0	0.0	0.0	0.0	0.0	0.0	0.0	0.0	0.0	0.0	0.0	0.005320956632653061	0.000229010989010989	0.0	0.0	0.0	0.0	0.0	0.0	6.764539808018069e-06	0.0	0.0	0.0	0.0	0.0	0.0	0.0	0.0	0.0	0.0	0.0	0.0	0.0	0.0	0.0	0.0	0.0	0.0	0.0	0.0	0.0	0.0	0.0	0.0	0.0	0.0001408	0.0	1.556015037593985e-05	0.0	0.0	0.0	0.0	0.0	0.0	0.0	0.0	0.0	0.0	0.0	0.0	0.0	0.0	0.0	0.0	0.0	0.0	0.0	0.0	0.0	0.0	0.0	0.0	0.0	0.0	0.0	0.0	0.0	0.0	0.0	0.0	0.0	0.0	0.0	0.0
LC030	0.004006413488684515	0.0015613255494505494	0.000671804798174225	0.000146689554807636	0.0030465894439773065	0.00011207601600023793	0.00010765178774028331	0.000493811358090569	0.0	0.0	0.0	2.6724754535405422e-05	0.0	0.0003209433328955241	0.00024706700706700704	0.00028304919005137823	0.00390935532811963	0.0005532305657305657	0.0	0.0020227588445309963	0.004830119437300288	0.0005918340814115463	0.0001981287284144427	0.010612972783030921	0.0	0.0006002380952380952	1.1479061479061479e-05	0.0	0.003531418403660397	1.5850340136054422e-05	0.0822486079244321	0.0007057082941841306	0.0017588868842600186	0.000851399543852374	0.00036462565212565213	0.0	0.03205178517980074	0.0018412239933979066	0.0	0.0	0.0	0.0	0.0002557325200497007	7.392120075046904e-06	0.0	0.0	0.0	0.0	0.0	0.0	0.0015346568114425257	0.0	0.0	7.255986643741745e-05	0.0	0.0	0.0	0.0	0.0	0.0	8.693092621664052e-05	0.0	0.0	0.00020904395604395604	0.011998741998741999	0.049730136880663196	7.4016563146997936e-06	0.0021413919413919413	0.0	0.0066554270291112405	0.0	0.0	0.0	0.0	0.0	0.0	0.0	0.0	0.007046153846153846	0.0	0.00600396324986489	0.0	0.0	0.0	0.0	0.0	0.0	0.0	0.0	0.0	0.0	0.0013584656084656085	0.1215981684981685	0.0	0.0	0.0	0.0	0.0	0.0	0.0	0.021564835164835164	0.00028898482469911043
LC031	0.0006145137448351155	0.00013791601892531262	6.233277295006275e-05	1.5377440019753356e-05	2.0712891487086935e-05	2.9639168775246364e-06	0.0	5.7539022175087856e-05	0.0	0.0	0.0	7.39461663110505e-06	0.0	1.9070187650883458e-05	3.1383725733168115e-05	1.825953974929433e-05	1.1852526094612643e-05	3.8177233925375195e-05	0.0	1.7787398240082821e-06	0.00013089258878430752	0.0	2.0646415294742435e-05	5.8806302412034236e-05	0.0	1.748698884758364e-05	5.513488395458656e-05	0.0	8.257947584966066e-05	0.0	5.1036943230251775e-05	0.8110845593620873	0.0	0.0	2.994677255829672e-05	0.0	0.0	3.726288258371659e-05	0.0	0.0	0.0	0.0	0.00011980741201709712	0.0	0.0	0.0	0.0	0.0	0.0	0.0	0.0	9.520469476982067e-06	0.0	0.0	0.0	0.0	0.0	0.0	0.0	0.0	0.0	0.0	0.0	0.0	0.0	3.751907650166308e-05	0.0003747494747050267	0.0	0.0	8.868127567990607e-06	0.0	0.0	0.0	0.0	0.0	0.0	0.0	0.0	0.0	0.0	0.0	0.0	0.0	0.0	0.0	0.0	0.0	0.0	0.0	0.0	0.0	0.00023709211069805866	0.0	0.0	0.0	0.0	0.0	0.0	0.0	0.0	0.0	0.0
LC032	0.00016872491981690914	5.6136363636363635e-05	1.130076312127838e-05	0.0	4.474658370417045e-06	2.7472582958011034e-06	0.0	0.0	0.0	0.0	0.0	0.0	0.0	0.0003104462746030802	0.0	0.0	4.928447009802247e-06	0.0	0.0	1.3753070092575099e-05	5.078993331216259e-06	0.0	0.0	0.0	0.0	1.2812189054726367e-05	8.796893908834208e-05	0.0	8.421283263398311e-05	0.0	2.3851894374282434e-05	0.0	0.8895059604032078	0.0010464671923401858	0.0	0.0	0.0	1.4015397321691936e-05	0.0	0.0	0.0	0.0	0.0	0.0	0.0	0.0	0.0	0.0	0.0	0.0	0.0	2.540364216652586e-05	0.0	3.381815412732257e-05	0.0	0.0	0.0	0.0	0.0	0.0	0.0	0.0	0.0	0.0	0.009005163576059098	0.00014752160251374705	0.0009616847826086957	0.0	0.0	0.0029834544383346424	0.0	0.0	0.0	0.0	0.0	0.0	0.003863805970149254	0.01784452195544019	0.005114179104477612	0.0	0.0	0.0	0.0	0.0	0.0	0.0	0.0	0.0	0.0	0.0	0.0	0.0	0.0	0.0	0.0	0.0	0.0	0.0	0.0	0.0	0.0	0.0
LC033	0.0007105438585407368	0.012063449271012007	0.00042123586544449423	0.00028833242822994264	0.00331062328869418	0.0001276161053948477	0.00018998218956976678	0.01405584390299768	0.0	0.0	0.0	0.0	0.0	0.0001243629256558671	0.00045260987230798553	9.161306304446555e-05	3.6165968654203184e-05	0.0	0.0	0.004100362073083353	0.060431312725812925	0.0	0.0	5.30835892935498e-05	0.0	0.04968546918238994	0.0	0.0	0.0	0.0	0.0	0.0	0.0002507307800619544	0.7638299494482022	0.00024867924528301885	0.0	0.0	0.0	0.0	0.0	0.0	0.0	0.001976695204056188	0.0	0.0	0.0	3.334381551362683e-05	0.0	0.0	0.0	0.0	0.0	0.0	0.0	0.0	0.0	0.0	0.0	0.0	0.0	0.0	0.0	0.0	0.0	0.0	0.00017274280039721946	0.0	0.0	0.0	0.0	0.0	0.0	0.0	0.0	0.0	0.0	0.0	0.0	0.0	0.0	0.0	0.0	0.0	0.0	0.0	0.0	0.0	0.0	0.0	0.0	0.0	0.0	0.0006718867924528303	0.0	0.0	0.0	0.0	0.0	0.0	0.0	0.0	0.0
LC034	0.001655837481571675	0.0017283466769972451	0.00944889342176835	0.001928452514070595	0.0009923232989525865	0.044149479230737684	0.0	0.0006572481261783235	0.0	0.0	0.0	0.0	0.0	0.00040927094651696245	0.0011369934190388735	0.005262099578940389	0.0017085248942514389	0.0	0.0	0.013563962696586114	0.0013940943343004513	0.0001133290653008963	0.004458692207792207	0.0009268961416490486	0.0	4.4621212121212114e-05	6.967905405405405e-06	1.4469159681925638e-05	0.01609389221395449	0.0	0.0002830017205017205	5.2431846344485746e-05	0.00024341644052464946	0.00010540308747855918	0.11417541035353534	0.0	0.0	0.00012105341957120613	0.0	0.0	0.0	0.0002423444976076555	0.0022043669069550125	0.0	0.0	0.0	0.0006857428451178451	0.0	0.0	0.0	0.0004804540945165945	0.0	0.0	8.580705009276437e-06	0.0	0.0	0.0	0.0	0.0	0.0	0.0	0.0	0.0	0.0	0.0	9.649920255183412e-05	0.0	0.006054924242424243	0.0	0.03865326953748006	0.0	0.0	0.0	0.0	0.0	0.0	0.03644772727272727	0.03967108585858586	0.0530647842056933	0.0	0.001162810481867859	0.0	0.0	0.0	0.0	0.0	0.0	0.0	0.0	0.0	0.0	0.003376367845117845	0.0	0.0	0.0	0.0	0.0	0.0	0.0	0.023418768939393937	0.005589351851851851	0.0
LC035	0.00010789626819227245	0.0006233084168683028	1.1072410672807853e-05	1.9138617241685723e-05	0.0	0.0	0.0	0.0	0.0	0.0	0.0	0.0	0.0	0.07069780043324798	0.00024077735530207014	0.0	0.0	0.0	0.0	0.0	0.0	0.0	0.0	0.0	0.0	0.0006088669201520912	0.0	0.0	0.0	0.0	8.197885764425689e-06	0.0009383295404752145	0.0	0.0	0.0	0.9896577975682749	0.0	0.0	0.0	0.9924216730038021	0.0	0.0	0.0	0.0	0.0	0.0	0.0	0.0	0.0	0.0	0.0	0.0	0.0	0.0	0.0	0.0	0.0	0.0	0.99122845373891	0.0	0.0	0.0	0.0	0.0	0.0	0.0	0.0	0.0	0.0	0.0	0.0	0.0	0.0	0.0	0.0	0.0	0.0	0.0	0.0	0.0	0.0	0.0	0.0	0.0	0.0	0.0	0.0	0.0	0.0	0.0	0.0	0.0	0.0	0.0	0.0	0.0	0.0	0.0	0.0	0.0	0.0	0.0
LC036	0.0009535065056495725	1.2768172974885036e-05	4.537230842715489e-06	1.7134023480312623e-06	0.0	2.548032623747519e-05	4.8534830067835125e-05	0.0	0.0	0.0	0.0	0.0007544624287216326	0.0	0.0012680716821430232	0.0	2.4189222556173318e-05	0.001192010435494929	0.011084678988326848	0.0	7.52962616362114e-05	0.0	0.0	7.103946637020567e-06	0.0016987139172925528	0.0	9.933592736705577e-05	0.0	0.0	2.5143664234183088e-05	0.0	0.1523688046065478	5.723749873432369e-06	0.0012691706835472442	0.0	0.0	0.0	0.9898863843510121	0.00028800079974162195	0.0	0.0004858949416342413	0.0	0.0	4.0840604055606027e-05	1.0644395938122805e-05	0.0	0.0	0.0	0.0	0.0	0.0	0.0004513201778765981	0.0	0.0	0.00035853516503877816	0.0	0.0	0.0	0.0	0.0	0.0	0.0	0.0	0.0	0.0	0.004609641158668396	0.005933721073110793	0.0	0.0	0.0	0.0	0.0	0.0	0.0	0.0	0.0	0.0	0.0	0.0	0.0	0.0	0.0	0.0	0.0	0.0	0.0	0.0	0.0	0.0	0.0	0.0	0.0	0.0	0.083984046692607	0.0023242732890821696	0.0	0.0	0.0	0.0	0.0	0.0	0.0	0.0
LC037	0.0003017874145277353	0.000123473993891484	6.21024830007484e-05	1.353596935178838e-05	6.622534858739975e-05	0.0003889675718174865	0.0	5.966640076292382e-06	0.0	0.0	0.0	1.1893569084204536e-05	0.0	0.0001832464607971277	0.0	0.0001330718468098356	0.00014337876828176302	0.0	0.0	7.595937359283534e-06	0.0	0.0	0.00043659401468097123	0.0	0.0	2.5886693017127797e-05	0.0	0.0	0.0001086042226379531	0.0	2.06228554054641e-05	4.348560765240901e-05	0.0013219146363046426	0.00014929077485271086	8.123128518385435e-05	0.0	0.0	0.9161669390241997	0.0	0.0	0.0	0.0	8.460587487593809e-06	0.0	0.0	0.0	0.0	0.0	0.0	0.0	0.0	0.0	0.0	0.0	0.0	0.0	0.0	0.0	0.0	0.0	9.556394692264257e-05	0.0	0.0	0.0	0.0	0.000563307676305388	2.078965457982471e-05	0.0	0.0	0.0006603910963178698	0.0	0.0	0.0	0.0	0.0	0.0	0.0015478260869565218	0.002317557426820187	0.000875494071146245	0.0	0.0005751830493099203	0.0	0.0	0.0	0.0	0.0	0.0	0.0	0.0	0.0	0.0	0.0	0.0	0.0	0.0	0.0	0.0	0.0	0.0	0.0	0.0	0.0
LC038	0.00047485705844283745	0.00014269796176046175	0.0005293016608303232	0.0042147842109373475	0.00024055576496209743	0.008018877612389114	0.0	0.00023626634872461882	0.0	0.8602096864325899	0.0	0.0	0.0	0.0013968799405552393	0.00028682219015552343	0.053814525546177626	0.00027822273073989324	0.0	0.0	0.00011178420735382762	0.0029161115332657886	0.0	0.0	0.0	0.0	0.0006210449735449735	0.0	0.0051402243048519645	0.0004024868666327741	0.0	0.005316176812605384	1.602938573198796e-05	0.0	0.02566179095537586	0.0015754223785473785	0.0	0.0006717528256438761	0.0004846979107848673	0.9081652084908037	0.0	0.0	2.1543441938178778e-05	0.0011296187329557373	0.0	0.0	0.7658307857581338	0.0	0.0	0.0	0.0	0.0004970592403628118	0.0	0.0	0.0	0.0	0.0	0.0	0.0	0.0	0.0	0.0	0.0	0.0	4.390476190476191e-05	0.0	8.508771929824561e-06	0.0	0.0	0.0	4.707602339181287e-05	0.0	0.0	0.0	0.0	0.0	0.0	0.0	0.0	0.0	0.0	0.0	0.0	0.0	0.0	0.0	0.0	0.0	0.0	0.0	0.0	0.0	0.0	0.0	0.0	0.0	0.0	0.0	0.0	0.0	0.0	0.0	0.0
LC039	0.0005660686264854572	0.0022877973484848485	0.0	0.0	0.0	0.0	0.0	0.0	0.0	0.0	0.0	0.0	0.0	0.1092309520252324	0.0	0.0	0.0	0.0	0.0	0.0	0.0	0.0	0.0	0.0	0.0	0.0	0.0	0.0	0.0	0.0	0.0	0.0	0.0	0.0008506792452830191	0.0	0.9925315240811153	0.0	0.0	0.0	1.0045049999999998	0.0	0.0	0.0	0.0	0.0	0.0	0.0	0.0	0.0	0.0	0.0	0.0	0.0	0.0	0.0	0.0	0.0	0.0	0.9956283333333334	0.0	0.0	0.0	0.0	0.0	0.0	0.0	0.0	0.0	0.0	0.0	0.0	0.0	0.0	0.0	0.0	0.0	0.0	0.0	0.0	0.0	0.0	0.0	0.0	0.0	0.0	0.0	0.0	0.0	0.0	0.0	0.0	0.0	0.0	0.0	0.0	0.0	0.0	0.0	0.0	0.0	0.0	0.0
LC040	0.0023590165074868306	8.082833655705995e-05	1.4705860611809929e-05	0.0013294642903875847	0.0	2.5409840785420206e-05	0.0038807719826774614	0.0008175068608142576	0.00037181018860326195	0.0	0.0	0.0	0.0	0.0003010485716707638	0.0	0.00010530192280832441	0.0028785851307269097	0.019149335106382975	0.0	0.0	0.0011404255319148937	0.0031223194486065327	0.0005581483282674772	0.0	0.0	0.0005319007092198582	2.1686313973548016e-05	0.0	0.0015802952979480577	0.0	0.006225217052451095	0.004722331725065254	8.189266433788505e-05	0.0	4.0667311411992265e-05	0.0	0.0037645069956122193	0.004437147422420318	0.0	0.0	0.9218050067904029	0.0	2.480457399943762e-05	0.0	0.0057040203900709215	0.0	0.0	0.04379565909901344	0.0	0.0	0.0037903647416413374	0.0	0.0	0.000772841221595021	0.0	0.0	0.0	0.0	0.0	0.5807698353376503	0.001642025075987842	0.0020098692172555144	0.0	0.008524017021276595	0.0	0.05658507054871221	0.0	0.0	0.0	4.964165733482643e-05	0.9233091460992908	0.0	0.9238783611270844	0.06038168464004663	0.0	0.0013977344920587352	0.0	0.0	0.0	0.0	0.0	0.0	0.0	0.09076170212765958	0.10469148011100833	0.0	0.0	0.0	0.0	0.11733574468085108	0.0	0.0003741134751773049	0.07860085106382979	0.013684055068836045	0.4281400293470286	0.0	0.0	0.0	0.4924521985815603	0.0	0.0	0.0
LC041	0.000355983641396183	0.0022246947268740034	0.004917593763650586	0.09289491206491012	0.0012854076980049066	0.0018651455261970893	0.0	0.0009134367595772437	0.0	0.0	0.0	0.0	0.0	2.987785699308031e-05	0.0008266879319510899	0.0016501506775691965	0.0	0.0	0.0	0.0002118520986009327	4.7215612168719675e-05	0.0	0.0	0.0	0.0	0.0	0.0	0.011885557421923603	0.0	0.0	0.0	0.0	0.0	0.0	0.001952084994683679	0.0	0.0	0.0	0.0	0.0	0.0	0.9227227166051092	0.01953150552592936	0.0	0.0	0.0	0.021677863060428848	0.0	0.0017937582395294595	0.0	0.0	0.0	0.0	0.00021631161236424393	0.0	0.0	0.0	0.0	0.0	0.0	0.0	0.0	0.0	0.0	0.0	0.0	0.0	0.0	0.0	0.0	0.0	0.0	0.0	0.0	0.0	0.0	0.0	0.0	0.0	0.0	0.0	0.0	0.0	0.0	0.0	0.0	0.0	0.0	0.0	0.0	0.0	0.0	0.0	0.0	0.0	0.0	0.0	0.0	0.0	0.006900438596491229	0.0	0.0
LC042	0.002002478249061371	0.008401468612334803	0.002920667807738713	0.0025187418653922224	0.003816656980460986	0.006523123103610666	0.0	0.03981482221761713	0.0	0.0	0.0	0.0	0.0	0.007063806448215947	0.0035323811685133272	0.0015256308620673034	0.00038658353410820674	0.0	0.0	0.013790639602966599	0.00040820718905239484	0.0	0.0	0.0008192372707714373	0.0	0.0	0.0	0.0006646064923298028	0.0	0.0	6.545803682367559e-05	2.7352079000376663e-05	0.0	0.0014851649904413598	0.0033334065879054866	0.0	0.0	0.0	0.0	0.0	0.0	0.006289147152021022	0.13685199266432493	0.0	0.0	0.0	0.22368810572687226	0.0	9.755544804053882e-05	0.0	0.00011724617159639186	0.0	0.0	1.5942941053073212e-05	0.0	0.0	0.0	0.0	0.0	0.0	0.0	0.0	0.0	0.0	0.0	0.0	0.0	0.0	0.0	0.0	0.0	0.0	0.0	0.0	0.0	0.0	0.0	0.0	0.0	0.0	0.0	0.0	0.0	0.0	0.0	0.0	0.0	0.0	0.0	0.0	0.0	0.0	0.0	0.0	0.0	0.0	0.0	0.0	0.0	0.003250418502202643	0.0	0.0
LC043	0.00010763481410665987	0.0	0.0	0.0	0.0	0.0	0.0	0.0002263969799030312	0.0	0.0	0.0	0.0	0.0	0.0	0.0	4.3952607140951055e-05	1.711782106379416e-05	0.0	0.0	0.000251933312750849	0.001969718474312403	0.0	0.0	0.0	0.0	0.00012230569105691058	0.0	0.0	0.0	0.0	1.633699633699634e-05	0.0	3.939570440480525e-05	1.1773584905660377e-05	0.0	0.0	0.00018234791686438267	0.0	0.0	0.0	0.0	0.0	4.931771784678199e-06	0.973625249256395	0.0	0.0	0.0	0.0	0.0	0.0	0.0	0.0	0.0	0.0	0.0	0.0	0.0	0.0	0.0	0.0	0.0	0.0	0.0	0.13638476097560975	0.0	0.0	0.0	0.0	0.0	0.0	0.0	0.0	0.0	0.0	0.0	0.0	0.0	0.0	0.0	0.0	0.0	0.0	0.0	0.0	0.0	0.0	0.0	0.0	0.0	0.0	0.0	0.0	0.0	0.0	0.0	0.0	0.0	0.0	0.0	0.0	0.0	0.0
LC044	0.0024548828253233537	9.429095643939395e-05	6.162118799459564e-05	0.0005255522242722427	0.00010147867194371152	2.942673094271538e-05	0.0010320174225663717	2.407056145675266e-05	0.0	0.0	0.0	0.0	0.0	0.0012755177207835326	5.539772727272727e-06	0.00010416666666666665	0.004409181922196796	0.0014849983121141975	0.14358267327963406	2.1624472573839664e-05	4.353113918439716e-05	0.0	0.0	0.0007433866279069768	0.6989917754975125	0.0010572361111111112	0.0	0.0	0.00016854982206405692	0.0	0.005129227716727716	0.0005629046623296159	0.0069008628731343285	0.0	0.0003209970801767677	0.0	0.0	0.014701239295125165	0.0	0.0	0.0	0.0	2.0945759911894275e-05	0.0	0.7675712972005209	0.0	0.0	0.22163388326350095	0.0	0.0	0.0005960999503968255	0.0	0.5875448593073592	0.0006979698129251701	0.0	0.6221583408816426	0.0	0.09248485696517413	0.0	0.2679381838768116	0.0	0.474925745412844	0.6490402647975079	0.01759715625	0.0008921506734006734	0.00380359649122807	0.0008984714673913044	0.0	0.08398202519379845	0.028321340460526312	0.0	0.0	0.0	0.005858875570776256	0.0	0.28577588028169015	0.034696875	0.036134276871980675	0.0345078125	0.0	0.0	0.7749705773305084	0.0	0.0	0.0	0.0	0.0	0.0	0.16083169070512823	0.11930944353070176	0.581459740990991	0.0	0.0	0.0	0.0	0.0	0.0	0.0	0.0	0.0	0.0	0.0
LC045	0.0008361949948690716	0.00011456899799095931	0.0006587821310547144	0.0020239031484237495	3.259522733567545e-05	0.010277534147234951	0.0	0.00021546877488912549	0.0	0.7588944253094622	0.0	0.0	0.0	0.004038393387774867	0.00012428595345722416	0.029123526119177436	0.00012753707473102646	0.0	0.0	0.0	0.0014262636652168802	0.0	0.0	0.00022202878067583196	0.0	7.0994475138121556e-06	0.0	0.0016647235609889893	0.003045134779103832	0.0	0.0048354441138971525	2.8113126168128323e-05	3.1648387894780247e-05	0.0011661002814552278	0.001534879876109158	0.0	0.0872677967194789	0.00018168278994606165	0.7428198938875735	0.0	0.0	7.638121546961326e-05	0.0013534305254703433	0.0	0.0	0.859771347028479	0.0	0.0	0.0001702807140804139	0.0	0.00027598987108655616	0.0	0.0	0.0	0.0	0.0	0.0	0.0	0.0	0.0	0.0	0.0	0.0	0.004566254143646409	7.788939114905965e-05	1.1933701657458564e-05	0.0	0.0	0.0	0.0026417708636231464	0.0	0.0	0.0	0.0	0.0	0.0	0.004666298342541436	0.0037927776443270078	0.0	0.0	0.0	0.0	0.0	0.0	0.0	0.0	0.0	0.0	0.0	0.0	0.0	0.005236909146715776	0.0	0.0	0.0	0.0	0.0	0.0	0.0	0.0	0.0	0.0
LC046	0.0002636363337929223	0.006444188446969697	0.00028516534774496557	0.000145443487768211	0.0070608369979478156	0.00041174259509848144	0.0	0.0024091451694486597	0.0	0.0	0.0	0.0	0.0	0.00018180057547587426	0.0009147182940516274	4.679552637977146e-05	8.35812356979405e-05	0.0	0.0	0.0012915471167369902	0.0	0.0	0.0	0.0	0.0	0.00010073703703703703	0.0	0.0	0.0	0.0	0.0	0.0	0.0	0.00020530398322851154	3.3034511784511786e-05	0.0	0.0	0.0	0.0	0.0	0.0	0.0005313767056530214	0.20557007342143904	0.0	0.0	0.0	1.004440277777778	0.0	0.0	0.0	0.0	0.0	0.0	0.0	0.0	0.0	0.0	0.0	0.0	0.0	0.0	0.0	0.0	0.0	0.0	0.0	0.0	0.0	0.0	0.0	0.0	0.0	0.0	0.0	0.0	0.0	0.0	0.0	0.0	0.0	0.0	0.0	0.0	0.0	0.0	0.0	0.0	0.0	0.0	0.0	0.0	0.0	0.0	0.0	0.0	0.0	0.0	0.0	0.0	0.0	0.0	0.0
LC047	0.0023474205613441272	3.312373031995937e-05	9.753924686138328e-05	1.0740275000515368e-05	1.0657272151059094e-06	4.9390313045713293e-05	0.0023575328356487207	1.3666381261603412e-05	0.00010542269531043475	0.0	0.0	0.0	0.0	0.0015960170491219482	2.7903617177360193e-05	0.0010355720450350232	0.007607868529716323	0.0011273290399337885	0.27298385354861937	5.517148716498125e-05	0.0011668964697491976	0.0005781304587300338	0.00012350518754988027	8.331167987527607e-05	0.0	0.0002090856610800745	0.0	0.0	0.00023869659436569313	0.0	0.006475773016555139	0.00015451600174451206	0.0006918264821145669	0.00028661115210287764	0.0010272219400711022	0.0	0.0012247570810599308	0.01015830591560492	0.0	0.0	0.0	0.0	0.00013112002559495975	0.0	0.08375227828212291	0.0	0.0	0.4045745950500921	0.0	0.0	0.0	0.0	0.0007340782122905028	8.699122106943337e-05	0.0	0.0	0.0	0.21961557158342368	0.0	0.038362229778965265	0.0	0.06988118497257957	0.022289891922936355	0.014833117318435757	0.0039603408385531285	0.012248062334607467	0.0	0.0	0.23034684292581525	0.014685276389297267	0.0	0.19757541899441342	0.0	0.10909550776765899	0.0	0.19632443150523252	0.013775698324022347	0.01365290259897984	0.015274860335195532	0.0	0.0	0.0	0.0	0.05606145251396647	0.0	0.0	0.0	0.0	0.23921018478727973	0.629365054395766	0.06712426392873319	0.0	0.017980446927374303	0.0	0.0	0.1934839144673473	0.0	0.28631201117318433	0.0	0.0	0.0	0.0
LC048	0.0012737247316186224	0.0016854272858644243	0.0008052045211884687	0.0369690932036488	0.0005097953238671893	0.0016394161771492485	0.0	0.00035901304305875956	0.0	0.0	0.0	0.0	0.0	4.965571241047372e-05	0.0006129479768786127	0.043237949431451664	0.0	0.0	0.0	0.0	0.0007911689829049318	0.0	0.0	0.0	0.0	0.0	0.0	0.3864060816627721	0.0	0.0	0.0	0.0	0.0	0.0	0.0015976990278507618	0.0	0.0	0.0	0.0	0.0	0.0	0.0445187759862083	0.0002104402739935321	0.0	0.0	0.0	0.0	0.0	0.9814342911557352	0.0	0.0	0.0	0.0	0.0	0.0	0.0	0.0	0.0	0.0	0.0	0.0	0.0	0.0	0.0	0.0	0.0	0.0	0.0	0.0	0.0	0.0	0.0	0.0	0.0	0.0	0.0	0.0	0.0	0.0	0.0	0.0	0.0	0.0	0.0	0.0	0.0	0.0	0.0	0.0	0.0	0.0	0.0	0.0	0.0	0.0	0.0	0.0	0.0	0.0	0.0	0.0	0.0
LC049	0.0029844589808182068	8.377824295587453e-05	0.00025473338818964025	0.0	0.0	7.599648648007028e-05	0.003777005813452017	8.838484679072492e-06	0.00028013356208607745	0.0	0.0	0.0	0.22525996240601504	0.0013968803149973206	0.0	0.0	0.0008758132937224831	0.018964070283734025	0.0	0.0	0.0001272863008585293	0.0	5.770426065162908e-05	0.0	0.0	7.05653021442495e-05	4.4835625098783e-05	0.0	0.0005547730536305175	0.0	0.0024921127605338133	0.00035249461944824884	8.98140874574496e-05	0.0	6.127060074428495e-05	0.0	0.019480590256445263	0.0019807410489332687	0.0	0.0	0.7207950329725022	0.0	0.0	0.0	0.0007692007797270955	0.0	0.0	0.0	0.0	0.9784029000376184	0.00036683375104427734	0.018723899371069185	0.0	0.0002713132036440307	0.0	0.0	0.8034150154798761	0.0	0.0	0.10047125858123569	0.0	0.01451752776436504	0.0	0.007363064327485379	0.0033752436647173493	0.016757340720221607	0.0	0.0	0.02709030327757378	0.0071874192059095095	0.7610347134502924	0.0	0.7668615220483642	0.026268637346791638	0.673510971089696	0.0	0.0016421052631578946	0.0012004830917874394	0.0	0.9734756111590452	0.0	0.0	0.39095582036853144	0.3172369356725146	0.4462909229595729	0.3316477304372041	0.5774592035644667	0.9682293713450292	0.0	0.0	0.0	0.0	0.0017976608187134503	0.1309796869625043	0.7428945755192579	0.0	0.48462965747702585	0.0	0.8358703703703704	0.0	0.0	0.0
LC050	0.0005531019795154619	0.005758860423430736	2.5073172581134363e-05	5.536519650910794e-06	0.010402832328181932	0.0018694044397190542	0.0	0.0014619481176385578	0.0	0.0	0.0	2.3443223443223443e-05	0.0	2.274710681085183e-05	0.00013551587301587303	3.6085495467333534e-05	0.00021777133050016344	0.0	0.0	0.00042611211573236887	0.0	0.0	0.03984819676870748	0.0	0.0	2.5793650793650793e-05	3.732303732303732e-05	0.0	0.03904124936451449	0.0	0.00013172204779347634	0.001289177288015578	1.6879886282871358e-05	1.626145552560647e-05	0.0005092126623376624	0.0	0.0	0.0	0.0	0.0	0.0	0.0	0.00030978602894902454	0.0	0.0	0.0	0.0	0.0	0.0	0.0	0.818873005243764	0.0	0.0	0.0	0.0	0.0	0.0	0.0	0.0	0.0	0.0	0.0	0.0	0.0	0.0	9.759398496240601e-05	0.0	0.8839605115122973	0.0	2.5587406015037594e-05	0.0	0.0	0.0	0.0	0.0	0.0	0.0	0.0	0.0	0.0	0.0	0.0	0.0	0.0	0.0	0.0	0.0	0.0	0.0	0.0	0.0	0.1102030257936508	0.0	0.0	0.0	0.0	0.0	0.0	0.0	0.0075976190476190475	0.0	0.00935922619047619
LC051	0.000277267687672733	2.3756432246998286e-06	8.04616286649696e-05	8.941183751460157e-06	9.92764806425383e-06	0.0	0.0	9.40055926169821e-06	0.0	0.0	0.0	0.0	0.0	0.0	0.0	0.0	0.0	0.0	0.0	0.0	0.0	0.0	1.991913746630728e-05	0.001024226634488811	0.0	0.0	0.0	0.0	0.0	0.0	0.0	0.0	0.0028521097343471324	0.0	0.0	0.0	0.0	0.0	0.0	0.0	0.0	0.0	0.0	0.0	0.0	0.0	0.0	0.0	0.0	0.0	0.0	1.0013732289070842	0.0	0.23415515338210754	0.0	0.0	0.0	0.0	0.0	0.0	0.0	0.0	0.0	0.0	0.0	0.00016479311486262827	0.650840326770577	0.0	0.0	0.018238604766633564	0.0	0.0	0.0	0.0	0.0	0.0	0.024818238993710693	0.01997005742411813	0.02552452830188679	0.0	0.0	0.0	0.0	0.0	0.0	0.0	0.0	0.0	0.0	0.0	0.0	0.0	0.0	0.0	0.0	0.0	0.0	0.0	0.0	0.0	0.0	0.0
LC052	0.002119734018197678	4.362566410861865e-05	0.0	0.00014562067698599065	0.0	0.0	0.0004968049649465579	0.0	0.0	0.0	0.0	0.0	0.0	7.062917162518756e-05	0.0	0.0	0.006346133614669084	0.0015248286435786435	0.01455885689489508	0.0	0.0	0.0	0.0	0.0	1.0031594688893195	0.0003998614718614718	0.0	0.0	0.0007995540047141472	0.0	0.01110242614528329	0.000539438999662048	0.0033174016282225237	0.0	0.0	0.0	0.002917277275253929	0.0007082824290334172	0.0	0.0	0.0	0.0	0.0	0.0	0.8414403848755412	0.0	0.0	0.07731836320104477	0.0	0.0	0.00048469387755102037	0.0	1.0036345926800472	0.0	0.0	1.0027804536043667	0.0	0.07121775537894941	0.0	0.007614048560135517	0.0	0.6251912844036698	1.0024239592183515	0.0	0.002526918536009445	0.007627320574162678	0.0	0.0	0.0	0.03015311004784689	0.0	0.2588714285714286	0.0	0.0	0.0	0.05359516188037315	0.0	0.0	0.0	0.0	0.0	0.9111991195245431	0.0	0.06111553246753247	0.0	0.0	0.0	0.0	0.0	0.11547253930280245	1.0009551246051247	0.0	0.0	0.0	0.0	0.24748799820868786	0.0	0.12104545454545454	0.0	0.0	0.0	0.0
LC053	0.00023145879978936622	0.0	8.340640251468278e-05	2.726694613884914e-05	1.0688708200958484e-06	2.0566494527445625e-05	0.0	0.0	0.0	0.0	0.0	5.871539937474004e-06	0.0	0.0007847656991083286	0.0	1.732535464951845e-05	3.317610797179283e-05	0.0	0.0	0.0	0.0	0.0	0.0	9.235089384591046e-06	0.0	0.0	6.80387019672734e-05	0.0	6.151499745805796e-05	0.0	7.101243427774041e-05	1.631135725665731e-05	2.1253426743831862e-05	0.0	9.006905792620078e-05	0.0	0.0	0.0001362695275738754	0.0	0.0	0.0	0.0	0.0	0.0	0.0	0.0	0.0	0.0	0.0	0.0	0.0	0.029448838403285844	0.0	0.7630504049238742	0.0	0.0	0.0	0.0	0.0	0.0	2.0080174927113706e-05	0.0	0.0	0.0	0.0	0.0012070103831006086	0.013799297545104998	0.0	0.0	0.015635964912280705	0.0	0.0	0.0	0.0	0.0	0.0	0.0	0.017316326530612245	0.009013605442176872	0.0	0.0	0.0	0.0	0.0	0.0	0.0	0.0	0.0	0.0	0.0	0.0	0.004219104308390023	0.0	0.0	0.0	0.0	0.0	0.0	0.0	0.0	0.0	0.0
LC054	0.0016141302847709894	0.00010133889919604205	4.585869089963721e-05	0.0038581737245943887	0.0004589332830757633	0.00011582852356098054	0.35792562458611765	0.0001374738059108317	0.12258387519045472	0.0	0.9978899929370656	0.0	0.0	0.00024275957394910151	0.0	0.0	0.06639073880353057	0.00064817649281935	0.0	0.0	0.0016727221739759736	0.0003726338986298745	0.0032263455782312925	0.0	0.0	0.0	0.0	0.0	0.0027491180671556877	0.0	0.00350958112182602	0.00023790051336519737	0.00013074931465123363	0.0	0.0	0.0	0.002931686916011541	0.0009255088596703502	0.0	0.0	0.0	0.0	0.00023239533698942133	0.0	0.0	0.0	0.0	0.0001750465549348231	0.0	0.0	0.00019696307094266277	0.0	0.0	7.337683372668796e-05	0.9995490258688509	0.0	0.0	0.0	0.0	0.0	0.0	0.0	0.0	0.0	0.0	0.005588578589330469	0.0	0.0	0.0	0.0	0.0	0.0	0.0	0.0	0.0	0.0	0.0	0.004751483781918565	0.0	0.0	0.0	0.0	0.0	0.0	0.0	0.0	0.0	0.0	0.0	0.0	0.0	0.0	0.0	0.0	0.0	0.0	0.0	0.0	0.0	0.0	0.0	0.0
LC055	0.0020505706325486066	0.00014741971343873518	0.00035162760252763025	0.0031761662834019645	0.0	0.0	0.00029998717455431576	0.0	0.00017260092351300692	0.0	0.0	0.0	0.0	8.526762515156763e-05	0.0	0.0	0.009513099857393958	8.602053140096619e-05	0.043087309328629246	0.0	0.0	0.0	0.0	0.0	1.0028518061864589	0.0	0.0	0.0	0.0006823301872195575	0.0	0.0005954690237298933	0.00029524271321588276	0.0004547831494700411	0.0	0.0	0.0	0.001996199176676253	0.0	0.0	0.0	0.0	0.0	0.0	0.0	0.8124074803743961	0.0	0.0	0.07070680106873937	0.0	0.0	0.0011304347826086956	0.0	1.0027804536043665	0.0	0.0	1.0023734089477	0.0	0.1969417531905689	0.0	0.008142501575299308	0.0	0.47903389176971145	1.0026339563862927	0.0	0.007924374176548088	0.001433623188405797	0.0	0.0	0.04022130940343782	0.04489130434782609	0.0	0.4159881642512077	0.0	0.0	0.0	0.07696708511941212	0.0	0.0	0.0	0.0	0.0	0.9010360599361336	0.0	0.0	0.0	0.0	0.0	0.0	0.0	0.0	1.0014998237367803	0.0	0.0	0.0	0.0	0.4169062218890555	0.0	0.24834927536231888	0.0	0.0	0.0	0.0
LC056	0.0024809627327393433	0.0004943536931818182	0.0	1.7316040807466897e-05	0.0	6.577648650799969e-05	0.007933077390248136	0.0	0.0	0.0	0.0	0.0	0.9891473681139122	0.0002924141668619639	0.0	0.0	0.001378237313231929	0.049157271241830065	0.0	0.0	0.0	0.00010552195526097764	2.9348739495798317e-05	0.0	0.0	0.0	0.0	0.0	0.00027700962947456567	0.0	0.000180556453350571	0.0004518478023179532	0.0	0.0	0.0	0.0	0.0	0.0005385404557079748	0.0	0.0	0.20161423028785985	0.0	0.0	0.0	0.005984037990196078	0.0	0.0	0.0	0.0	1.0002403465772272	0.001400485819327731	0.0	0.0	2.864645858343337e-05	0.0	0.0	1.002995134083045	0.0	0.0	0.0011907800511508952	0.0	0.0	0.0	0.0	0.0	0.0	0.0	0.0	0.0	0.021853492647058825	0.4887415784313725	0.0	0.21048138910969794	0.0	1.0029666528583263	0.0	0.0	0.019739897698209715	0.0	1.0017584619093538	0.0	0.0	1.0008501803551608	0.0	0.6590280850383632	0.998788550420168	1.0029975490196077	1.000814393382353	0.0	0.11141780185758514	0.0	0.0	0.0	0.4260551470588235	0.9164083671399593	0.0	1.0025588235294116	0.0	0.9132607843137255	0.0	0.0	0.0
LC057	0.000371716608997557	0.00012357403324287652	3.156193554520392e-05	0.00017508949716362837	0.0	8.928867166198776e-05	0.0001560648086998635	1.2563132742961972e-05	0.0	0.0	0.0	0.0	0.0	0.0002508637093417375	3.239258254183627e-05	0.0	0.016514237166569894	1.1038557213930348e-05	0.992061660670395	0.0	0.0	0.006422404877023335	0.0	0.0	0.0	0.0	0.0	0.0	7.855473522069369e-05	0.0	3.945109616751408e-05	0.00031577428840925487	0.0	0.0	2.1466530981456355e-05	0.0	0.0	0.006880349241932629	0.0	0.0	0.0	0.0	0.0	0.0	0.011336582711442786	0.0	0.0	0.6787258734261653	0.0	0.0	0.0	0.002066600957476767	0.0	0.0	0.0	0.0	0.0	0.9877548507462687	0.0	0.12361225178455548	0.0	0.2850341982746816	0.0	0.0028005223880597013	7.535052012663954e-05	0.0	0.0	0.0	0.956195461645262	0.0	0.0	0.9888495024875622	0.0	0.586934134123901	0.0	0.9529199180155561	0.0	0.0	0.0	0.0	0.0	0.0	0.0	0.3308719253731343	0.0	0.0	0.0	0.0	0.9845909299655567	0.17116657501963864	0.0	0.0	0.0	0.0	0.0	0.9929692743180648	0.0	0.992005223880597	0.0	0.0	0.0	0.0
LC058	0.0006452781707164217	0.00015234848484848486	0.00020846361706234318	0.0	0.0	0.0	0.0	0.0	0.0	0.0	0.0	0.0	0.0	0.05759096945551129	0.00201928527701255	0.0	0.0	0.0	0.0	0.0	0.0	0.0	0.0	0.0	0.0	0.005429833333333333	0.0	0.0	0.0	0.0	0.0	0.0	0.0	0.0	0.0	0.9911940747782002	0.0	0.0	0.0	0.9956283333333334	0.0	0.0	0.00166068281938326	0.0	0.0	0.0	0.0	0.0	0.0	0.0	0.0	0.0	0.0	0.0	0.0	0.0	0.0	0.0	1.005	0.0	0.0	0.0	0.0	0.0	0.0	0.0	0.0	0.0	0.0	0.0	0.0	0.0	0.0	0.0	0.0	0.0	0.0	0.0	0.0	0.0	0.0	0.0	0.0	0.0	0.0	0.0	0.0	0.0	0.0	0.0	0.0	0.0	0.0	0.0	0.0	0.0	0.0	0.0	0.0	0.0	0.0	0.0
LC059	0.00220445761361982	1.4033596837944663e-05	0.000504863422371038	0.0014695352692657361	1.5768039463118044e-05	0.00023905983408836857	0.003529806335770168	0.00011890479646368015	0.0	0.0	0.0	0.0	0.0	0.0018754165944915987	0.0	0.0005355798687089716	0.004755518853845389	0.0014369384057971015	0.0	0.0002323654375343974	0.0005090286771507863	0.0	0.0	0.0003857330637007078	0.0	0.0	0.00021400117508813164	0.0	0.0017529382639641033	0.0	0.003907278229017359	0.0001382996605786326	0.025806430889033095	0.0	0.00025083992094861656	0.0	0.0	0.0015622512459185429	0.0	0.0	0.0	0.0	0.00013985443401647192	0.0	0.07642852355072463	0.0	0.0	0.06089351955307263	0.0	0.0	8.888198757763976e-05	0.0015959146841673503	0.0	0.00041425613723750375	0.0	0.0	0.0	0.12805210902011682	0.0	0.5026256105860114	0.0	0.035820071798962905	0.0	0.006817530434782608	0.007246227492314449	0.008356054919908467	0.00017344045368620036	0.0	0.15036826086956523	0.0001571395881006865	0.0	0.0	0.0	0.16036879094699225	0.0	0.01804453153704838	0.0	0.005950321361058601	0.0	0.0	0.0	0.02161352984524687	0.0	0.0	0.0	0.0	0.0	0.0	0.0	0.23363771167048053	0.0	0.0	0.0	0.0	0.0	0.0	0.0	0.0	0.0	0.0	0.0	0.0
LC060	0.000621363853794423	5.031214488636364e-05	0.0	1.3112809699525568e-05	0.0	0.0	0.0	4.343702579666161e-06	0.0	0.0	0.0	0.9222513366441251	0.0	3.5840566306203756e-05	0.0007931168831168832	4.5985073460456394e-05	3.8153808434128796e-05	0.0003186445932539683	0.0	0.0001336844484629295	9.105480623100303e-05	0.0	0.0	0.0	0.0	0.0	0.0002001689189189189	0.0	0.0	0.0	0.0	0.00016254646840148702	0.0	0.0	0.0	0.0	0.0	1.63184641445511e-05	0.0	0.0	0.0	0.0	5.114065449968533e-05	0.0	0.0	0.0	0.0	0.0	0.0	0.0	0.0	0.0	0.0	0.0	0.0	0.0	0.0	0.0	0.0	0.0	0.9069918526785715	0.0	0.0	0.0	0.0	0.00035560150375939844	0.0	0.0	0.0	0.0	0.0	0.0	0.0	0.0	0.0	0.0	0.0	0.0	0.0	0.0	0.0	0.0	0.0	0.0	0.0	0.0	0.0	0.0	0.0	0.0	0.0	0.0	0.0	0.00046307773109243697	0.0	0.0	0.0	0.0	0.0	0.0	0.0	0.0
LC061	0.0027934061327121954	8.330952877397832e-05	0.0	1.3006533735062122e-05	8.220570792282926e-06	0.0	0.0015967091553679195	0.0	0.0	0.0	0.0	0.00011124260355029587	0.0	0.0007113308234950108	0.0	0.00014458073193744604	0.006431545357210337	0.014817354740061163	0.19457122900746643	3.230054581349436e-05	0.00010436511809486629	0.0	0.0	0.0	0.2902747090236889	0.0	8.839573518472601e-05	0.0	0.0006244865976688759	0.0	0.007026178714252108	0.0006009344838170593	2.2353827194303707e-05	5.843863597022676e-05	1.4359188212399222e-05	0.0	0.05536351693856424	0.006398545889690683	0.0	0.0	0.0	0.0	0.00012237804631612983	0.0	0.4692268778669725	0.0	0.0	0.23262420685767002	0.0	0.0	0.00015894495412844037	0.0	0.47485213868700105	0.0045902764775635025	0.0	0.4261254022071533	0.0	0.20002803642338762	0.0	0.14450923813322697	0.0002694626474442988	0.5048656847066745	0.335553982680271	0.0007277247706422019	0.0	0.01596780299372284	0.0	0.0	0.10761561766588436	0.0010245412844036698	0.0	0.0	0.0	0.0	0.0	0.1598474092259982	0.0	0.006621406727828746	0.0	0.0	0.0	0.4991574405224693	0.0	0.0	0.0	0.0	0.0	0.0	0.30736069160197604	0.056182061805890866	0.4199647904785519	0.0	0.002285321100917431	0.0	0.0	0.04820743435621639	0.0	0.06171238532110091	0.0	0.0	0.0	0.0
LC062	0.001310776840396216	6.842236618521666e-05	0.00043921662003690694	0.0009767596647929097	9.149631346632801e-05	0.0	0.002654424778761062	0.0	0.0	0.0	0.0	0.0	0.0	0.0001715753807201102	0.0	0.0	0.003793763767403067	0.0004183346313603323	0.0	0.0	0.0	0.0	0.002427941255006676	0.0	1.0018178546519736	0.00019721495327102803	0.0	0.0	0.0	0.0	0.0025866488651535386	0.0	0.0	0.0	0.0	0.0	0.0	0.0004985667319271545	0.0	0.0	0.0	0.0	0.0	0.0	0.5962074328271029	0.0	0.0	0.03589477366470004	0.0	0.0	0.0017009846461949266	0.0	1.0024239592183517	0.0	0.0	1.0026339563862927	0.0	0.0	0.0	0.14494490044697278	0.0	0.585891220097745	1.004166914140973	0.0	0.0	0.0	0.0	0.0	0.0	0.0	0.0	0.0	0.0	0.0	0.0	0.0	0.0	0.0	0.0	0.0	0.0	0.8916409789323617	0.0	0.0	0.0	0.0	0.0	0.0	0.0	0.0	1.004	0.0	0.0	0.0	0.0	0.0	0.0	0.0	0.0	0.0	0.0	0.0
LC063	0.00860838408508962	2.8381250000000002e-05	5.27452229299363e-05	0.0	4.406860158311346e-05	0.0	0.0	2.6191198786039454e-06	0.0	0.0	0.0	0.0	0.0	0.00029339043824701196	0.0	0.0	0.0003361189931350114	6.493055555555556e-05	0.0	0.0	0.0	0.0	0.0	0.0	0.0	0.0018227133333333335	0.0	0.0	0.0	0.0	0.0009484871794871795	0.000174910780669145	0.0	0.002662245283018868	0.00010850000000000001	0.0	0.00010365758754863813	0.0008970118577075099	0.0	0.0	0.0	0.0	0.0	0.0010426731707317072	0.0	0.0	0.0	0.0	0.0	0.0	0.0	0.0	0.0	0.0	0.0	0.0	0.0	0.0	0.0	0.0	0.0	0.0	0.0	0.9584428799999999	0.0002863030303030303	0.00046543157894736844	0.0	0.0	0.0	0.0	0.0	0.0	0.0	0.0	0.0	0.0	0.011083	0.1208291304347826	0.0	0.0	0.0	0.0	0.0	0.0	0.0	0.0	0.0	0.0	0.0	0.0	0.0	0.0	0.0	0.0	0.0	0.0	0.0	0.0	0.0	0.0	0.0	0.0
LC064	0.006639532412961603	0.004519713039485767	0.0010015774420522538	0.0	7.302310706004637e-05	1.3548201910854145e-05	0.0	1.7515059548443465e-05	0.0	0.0	0.0	0.0	0.0	8.305364400981929e-05	0.0	0.00022325442609906504	0.008405780921341562	0.0	0.0	4.006137322593019e-05	0.0	0.0	0.0	0.0020513771435283065	0.0	0.0	0.0	0.0	0.0014788274201085589	0.0	0.008380996780996781	0.00027739101047651233	0.02190912483039349	0.0003066742900705165	0.0009343243036424854	0.0	8.643634791494712e-05	0.0	0.0	0.0	0.0	0.0	0.0006046811729631113	0.0	0.0	0.0	0.0	0.0	0.0	0.0	0.0	0.0	0.0	0.0	0.0	0.0	0.0	0.0	0.0	0.0	0.0	0.0	0.0	0.0	0.8695349454137333	0.0605371610845295	0.0	0.0	0.0	0.0	0.0	0.0	0.0	0.0	0.0	0.0	0.0	0.0	0.0	0.0	0.0	0.0	0.0	0.0	0.0	0.0	0.0	0.0	0.0	0.0	0.0	0.0	0.0	0.0	0.0	0.0	0.0	0.0	0.0	0.0	0.0	0.04033658008658009
LC065	0.00596946684220893	0.0004995849282296651	0.0008439557492457259	0.0	9.771837244827108e-05	0.0	0.0	0.00013039373851928758	0.0	0.0	0.0	0.0015237496107131736	0.0	0.0014427888446215138	0.0	0.00011953472302199701	0.006117449114777791	6.892543859649122e-05	0.0	3.236775483011326e-05	0.00010096024636058231	9.847294292068199e-06	0.002098872180451128	0.0021589290085679315	0.0	0.0007537263157894737	0.00015317923186344238	0.0	0.012820359617905975	0.0	0.05229428185849238	0.0007032987673645079	0.0006017282010997644	0.0005511698113207547	0.0003832974481658692	0.0	0.00046054884292443167	0.0019782608695652175	0.0	0.0	0.0	0.0	3.212149316021331e-05	0.0	0.0	0.0	0.0	0.0	0.0	0.0	0.002701325814536341	8.963919232042369e-05	0.0	0.0012518295739348372	0.0	0.0	0.0	0.0	0.0	0.0	0.0016311748120300751	0.0	0.0	0.00785098947368421	0.06318261562998405	0.2327679778393352	0.000769050343249428	0.0025305263157894735	0.0	0.0011285318559556786	0.0	0.0	0.0	0.0	0.0	0.0	0.0	0.001324408848207475	0.0	0.0	0.0	0.0	0.0	0.0	0.0	0.0	0.0	0.0	0.0	0.0	0.0	0.00409593567251462	0.38672052631578946	0.0	0.0	0.0	0.0	0.0	0.0	0.0	0.0	0.0023243609022556393
LC066	2.7405348930813303e-05	6.983942687747035e-05	0.0	5.227552275522756e-05	0.0	0.0	0.0	7.127729761826219e-05	0.0	0.0	0.0	0.0	0.0	0.0	0.0	0.0	0.0	0.0	0.0	1.4955971381397909e-05	0.0	0.0	0.0	0.0	0.0	0.0	0.0	0.0	0.0001973000154726907	0.0	0.0	8.71989655729756e-05	0.0010027741726151848	0.0	0.0	0.0	0.0	0.0	0.0	0.0	0.0	0.0	0.0	0.0	0.0	0.0	0.0	0.0	0.0	0.0	0.0	0.6506283770850424	0.0	0.006979577048210589	0.0	0.0	0.0	0.0	0.0	0.0	0.0	0.0	0.0	0.0	0.0	0.0	1.0006502481096409	0.0	0.0	0.0	0.0	0.0	0.0	0.0	0.0	0.0	0.0	0.0	0.0	0.0	0.0	0.0	0.0	0.0	0.0	0.0	0.0	0.0	0.0	0.0	0.0	0.0	0.0	0.0	0.0	0.0	0.0	0.0	0.0	0.0	0.0	0.0
LC067	0.0005411998952396825	0.004806134490509491	0.0	0.0	0.0017026617182290006	0.0018698240866035182	0.0	0.0	0.0	0.0	0.0	0.0	0.0	0.0	0.0	0.0	0.00011265622249603943	0.0	0.0	0.0	0.0	0.0	0.04771421978021978	0.0	0.0	0.0	0.009424949881199882	0.0	0.0	0.0	0.0	0.005203517300543323	0.0	0.0	0.0	0.0	0.0	0.0	0.0	0.0	0.0	0.0	0.0	0.0	0.0	0.0	0.0	0.0	0.0	0.0	0.9069561420722134	0.0	0.0	0.0	0.0	0.0	0.0	0.0	0.0	0.0	0.0	0.0	0.0	0.0	0.0	0.0	0.0	1.001	0.0	0.0	0.0	0.0	0.0	0.0	0.0	0.0	0.0	0.0	0.0	0.0	0.0	0.0	0.0	0.0	0.0	0.0	0.0	0.0	0.0	0.0	0.0	0.16842478632478633	0.0	0.0	0.0	0.0	0.0	0.0	0.0	0.0	0.0	0.0
LC068	0.0009287859979570431	0.0001738669397463002	0.00111769636821481	0.0002640836408364084	0.0	0.00011454825817415111	0.0	0.0	0.0	0.0	0.0	0.0	0.0	0.00012288057074029464	0.0	0.0002321764795684698	0.017190311851418234	0.0	0.6882704723316867	0.0	0.0	0.003859210612512283	0.0	0.0	0.0	0.0	0.0	0.0	0.001345928163535546	0.0	0.0011732685918732432	0.0007982536526324889	0.0	0.0	0.0	0.0	0.0	0.0029505745013328434	0.0	0.0	0.0	0.0	0.0	0.0	0.0	0.0	0.0	0.3864482915421592	0.0	0.0	0.0	0.0	0.0	0.0003223382376206297	0.0	0.0	0.0	0.735558208955224	0.0	0.16163169868554095	0.0	0.09930089609558353	0.0	0.0	0.0	0.0029030232558139536	0.0	0.0	0.8217669551108708	0.0	0.0	0.6865600775193798	0.0	0.2802732080280344	0.0	0.6713604159842778	0.05228197674418605	0.057543815301651494	0.05142441860465117	0.0	0.0	0.0	0.0	0.0	0.0	0.0	0.0	0.0	0.6824684555754323	0.08291132190942473	0.0	0.0	0.0	0.0	0.0	0.6907953889334403	0.0	0.6870476744186047	0.0	0.0	0.0	0.0
LC069	6.151591802038086e-05	5.3942882775119625e-05	3.352406058574345e-05	3.5637987958826955e-05	1.0738091931676157e-05	0.0009301563278968734	0.0	0.0	0.0	0.0	0.0	0.0	0.0	0.0	0.00114217437533227	0.00013581999308994586	4.1069492954353845e-06	0.0	0.0	2.638574283810793e-05	0.0	0.0	0.0006285864661654136	0.0	0.0	0.00012287719298245616	0.00012784939544807964	0.0	0.010301086345757632	0.0	0.0	0.00043970358051261986	0.00015056461115475254	0.0	0.14782776864035088	0.0	0.0	0.0	0.0	0.0	0.0	0.0	0.00029108509158358453	0.0	0.0	0.0	0.0	0.0	0.0	0.0	4.473684210526316e-05	0.03347352697782191	0.0	0.0	0.0	0.0	0.0	0.0	0.0	0.0	0.0	0.0	0.0	0.0	0.0	0.0	0.0	0.0	0.0	0.9975265235457065	0.0	0.0	0.0	0.0	0.0	0.0	0.9987289473684209	0.9982763157894735	0.9977605263157896	0.0	0.0	0.0	0.0	0.0	0.0	0.0	0.0	0.0	0.0	0.0	0.0	0.0	0.0	0.0	0.0	0.0	0.0	0.0	0.0	0.42682789473684213	0.0	0.0
LC070	0.002628693848073009	4.4472727272727274e-05	7.491449527118318e-05	0.0007686150061500615	0.0	2.6635994587280107e-05	0.004108267453294003	0.0005608234699038948	0.0	0.0	0.0	0.0	0.0	9.727755644090305e-05	0.0	0.0002877665937272064	0.0020174553775743707	0.04027845987654321	0.0	0.0	0.0005747304964539007	0.004266745539906103	0.0016868304761904762	0.0	0.0	0.0008726044444444444	0.0	0.0	0.0008738979833926454	0.0	0.008478808302808304	0.0015709838909541514	0.00019490547263681593	0.0	5.797979797979797e-05	0.0	0.034799439688715954	0.002348416337285902	0.0	0.0	0.9741611177304964	0.0	0.0	0.0	0.0193766875	0.0	0.0	0.012653906890130354	0.0	0.0	0.009072380952380952	0.0	0.0	0.0	0.0	0.0	0.0	0.0	0.0	0.6383078028985507	0.00028273809523809523	0.0	0.0	0.021742506666666668	0.0028817239057239057	0.11195240701754386	0.0	0.012736	0.0	0.00021491228070175437	1.0008385777777777	0.0	1.0009911531531532	0.1259863378995434	0.0	0.0	0.0	0.0	0.0	0.0	0.0	0.0	0.0	0.017270399999999998	0.0	0.0	0.0	0.0	0.0	0.046828491228070174	0.0	0.0	0.152294	0.021915333333333332	0.1978176091954023	0.0	0.0	0.0	0.3237617777777778	0.0	0.0	0.0
LC071	0.0004717470947409888	0.0005817424242424243	0.0	0.0	0.0	0.0	0.0	0.0	0.0	0.0	0.0	0.0	0.0	0.0005822709163346613	0.0	0.0	0.0320785293668955	0.0	0.9922875099443119	0.0	0.0	0.0	0.0	0.0	0.0	0.0	0.0	0.0	0.0	0.0	0.0	0.0	0.0	0.0	0.0	0.0	0.0	0.010443789196310935	0.0	0.0	0.0	0.0	0.0	0.0	0.0	0.0	0.0	0.7927387262569832	0.0	0.0	0.0	0.0	0.0	0.0	0.0	0.0	0.0	0.988826368159204	0.0	0.012059130434782607	0.0	0.15558165137614677	0.0	0.0	0.0	0.0	0.0	0.0	0.9544186046511627	0.0009008771929824561	0.0	1.004	0.0	0.7917694063926941	0.0	0.9568000000000001	0.0	0.0	0.0	0.0	0.0	0.0	0.0	0.8374233333333333	0.0	0.0	0.0	0.0	0.9812709401709401	0.7247350877192982	0.0	0.0	0.0	0.0	0.0	0.9937287356321838	0.0	0.9936500000000001	0.0	0.0	0.0	0.0
LC072	0.002270645837880425	5.712837837837837e-05	6.465672389239268e-05	0.0015413201023902132	0.0	0.0	0.002464609742485849	0.0008501681499405323	0.0	0.0	0.0	0.0	0.0	0.0	0.0	0.00017742622272162752	0.0008117385119673449	0.01942652027027027	0.0	0.0	0.0011596499424956872	0.005414902931100115	8.277220077220077e-05	0.0	0.0	0.0009469819819819819	0.0	0.0	0.0004898191786092143	0.0	0.0036908028908028906	0.006388546166984829	0.0	0.0	0.0	0.0	0.049000688821116835	0.0060531834205747245	0.0	0.0	0.9704865957446808	0.0	0.0	0.0	0.015346487894144143	0.0	0.0	0.06303095274044995	0.0	0.0	0.0	0.0	0.0	0.00010978120978120979	0.0	0.0	0.0	0.0	0.0	0.6956330669800235	0.0006542471042471043	0.0	0.0	0.03024406756756757	0.0	0.07587339971550498	0.0	0.0	0.0	0.0	1.0010425585585585	0.0	1.0016248356464572	0.0	0.0	0.0	0.0	0.0	0.0	0.0	0.0	0.0	0.0	0.0	0.0	0.0	0.0	0.0	0.0	0.14972361308677098	0.0	0.0	0.1275222972972973	0.0	0.0	0.0	0.0	0.0	0.13371666666666665	0.0	0.0	0.0
LC073	0.0027392433240426206	0.0011484993773349936	0.0013845531486226014	6.576016445095958e-05	0.0	0.0	0.007380421869317493	0.0009762820379570541	0.0	0.0	0.0	0.0	0.0	0.004574791245975004	0.0020116562889165627	0.0	0.005875207673740635	0.0	0.0	0.0	0.0	0.0005330657920123481	0.0	0.0	0.0	0.0009943013698630136	0.0	0.0	0.0	0.0	0.0017431883185307841	0.000274135560421653	0.0170668166019219	0.0	0.0	0.0	0.0003140557539576782	0.008745422058584657	0.0	0.0	0.0	0.0	0.00025939291533401724	0.0	0.0	0.0	0.0	0.05154822070865539	0.0	0.0	0.0	0.0	0.0	0.0	0.0	0.0	0.0	0.0	0.0	0.10670368076235855	0.0	0.0	0.0	0.0017289863013698634	0.0	0.017311319394376353	0.0	0.0	0.20070353615801212	0.001704397981254506	0.0	0.0	0.0	0.5542976543441546	0.0	0.0	0.0	0.0	0.0	0.0	0.03569009656411408	0.0	0.0	0.6530910136986301	0.0	0.0	0.0	0.0	0.0	0.12600086517664022	0.0	0.0	0.0	0.0	0.0	0.0	0.0	0.0	0.0	0.0	0.0	0.0
LC074	0.002447076986242846	0.0004753665172855314	0.0	0.0	0.0	0.0	0.010131650670987577	0.0	0.0	0.0	0.0	0.0	0.989783895036888	0.00031779641995398686	0.0	0.0	0.001065413994263061	0.05959426512780386	0.0	0.0	0.0	0.0	3.892957746478873e-05	0.0	0.0	0.0	0.0	0.0	0.0	0.0	0.00029552184904297577	0.0005738467982616891	0.0	0.0	0.0	0.0	0.0	0.0005304514836051884	0.0	0.0	0.18546357806412944	0.0	0.0	0.0	0.002498899647887324	0.0	0.0	0.0	0.0	1.0006101391977598	0.0025591549295774646	0.0	0.0	0.0	0.0	0.0	1.0029666528583263	0.0	0.0	0.001592112676056338	0.0	0.0	0.0	0.0	0.0	0.0	0.0	0.0	0.0	0.006434507042253522	0.5784781596244132	0.0	0.19163903692424822	0.02945568203743006	1.0031057329894861	0.0	0.0	0.0	0.0	1.0018322096513508	0.0	0.0	1.0009429710337496	0.0	0.5359865584813228	0.9989474849094568	1.0029547283702211	1.0011309507042254	0.0	0.20250211267605636	0.0	0.0	0.0	0.45610753935376963	0.8215796017484216	0.0	1.0025352112676056	0.0	0.9134727699530516	0.0	0.0	0.0
LC075	0.0008803047158269689	0.0	4.414966929544842e-05	0.00015570916272543008	0.0	0.00024962739903562105	0.0006124683202459595	0.0	0.0	0.0	0.0	0.0	0.0	0.0027202962796700524	0.0	0.0	0.008685238663099882	0.000255575117370892	0.964100853810212	0.0	0.0	0.0	0.0	0.0	0.0	0.0001595774647887324	0.0	0.0	0.0	0.0	0.0045	0.0001070631970260223	0.0	0.0	0.0001160904822876654	0.0	0.0	0.0183095752379892	0.0	0.0	0.0013854839676356008	0.0	0.0	0.0	0.3368773034037559	0.0	0.0	0.39899670312377056	0.0	0.0	0.0004745808182427901	0.0054592435113827616	0.0	0.0027687553894797357	0.0	0.0	0.0	0.918767826361152	0.0	0.06661648499693815	0.0	0.3521875823749838	0.0	0.01486918309859155	0.0006719590268886044	0.0014134766493699034	0.0	0.0	0.886953848673436	0.0402164566345441	0.0	0.9569765258215963	0.0	0.3029777349025661	0.0	0.7735573894068637	0.0	0.0	0.09548028169014085	0.0	0.0	0.05792635473860109	0.0	0.09711504225352112	0.0	0.0	0.0	0.0	0.957698194293969	0.3551993699036323	0.0	0.0	0.0	0.0	0.0	0.9629022340942205	0.0	0.9630971830985916	0.0	0.0	0.0	0.0
LC076	0.00031214581164354654	0.0	0.00035975349491273057	0.0	0.0	0.0024738836265223276	0.0	0.0	0.0	0.0	0.0	0.0	0.0	0.0008745019920318725	0.007882253968253969	0.0	0.0	0.0	0.0	0.0010835443037974684	0.0	0.0	0.0	0.0	0.0	0.0	0.00025405405405405407	0.0	0.0	0.0	0.0	0.0	0.0010385234541577825	0.0	0.23248026515151515	0.0	0.0	0.0	0.0	0.0	0.0	0.0	0.001533920704845815	0.0	0.0	0.0	0.0	0.0	0.0	0.0	0.0	0.0144866576819407	0.0	0.0	0.0	0.0	0.0	0.0	0.0	0.0	0.0	0.0	0.0	0.0	0.0	0.0	0.0	0.0	0.0	0.9987289473684208	0.0	0.0	0.0	0.0	0.0	0.0	1.002	1.001	1.001	0.0	0.0	0.0	0.0	0.0	0.0	0.0	0.0	0.0	0.0	0.0	0.0	0.0	0.0	0.0	0.0	0.0	0.0	0.0	0.0	0.41092500000000004	0.0	0.0
LC077	0.0002644586412722337	0.00013482378129117258	8.563983786913723e-05	0.0	0.0	0.0030873310976446827	0.0	0.0	0.0	0.0	0.0	0.0	0.0	0.0	0.005626666666666667	0.0	0.0	0.0	0.0	0.0022625316455696202	0.0	0.0	0.0	0.0	0.0	0.0	0.002076689189189189	0.0	0.0	0.0	0.001189223337049424	0.001125650557620818	0.005464709063378758	0.0	0.20683320707070707	0.0	0.0	0.0	0.0	0.0	0.0	0.0	0.0018343612334801762	0.0	0.0	0.0	0.0	0.0	0.0	0.0	0.0	0.019637872573147388	0.0	0.0	0.0	0.0	0.0	0.0	0.0	0.0	0.0	0.0	0.0	0.0	0.0	0.029358245614035085	0.0	0.0	0.0	0.9982763157894734	0.0	0.0	0.0	0.0	0.0	0.0	1.001	1.002	0.9993999999999998	0.0	0.0	0.0	0.0	0.0	0.0	0.0	0.0	0.0	0.0	0.0	0.0	0.0	0.0	0.0	0.0	0.0	0.0	0.0	0.0	0.4231448550724638	0.0	0.0
LC078	0.00013001892074178859	0.0012304545454545454	0.0	0.0002148831488314883	0.0	0.0024265223274695536	0.0	0.00032716236722306525	0.0	0.0	0.0	0.0	0.0	0.0	0.003832837465564738	0.0	0.0	0.0	0.0	0.0009121518987341773	0.0	0.0	0.0	0.0	0.0	0.0	0.0005131756756756757	0.0	0.0	0.0	0.0	0.0	0.0	0.0	0.2927524506427916	0.0	0.0	0.0007316205533596837	0.0	0.0	0.0	0.0	0.0009157121879588841	0.0	0.0	0.0	0.0	0.0	0.0	0.0	0.004639285714285714	0.006713207547169811	0.0	0.0	0.0	0.0	0.0	0.0	0.0	0.0	0.0	0.0	0.0	0.0	0.0	0.0	0.0	0.0	0.0	0.9977605263157895	0.0	0.0	0.0	0.0	0.0	0.0	1.001	0.9993999999999998	1.002	0.0	0.0	0.0	0.0	0.0	0.0	0.0	0.0	0.0	0.0	0.0	0.0	0.0	0.0	0.0	0.0	0.0	0.0	0.0	0.0	0.43282999999999994	0.0	0.0
LC079	0.002886445461208859	1.4008010432190761e-05	0.00034829942950439976	2.62940334321376e-05	0.0	0.0	0.014012880216644905	0.0	0.0	0.0	0.0	0.0	0.9892495966692687	0.002047485467964209	0.0	0.0	0.0007612371984844507	0.013321235579842137	0.0	0.0	0.0	0.0	8.06416861826698e-05	0.0	0.0	0.0	0.0	0.0	0.00041108453415786717	0.0	0.004068846454092356	0.0005256139923212871	0.0	0.0	0.0	0.0	0.0	0.0007841314067258472	0.0	0.0	0.2500154586675968	0.0	0.0	0.0	0.0	0.0	0.0	0.0	0.0	0.9998565717572621	0.0	0.0	0.0	0.0	0.0	0.0	1.0017584619093538	0.0	0.0	0.09452460441910192	0.0	0.0	0.0	0.0	0.005304951150852791	0.010257877480586711	0.0	0.0	0.0	0.026770750647109577	0.24712041530054646	0.0	0.2166774922463447	0.06878926566359758	1.0018322096513508	0.0	0.015762295081967213	0.005559230220955096	0.06291803278688525	1.001709647944101	0.0	0.0	1.0012615218063718	0.5054313442622951	0.803306735566643	0.9985424277907884	1.00172837626854	1.0011251639344263	0.0	0.02772217428817947	0.0	0.0	0.0	0.23239093539054967	0.6243779536461277	0.0	1.0019625292740046	0.0	0.6820601092896175	0.0	0.0	0.0
LC080	0.004972129855955982	0.006554356184798808	0.0004730110966615091	0.00038110217167745456	0.00023019161728448463	0.0	0.0	0.001878230801761238	0.0	0.0	0.0	0.0	0.0	8.711383972307492e-05	0.013623470773306839	0.0019017146751802564	0.00011486663915669431	0.0	0.0	0.005784652417514007	0.0008322375305197069	0.0	0.0016199437939110068	0.0	0.0	0.0019305136612021857	0.0	0.0	0.0	0.0	0.0004924277907884465	0.0	0.0	0.000740606248066811	0.003927160953800298	0.0	0.0	0.0	0.0	0.0	0.0	0.0	0.0011325413446956019	0.0	0.0	0.0	0.0	0.0	0.0	0.0	4.274004683840749e-05	0.0	0.0	0.0	0.0	0.0	0.0	0.0	0.0	0.0	0.0	0.0	0.0	0.0	0.0	0.0	0.0	0.0	0.0	0.0	0.0	0.0	0.0	0.0	0.0	0.0	0.0	0.0	0.0	0.0	0.9678198871271163	0.0	0.0	0.0	0.0	0.0	0.0	0.0	0.0	0.0	0.0	0.0	0.0	0.0	0.0	0.0	0.0	0.0	0.0	0.0	0.0	0.0
LC081	0.002423163953088538	0.00019159283513097073	9.734623575711775e-05	0.0004535117893551816	0.0	5.223274695534506e-05	0.006029163541822909	6.730793961060672e-06	0.0006520879003368443	0.0	0.0	0.0	0.0	0.00021372138564386523	0.0	0.0	0.010089116859946476	0.0001281661958568738	0.6068260790421098	0.0	0.0005187161918499819	0.0	0.0	0.0	0.7995352491778396	0.0	0.0	0.0	0.00034703540623680563	0.0	0.005900465636058857	0.0023648856404763405	0.0017331267391854288	0.0	0.00027983436055469956	0.0	0.0	0.030249085549675085	0.0	0.0	0.0	0.0	0.0	0.0	0.9266466101694916	0.0	0.0	0.2404889120348452	0.0	0.0	0.0005885391444713479	0.0	0.7871911071978869	0.0002522656520235213	0.0	0.7507210513387375	0.0	0.10767513281052365	0.0	0.41061183492999265	0.0	0.6607289535064532	0.7938227467131316	0.001081677966101695	0.0	0.00535364852809991	0.0	0.0	0.16224566417027986	0.0005683541480820697	0.0	0.0	0.0	0.0	0.0	0.4502950107424206	0.0	0.0	0.0	0.0	0.0	0.9861693478885377	0.0	0.0	0.0	0.0	0.0	0.0	0.5831969578444155	0.0	0.6755027485112232	0.0	0.0	0.0	0.0	0.0	0.0	0.49268644067796613	0.0	0.0	0.0	0.0
LC082	0.002642320713837097	0.0004268557032590052	4.651429570309513e-05	0.0	0.0	0.0	0.008126128457728057	0.0	0.0	0.0	0.0	0.0	0.9920865566037735	0.0006151920619409156	0.0	0.0	0.0016233021026725962	0.052116788958770095	0.0	0.0	0.0	0.0015612862078129152	0.0002926900269541779	0.0	0.0	0.0	0.0	0.0	0.0017744577989659573	0.0	0.0003446264427396503	0.0013858385354562671	0.0	0.0	0.0	0.0	0.0	0.00036600790513833994	0.0	0.0	0.4329784745082296	0.0	0.0	0.0	0.005976513364779875	0.0	0.0	0.0	0.0	1.0005960278053625	0.00025579514824797847	0.0	0.0	0.0	0.0	0.0	1.000850180355161	0.0	0.0	0.1357682034454471	0.0	0.0	0.0	0.0	0.008231275014293882	0.0	0.0	0.0	0.0	0.0007837140019860973	0.6024786163522012	0.0	0.5245245792962774	0.0	1.0009429710337496	0.0	0.0	0.0	0.0	1.0012615218063718	0.0	0.0	1.0017363474546102	0.0	0.8455056603773584	0.9993535489667565	1.0007745283018867	1.001329716981132	0.0	0.0	0.0	0.0	0.0	0.13655726970033297	0.08331737150292777	0.0	1.0014746630727762	0.0	0.7262496855345912	0.0	0.0	0.0
LC083	0.002320889501674217	8.727272727272728e-06	0.00026942443543717426	0.0045179163591635915	0.0	0.0	0.017552094395280236	0.0	0.0	0.0	0.0	0.0	0.0	0.000924573705179283	0.0	0.0003770284463894967	0.0027075789473684207	0.00047194907407407407	0.0	0.0	0.0	0.0	0.0	0.0	0.0	0.0	0.0	0.0	0.0	0.0	0.0	0.0	0.013860365671641792	0.0	0.0	0.0	0.0	0.002343478260869565	0.0	0.0	0.0	0.0	0.0	0.0	0.0008611145833333333	0.0	0.0	0.05606145251396647	0.0	0.0	0.0	0.0	0.0	0.0	0.0	0.0	0.0	0.0	0.0	0.10878100869565217	0.0	0.0	0.0	0.09080366	0.0	0.00573738947368421	0.0	0.0	0.0	0.0	0.0	0.0	0.0	0.6530910136986301	0.0	0.0	0.0	0.0	0.0	0.0	0.02174950819672131	0.0	0.0	1.003096	0.0	0.0	0.0	0.0	0.0	0.29562021052631576	0.0	0.0	0.0	0.0	0.0	0.0	0.0	0.0	0.0	0.0	0.0	0.0
LC084	0.001816072911938752	9.308300395256916e-05	0.0	0.0	0.0	0.0	0.007683682826728229	0.0006857161707461898	0.0	0.0	0.0	0.0	0.0	0.0	0.0	0.0	0.0016733907073922991	0.11396805555555556	0.0	0.0	0.0	0.0018390018371096143	0.0	0.0	0.0	0.0	0.0	0.0	0.0005347052452421476	0.0	0.026175418060200666	0.0	0.0	0.0	0.0	0.0	0.012562425985450853	0.0013318267743598557	0.0	0.0	0.07594751156336725	0.0	0.0	0.0	0.0	0.0	0.0	0.018770463930046152	0.0	0.0	0.0	0.0010829368334700573	0.0	0.0	0.0	0.0	0.0	0.0	0.0	0.2394286956521739	0.0	0.0	0.0	0.0	0.0	0.047900915331807785	0.0	0.0	0.0	0.0	0.0	0.0	0.0	0.3451343656938654	0.0	0.0	0.0	0.0	0.0	0.0	0.0	0.0	0.0	0.5522457826086956	1.004	0.0	0.0	0.0	0.0	0.0	0.0	0.0	0.0	0.21271745524296676	1.003	0.0	0.0	0.0	0.9953739130434782	0.0	0.0	0.0
LC085	0.002523206430494199	0.00017009875541125542	0.00036380180329224915	4.032097463831781e-05	0.0	7.375797409626909e-05	0.010632012923163367	0.0	0.0	0.0	0.0	0.0	0.8750371693121692	0.0009979320811990134	0.0	0.0	0.0012010624387054592	0.0429010582010582	0.0	0.0	0.0	0.0004341247484909457	3.8265306122448984e-05	0.0	0.0	0.0	0.0	0.0	0.0012359261142179292	0.0	0.00026439909297052154	0.000425570897503983	0.0	0.0	8.503787878787879e-05	0.0	0.0	0.0005377752682100508	0.0	0.0	0.29923749746707196	0.0	0.0	0.0	0.0	0.0	0.0	0.0	0.0	0.8821506961849066	0.0005850340136054422	0.009831566337226713	0.0	0.0	0.0	0.0	0.8728136204481793	0.0	0.0	0.01586888198757764	0.0	0.0	0.0	0.0	0.0017183261183261183	0.0007319548872180453	0.0	0.0	0.0	0.034562186716791975	0.474561746031746	0.0	0.29376003861003863	0.11705675146771038	0.8795578135479543	0.0	0.03518095238095238	0.03430476190476191	0.02674285714285714	0.8797100702576112	0.0	0.0	0.8801329739442947	0.1697230476190476	0.6869974120082816	0.8936342403628117	0.87942641723356	0.8791114285714285	0.0	0.0	0.0	0.0	0.0	0.15804607843137256	0.3693328407224959	0.0	0.8801299319727891	0.0	0.5496031746031745	0.0	0.0	0.0
LC086	0.0027447695958430643	0.0005113325216450216	0.0	0.0	0.0	0.0	0.011497201151847169	0.0	0.0	0.0	0.0	0.0	0.9898269841269841	0.00015725194460254222	0.0	0.0	0.003221330500163452	0.0674100639329806	0.0	0.0	0.0	0.0	0.0	0.0	0.0	0.0	0.0	0.0	0.00018220640569395016	0.0	0.00023274027559741847	0.001180651442733227	0.0	0.0	0.0	0.0	0.0	0.0007243835874270658	0.0	0.0	0.2658031610942249	0.0	0.0	0.0	0.010966666666666666	0.0	0.0	0.0	0.0	1.000398538011696	0.003672746598639456	0.0	0.0	0.0	0.0	0.0	1.0029975490196077	0.0	0.0	0.0	0.0	0.0	0.0	0.0	0.0	0.0	0.0	0.0	0.0	0.0028441729323308274	0.7088141269841269	0.0	0.41889604247104245	0.04391441617742988	1.0029547283702211	0.0	0.0	0.0	0.0	1.00172837626854	0.0	0.0	1.0007745283018867	0.0	0.2794841614906832	0.9988311791383221	1.0032018140589567	1.0007024404761904	0.0	0.39467399749373433	0.0	0.0	0.0	0.4540656862745098	0.918054515599343	0.0	1.0025884353741494	0.0	0.9136595238095238	0.0	0.0	0.0
LC087	0.0030285985818396693	0.0	7.539085118702953e-05	0.0	0.0	0.0	0.013423702064896756	0.0	0.0	0.0	0.0	0.0	0.716758125	0.0	0.0	0.0002560284463894967	0.0008308180778032036	0.0037992245370370376	0.0	0.0	0.0	0.0	0.0011174642857142857	0.0	0.0	0.0	2.025337837837838e-05	0.0	0.0019505160142348754	0.0	0.0037318681318681316	0.0005344795539033457	0.0	0.0	0.0	0.0	0.002434873540856031	0.0007953853754940711	0.0	0.0	0.7448862446808511	0.0	0.0	0.0	0.0	0.0	0.0	0.0	0.0	1.000028143274854	0.0007832589285714286	0.007037279874213836	0.0	0.0	0.0	0.0	1.000814393382353	0.0	0.0	0.09217204347826087	0.0	0.0	0.0	0.0	0.001775757575757576	0.02351405263157895	0.0	0.0	0.05848546511627907	0.005218059210526316	0.7399793666666665	0.0	0.8622493243243243	0.0	1.0011309507042252	0.0	0.0	0.0	0.0	1.001125163934426	0.0	0.0	1.001329716981132	0.8139666999999999	0.47984179347826084	0.9133293452380953	1.0007024404761904	1.002173	0.0	0.0	0.0	0.0	0.0	0.13344352941176468	0.25241491379310343	0.0	1.0010821428571428	0.0	0.4939825	0.0	0.0	0.0
LC088	0.0006852734554526951	0.0001527840909090909	0.0	0.0	0.0	0.0	0.0008356478329929656	0.0001992451655577604	0.0	0.0	0.0	0.0	0.0	6.62171825518439e-05	7.738927738927739e-05	0.0	0.01886062312973068	0.0	0.989214295330763	0.0002523790976955534	0.0	0.0033638136511375946	0.0	0.0	0.0	0.0	0.0	0.0	0.0	0.0	0.0003276509814971353	0.00038685539986655227	0.0001338691159586682	0.0	0.0	0.0	0.0	0.0019480794567751088	0.0	0.0	0.0	0.0	0.0	0.0	0.030252150106837607	0.0	0.0	0.6045179630425441	0.0	0.0	0.0	0.0	0.0	0.0	0.0	0.0	0.0	0.9859823765786453	0.0	0.19168198439241918	0.0	0.40980296400846855	0.0	0.004237333333333333	0.0008966588966588967	0.0006043184885290148	0.0	0.0	0.9540940667859272	0.0	0.0	0.9812829059829059	0.0	0.6142609764664559	0.0	0.9572678584326473	0.0	0.0	0.0	0.0	0.0	0.0	0.0	0.8466574871794871	0.0	0.0	0.0	0.0	0.9913826429980276	0.003596356275303644	0.0	0.0	0.0	0.0	0.0	0.9849807250221044	0.0	0.9890064102564102	0.0	0.0	0.0	0.0
LC089	0.0019440956636223214	0.000270938995215311	0.0	0.0	0.0	0.0	0.0025622341251358483	0.0	0.00022756931761580608	0.0	0.0	0.0	0.0	0.011646970014678132	0.0	0.0	0.005995429362880887	0.0002752436647173489	0.0	0.0	0.0	0.0	0.0	0.0	0.0	0.0	0.0	0.0	0.0	0.0	0.013032051282051283	0.0	0.0	0.0	0.0	0.0	0.00029227933647347945	0.005462783440815478	0.0	0.0	0.0	0.0	0.0	0.0	0.005070148026315789	0.0	0.0	0.49146981770067627	0.0	0.0	0.0012533834586466166	0.0	0.0	0.0	0.0	0.0	0.0	0.0	0.0	0.016932906178489703	0.0	0.0	0.0	0.002640078947368421	0.01699704944178628	0.00016371191135734073	0.0	0.0	0.0	0.0	0.0	0.0	0.0	0.0	0.0	0.0	0.0	0.0	0.0	0.0	0.0	0.0	0.0	0.0	0.0	0.0	0.0	0.0	0.0	0.9740828254847644	0.0	0.0	0.0	0.0	0.0	0.0	0.0	0.0	0.0	0.0	0.0	0.0
LC090	0.0020558570979882776	0.0	0.0	0.0	0.0	0.0	0.0006602965797656064	0.0	0.0	0.0	0.0	0.0	0.0	0.00038385915796274365	0.0	0.0	0.014417508813160987	0.0	0.0	0.0	0.0	0.0	0.0	0.0	1.0025219846712383	0.0014891891891891892	0.0	0.0	0.0	0.0	0.0	0.0	0.0	0.0	0.0	0.0	0.0	0.0	0.0	0.0	0.0	0.0	0.0	0.0	0.7078211148648649	0.0	0.0	0.11181583874377171	0.0	0.0	0.0	0.0	1.0009551246051247	0.0	0.0	1.0014998237367803	0.0	0.0	0.0	0.0	0.0	0.5163466154227622	1.004	0.0	0.0034280917280917283	0.0	0.0	0.0	0.0	0.0	0.0	0.0	0.0	0.0	0.0	0.0	0.0	0.0	0.0	0.0	0.0	0.22481406321575817	0.0	0.0	0.0	0.0	0.0	0.0	0.0	0.0	1.004500365230095	0.0	0.0	0.0	0.0	0.0	0.0	0.0	0.0	0.0	0.0	0.0
LC091	0.002132517015735452	0.00012647411616161617	0.0	0.0	0.0	0.0	0.0	0.0	0.0	0.0	0.0	0.0	0.0	0.0008181164231961045	0.0	0.0	0.0055733155352148496	0.0	0.0	0.00023755274261603378	0.0	0.027140140845070423	0.13709113492063493	0.0	0.0	0.0008291111111111111	0.0	0.0	0.4117461447212337	0.0	0.003627920227920228	0.0027150351094589013	0.0	0.0013046750524109013	0.011283459595959597	0.0	0.0	0.006625878348704435	0.0	0.0	0.0	0.0	0.0	0.0	0.0	0.0	0.0	0.0	0.0	0.0	0.08159713955026454	0.0	0.0	0.005073696145124717	0.0	0.0	0.0	0.0	0.0	0.0	0.0	0.0	0.0	0.0	0.0	0.03445587719298246	0.0	0.18199722222222223	0.0	0.0	0.0	0.0	0.0	0.0	0.0	0.0	0.0	0.0	0.0	0.0	0.0	0.0	0.0	0.0	0.0	0.0	0.0	0.0	0.0	0.0	0.0	0.9997029320987654	0.0	0.0	0.0	0.0	0.0	0.0	0.0	0.0	0.0	0.1794670634920635
LC092	0.0003361696539951415	0.00014465624999999998	0.0	0.0014199876998769987	0.0	0.0	0.0	0.0	0.0	0.0	0.0	0.0	0.0	0.002574203187250996	0.0	0.00014628008752735233	0.0	0.00850272633744856	0.0	0.0	0.0013638297872340427	0.0	0.0	0.0	0.0	0.0005106666666666666	0.0	0.0	0.02703202846975089	0.0	0.1223864468864469	0.0	0.0	0.0	0.00021742424242424243	0.0	0.01279863813229572	0.0	0.0	0.0	0.0	0.0	0.0	0.0	0.0	0.0	0.0	0.0	0.0	0.0	0.0012011904761904761	0.0	0.0	0.0	0.0	0.0	0.0	0.0	0.0	0.0	0.0	0.0	0.0	0.0	0.0	0.3869415789473684	0.0	0.0	0.0	0.0	0.0	0.0	0.0	0.0	0.0	0.0	0.0	0.0	0.0	0.0	0.0	0.0	0.0	0.0	0.0	0.0	0.0	0.0	0.0	0.0	0.0	0.0	1.002	0.0	0.0	0.0	0.0	0.0	0.0	0.0	0.0	0.0
LC093	0.0010955769386738346	0.0	5.234340406689601e-05	0.0	0.0	0.0	0.0	0.0	0.0	0.0	0.0	0.0031332741617357005	0.0	5.3105226154206704e-05	0.0	0.0	0.0002764773186162336	0.9843940699891068	0.0	0.0	0.0	0.0	3.491596638655463e-05	0.0	0.0	0.0	0.0	0.0	0.0	0.0	0.0	0.0	0.0	0.0	0.0	0.0	0.0022271801327534905	0.0	0.0	0.0	0.0	0.0	0.00025436641616999225	0.0	0.0	0.0	0.0	0.0	0.0	0.0	0.0	0.0	0.0	0.0	0.0	0.0	0.0	0.0	0.0	0.0	0.0007629464285714286	0.0	0.0	0.0	0.0	0.0	0.0	0.0	0.0	0.0	0.0	0.0	0.0	0.0	0.0	0.0	0.0	0.0	0.0	0.0	0.0	0.0	0.0	0.0	0.0	0.0	0.0	0.0	0.0	0.0	0.0	0.0	0.0	1.001652249134948	0.0	0.0	0.0	0.0	0.0	0.0	0.0	0.0
LC094	0.0017883511169370996	0.0	0.0	0.0019532849811256733	0.0	0.0	0.014129544298647137	0.0001221914080895819	0.0	0.0	0.0	0.0	0.0	0.0002923135046022806	0.0	0.0	0.0042512427996528055	0.03339268039591316	0.0	0.0	0.0	0.0	0.0	0.0	0.0	0.0	0.0	0.0	0.0031713461774450853	0.0	0.015568169761273211	0.0	0.0	0.0	0.0	0.0	0.12178980276398767	0.0009277770205806189	0.0	0.0	0.0759140425531915	0.0	0.0	0.0	0.0	0.0	0.0	0.0	0.0	0.0	0.0	0.0	0.0	0.0	0.0	0.0	0.0	0.0	0.0	0.1414941829085457	0.0	0.0	0.0	0.0	0.0	0.0	0.0	0.0	0.0	0.0	0.0	0.0	0.0	0.29329655172413793	0.0	0.0	0.0	0.0	0.0	0.0	0.0	0.0	0.0	0.0	1.003	0.0	0.0	0.0	0.0	0.0	0.0	0.0	0.0	0.0	1.004	0.0	0.0	0.0	0.9955333333333333	0.0	0.0	0.0
LC095	0.000509296149640366	0.0006104760971786835	0.00013872970868358526	0.0	0.0	0.00015926461667677662	0.0014146068558641032	0.0	0.0	0.0	0.0	0.0	0.0	0.0	0.0	0.0	0.03957467845024856	0.0	0.9989985268702164	0.0	0.0	0.0	0.0	0.0	0.0	0.0	0.0	0.0	0.0	0.0	0.0	0.0	0.0	0.0	0.0	0.0	0.0	0.00579020035436827	0.0	0.0	0.0	0.0	0.0	0.0	0.0	0.0	0.0	0.7660710653053362	0.0	0.0	0.0	0.0	0.0	0.0	0.0	0.0	0.0	0.9929766083376222	0.0	0.0	0.0	0.1589280291047137	0.0	0.0	0.0	0.0018294010889292195	0.0	0.0	0.9603762229350441	0.0	0.0	0.9937459770114941	0.0	0.87631941426547	0.0	0.962714570179699	0.0	0.0	0.0	0.0	0.0	0.0	0.0	0.8499030344827587	0.0	0.0	0.0	0.0	0.9849646330680814	0.7240354809437386	0.0	0.0	0.0	0.0	0.0	1.003001189060642	0.0	0.9997827586206897	0.0	0.0	0.0	0.0
LC096	0.0026347294521511582	0.00044779220779220784	0.0	0.0	0.0	2.008505702687029e-05	0.011724546986936368	0.0	0.0	0.0	0.0	0.0	0.9907035714285714	0.0005468056346044395	0.0	0.0	0.0021919581562602156	0.04335314153439153	0.0	0.0	0.0	0.000649979879275654	5.5877551020408155e-05	0.0	0.0	0.0	0.0	0.0	0.00038866293848500256	0.0	0.0002642595499738357	0.00027140201805629313	0.0	0.0	0.0	0.0	0.0	0.000758498023715415	0.0	0.0	0.33280720364741645	0.0	0.0	0.0	0.0	0.0	0.0	0.0	0.0	1.0007259816207186	0.0	0.0057520215633423185	0.0	0.0	0.0	0.0	1.0025588235294116	0.0	0.0	0.012767701863354039	0.0	0.0	0.0	0.0	0.0	0.01383157894736842	0.0	0.0	0.0	0.003625187969924812	0.5792495238095238	0.0	0.4043140926640927	0.0	1.0025352112676056	0.0	0.0	0.0	0.0	1.0019625292740046	0.0	0.0	1.0014746630727762	0.0	0.6548754658385093	0.9994836734693877	1.0025884353741497	1.0010821428571428	0.0	0.2099466165413534	0.0	0.0	0.0	0.13665378151260504	0.31683054187192117	0.0	1.0030204081632654	0.0	0.6523571428571427	0.0	0.0	0.0
LC097	0.00032945637187315347	0.0	0.0	0.0	0.0	0.00014891745602165087	0.0019535398230088497	0.0	0.0	0.0	0.0	0.0	0.0	0.0	0.0	0.0	0.014295308924485127	0.0	1.0017649164677802	0.0	0.002023404255319149	0.0	0.0	0.0	0.0	0.0	0.0	0.0	0.0002604982206405694	0.0	0.0	0.0	0.0	0.0	0.0	0.0	0.0	0.007777766798418972	0.0	0.0	0.0	0.0	0.0	0.0	0.0	0.0	0.0	0.8318103351955307	0.0	0.0	0.0	0.0	0.0	0.0	0.0	0.0	0.0	0.9919958955223881	0.0	0.16167347826086956	0.0	0.14279862385321102	0.0	0.0	0.0	0.0	0.0	0.0	0.9571773255813953	0.0007046052631578947	0.0	0.9936833333333334	0.0	0.8782650684931506	0.0	0.9629352112676056	0.0	0.0	0.0	0.0	0.0	0.0	0.0	0.8513000000000001	0.0	0.0	0.0	0.0	0.988952564102564	0.7315907894736841	0.0	0.0	0.0	0.0	0.0	0.9997827586206897	0.0	1.004	0.0	0.0	0.0	0.0
LC098	0.00400079443240759	0.00023787878787878792	0.0	0.0006830668306683067	0.0	0.0010073973838520523	0.0070873647984267445	0.0	0.0	0.0	0.0	0.0	0.0	0.001963839878580915	0.0	0.0	0.015018720714830553	0.1424573302469136	0.0	0.0	0.0	0.003192676056338028	0.0018401904761904762	0.0	0.0	0.0030111111111111107	0.0	0.0	0.0023104389086595492	0.0	0.014382905982905984	0.0	0.0	0.0	0.0	0.0	0.04874926811191403	0.00018142292490118576	0.0	0.0	0.07657276595744682	0.0	0.0	0.0	0.0	0.0	0.0	0.0	0.0	0.0	0.0	0.0037169811320754724	0.0	0.006528344671201813	0.0	0.0	0.0	0.0	0.0	0.07545565217391303	0.0	0.0	0.0	0.0	0.0	0.02816736842105263	0.0	0.0	0.0	0.0	0.0	0.0	0.0	0.2671397260273973	0.0	0.0	0.0	0.0	0.0	0.0	0.0	0.0	0.0	0.6103933333333333	0.9953739130434782	0.0	0.0	0.0	0.0	0.27215263157894737	0.0	0.0	0.0	0.09448039215686276	0.9955333333333333	0.0	0.0	0.0	0.9983555555555557	0.0	0.0	0.0
LC099	0.0012569204254480992	0.045541879829545454	0.008374366821077011	0.0044658905289052895	0.19955963720316622	0.032081075778078484	0.0	0.027677534142640365	0.0	0.0	0.0	0.0	0.0	0.0001696812749003984	0.0	0.0033659628008752733	0.0	0.0	0.0	0.006336177215189874	0.00014284574468085106	0.0	0.0	0.0	0.0	0.0	0.0	0.0	0.0	0.0	0.0	0.0	0.0	0.0	0.039931189393939394	0.0	0.0	0.0	0.0	0.0	0.0	0.004879868421052631	0.006363325991189427	0.0	0.0	0.0	0.0	0.0	0.0	0.0	0.007582410714285714	0.0	0.0	0.00015061224489795917	0.0	0.0	0.0	0.0	0.0	0.0	0.0	0.0	0.0	0.0	0.0	0.0	0.0	0.0	0.0	0.2278751315789474	0.0	0.0	0.0	0.0	0.0	0.0	0.42957	0.42279999999999995	0.436385	0.0	0.0	0.0	0.0	0.0	0.0	0.0	0.0	0.0	0.0	0.0	0.0	0.0	0.0	0.0	0.0	0.0	0.0	0.0	0.0	0.8575234999999999	0.0	0.0
LC100	0.00045117742323769503	5.340909090909091e-05	0.013509180981792447	0.005538062047287139	0.0	0.0	0.0	0.0006535660091047041	0.0	0.0	0.0	0.0	0.0	0.0	0.00872675645342312	0.005094286408947241	0.0	0.0	0.0	0.0	0.031096424349881795	0.0	0.0	0.0	0.0	0.0	0.0	0.0	0.0	0.0	0.0	0.0	0.0	0.0	0.009951178451178452	0.0	0.0	0.0	0.0	0.0	0.0	0.0	0.0	0.0	0.0	0.0	0.0	0.0	0.0	0.0	0.0	0.0	0.0	0.0	0.0	0.0	0.0	0.0	0.0	0.0	0.0	0.0	0.0	0.0	0.0	0.0	0.0	0.0	0.0	0.0	0.0	0.0	0.0	0.0	0.0	0.0	0.0	0.0	0.0	0.0	0.0	0.0	0.0	0.0	0.0	0.0	0.0	0.0	0.0	0.0	0.0	0.0	0.0	0.0	0.0	0.0	0.0	0.0	0.0	0.0	1.001604938271605	0.0
LC101	0.003268505022651172	1.2053571428571427e-05	0.0003273223591694929	1.1887190300474434e-05	0.0	3.205876667311038e-05	0.0	0.0	0.0	0.0	0.0	0.0	0.0	0.003150327262379055	0.0	0.0008763676148796499	0.024491010134030728	0.029813640873015874	0.0	0.0	0.0	0.0005322937625754527	0.0686145306122449	0.0	0.0	0.0	0.0007016361003861004	0.0	0.1634328673106253	0.0	4.594453165881737e-05	0.0005813064259160913	5.173240938166311e-05	0.0	0.006110984848484849	0.0	0.0	0.00026335403726708074	0.0	0.0	0.0	0.0	0.0	0.0	0.0	0.0	0.0	0.0	0.0	0.0	0.04163550170068027	0.0	0.0	0.0	0.0	0.0	0.0	0.0	0.0	0.0	0.0	0.0	0.0	0.001135357142857143	0.0	0.03529842105263158	0.0	0.10678571428571429	0.0	0.1030592105263158	0.0	0.0	0.0	0.0	0.0	0.0	0.0	0.0	0.0	0.0	0.0	0.0	0.0	0.0	0.0	0.0	0.0	0.0	0.0	0.0	0.0	0.18716130952380955	0.0	0.024024999999999998	0.0	0.0	0.0	0.0	0.0	0.0	0.0	0.8690816326530612
