class	centdist
sterol	5.09
sterol	5.12
sterol	5.14
sterol	5.03
sterol	5.28
sterol	5.34
sterol	5.49
sterol	5.09
sterol	4.94
sterol	5.06
sterol	4.87
sterol	5.0
sterol	4.93
sterol	5.36
sterol	4.64
sterol	5.14
sterol	5.04
sterol	5.05
sterol	5.0
sterol	5.19
sterol	5.02
sterol	5.03
sterol	4.73
sterol	5.2
sterol	4.9
sterol	5.07
sterol	5.29
sterol	5.32
sterol	5.13
sterol	5.32
sterol	4.93
sterol	4.87
sterol	5.03
sterol	3.51
sterol	3.88
sterol	4.55
sterol	4.06
sterol	5.29
sterol	5.26
sterol	5.02
sterol	4.9
sterol	5.06
sterol	5.07
sterol	5.02
sterol	5.23
sterol	5.1
sterol	5.17
sterol	5.06
sterol	4.41
sterol	3.89
sterol	4.07
sterol	5.02
sterol	5.05
sterol	4.96
sterol	4.99
sterol	4.96
sterol	5.48
sterol	5.18
sterol	5.19
sterol	5.35
sterol	5.21
sterol	4.96
sterol	5.12
sterol	5.2
sterol	5.07
sterol	5.11
sterol	5.08
sterol	5.05
sterol	4.94
sterol	5.16
sterol	5.01
sterol	5.19
sterol	5.39
sterol	5.22
sterol	5.23
sterol	5.4
sterol	5.12
sterol	5.48
sterol	5.36
sterol	5.44
sterol	5.33
sterol	5.23
sterol	5.36
sterol	5.45
sterol	5.24
sterol	5.33
sterol	5.14
sterol	5.13
sterol	5.36
sterol	5.12
sterol	5.04
sterol	5.38
sterol	5.1
sterol	4.77
sterol	5.2
sterol	5.16
sterol	3.81
sterol	3.47
sterol	3.69
sterol	3.35
sterol	3.52
sterol	5.18
sterol	5.18
sterol	5.31
sterol	4.85
sterol	5.19
sterol	5.14
sterol	5.27
sterol	5.16
sterol	4.93
sterol	5.08
sterol	5.04
sterol	5.41
sterol	5.45
sterol	5.14
sterol	5.34
sterol	5.17
sterol	5.49
sterol	5.46
sterol	5.11
sterol	5.04
sterol	5.27
Polyketide	3.59
Polyketide	3.67
Polyketide	3.75
Polyketide	4.92
Polyketide	3.66
Polyketide	3.84
Polyketide	3.83
Polyketide	5.13
Polyketide	4.96
Polyketide	5.03
Polyketide	4.79
Polyketide	5.01
Polyketide	5.06
Polyketide	4.6
Polyketide	4.8
Polyketide	3.59
Polyketide	4.06
Polyketide	3.51
Polyketide	4.75
Polyketide	4.79
Polyketide	5.15
Polyketide	5.24
Polyketide	5.09
Polyketide	4.06
Polyketide	3.88
Polyketide	3.79
Polyketide	5.11
Polyketide	4.1
Polyketide	4.08
Polyketide	3.93
Polyketide	3.95
Polyketide	3.45
Polyketide	3.49
Polyketide	3.79
Polyketide	3.45
Polyketide	5.03
Polyketide	5.13
Polyketide	4.84
Polyketide	5.49
Polyketide	3.71
Polyketide	4.18
Polyketide	4.88
Polyketide	5.18
Polyketide	4.9
Polyketide	4.94
Polyketide	3.82
Polyketide	3.79
Polyketide	4.02
Polyketide	3.54
Polyketide	3.77
Polyketide	4.93
Polyketide	4.92
Polyketide	5.08
Polyketide	4.82
Polyketide	5.15
Polyketide	5.11
Polyketide	4.24
Polyketide	4.83
Polyketide	5.17
Polyketide	5.22
Polyketide	5.27
Polyketide	5.21
Polyketide	5.13
Polyketide	5.32
Polyketide	5.02
Polyketide	5.21
Polyketide	5.22
Polyketide	5.16
Polyketide	4.58
Polyketide	3.85
Polyketide	4.04
Polyketide	4.16
Polyketide	3.95
Polyketide	4.02
Polyketide	3.73
Polyketide	4.84
Polyketide	4.78
Polyketide	5.09
Polyketide	5.14
Polyketide	5.04
Polyketide	5.03
Polyketide	4.89
Polyketide	4.54
Polyketide	4.61
Polyketide	5.22
Polyketide	5.23
Polyketide	5.14
Polyketide	5.17
Polyketide	5.49
Polyketide	4.01
Polyketide	3.66
Polyketide	5.16
Polyketide	5.09
Polyketide	4.02
Polyketide	4.28
Polyketide	5.36
Polyketide	5.3
Polyketide	5.37
Polyketide	5.22
Polyketide	4.45
Polyketide	5.19
Polyketide	5.22
Polyketide	5.0
Polyketide	4.91
Polyketide	4.95
Polyketide	5.47
Polyketide	5.37
Polyketide	3.52
Polyketide	4.98
Polyketide	3.76
Polyketide	5.24
Polyketide	5.27
Polyketide	3.49
Polyketide	3.67
Polyketide	3.71
Polyketide	3.44
Polyketide	3.55
Polyketide	5.1
Polyketide	5.19
Polyketide	4.79
Polyketide	3.84
Polyketide	3.65
Polyketide	5.38
Polyketide	5.44
Polyketide	5.19
Polyketide	5.24
Polyketide	5.24
Polyketide	5.28
Polyketide	5.3
Polyketide	5.1
Polyketide	5.37
Polyketide	5.24
Polyketide	4.2
Polyketide	4.21
Polyketide	3.79
Polyketide	4.16
Polyketide	3.89
Polyketide	5.25
Polyketide	4.17
Polyketide	3.62
Polyketide	3.72
Polyketide	3.55
Polyketide	3.82
Polyketide	4.12
Polyketide	3.81
Polyketide	3.81
Polyketide	3.83
Polyketide	3.72
Polyketide	4.01
Polyketide	4.29
Polyketide	4.61
Polyketide	4.38
Polyketide	4.15
Polyketide	5.24
Polyketide	5.24
Polyketide	3.64
Polyketide	3.77
Polyketide	3.61
Polyketide	3.64
Polyketide	3.69
Polyketide	3.79
Polyketide	4.13
Polyketide	5.35
Polyketide	5.39
Polyketide	5.06
Polyketide	5.38
Polyketide	3.66
Polyketide	3.61
Polyketide	4.46
Polyketide	5.27
Polyketide	3.45
Polyketide	3.91
Polyketide	5.04
Polyketide	4.9
Polyketide	3.62
Polyketide	3.77
Polyketide	5.0
Polyketide	3.7
Polyketide	3.89
Polyketide	5.06
Polyketide	3.72
Polyketide	5.08
Polyketide	3.68
Polyketide	5.24
Polyketide	3.79
Polyketide	5.28
Polyketide	3.67
Polyketide	3.72
Polyketide	4.98
Polyketide	3.76
Polyketide	4.52
Polyketide	3.77
Polyketide	4.41
Polyketide	5.03
Polyketide	5.07
Polyketide	4.99
Polyketide	4.4
Polyketide	5.01
Polyketide	5.1
Polyketide	5.16
Polyketide	5.27
Polyketide	5.14
Polyketide	5.38
Polyketide	5.03
Polyketide	5.31
Polyketide	3.86
Polyketide	3.89
Polyketide	4.73
Polyketide	3.78
Polyketide	4.93
Polyketide	5.01
Polyketide	3.77
Polyketide	3.82
Polyketide	5.1
Polyketide	5.36
Polyketide	3.61
Polyketide	3.58
Polyketide	3.66
Polyketide	3.54
Polyketide	3.68
Polyketide	3.39
Polyketide	3.62
Polyketide	3.65
Polyketide	3.91
Polyketide	3.71
Polyketide	4.98
Polyketide	4.91
Polyketide	5.06
Polyketide	4.09
Polyketide	3.85
Polyketide	5.17
Polyketide	5.03
Polyketide	4.72
Polyketide	5.1
Polyketide	4.77
Polyketide	5.06
Polyketide	4.79
Polyketide	5.01
Polyketide	4.81
Polyketide	5.1
Polyketide	4.74
Polyketide	5.05
Polyketide	4.82
Polyketide	5.18
Polyketide	4.84
Polyketide	5.03
Polyketide	4.8
Polyketide	5.23
Polyketide	5.1
Polyketide	3.67
Polyketide	5.37
Polyketide	5.4
Polyketide	3.83
Polyketide	4.44
Polyketide	4.31
Polyketide	3.81
Polyketide	4.31
Polyketide	4.36
Polyketide	4.06
Polyketide	4.35
Polyketide	3.44
Polyketide	3.86
Polyketide	3.65
Polyketide	3.55
Polyketide	3.5
Polyketide	4.89
Polyketide	5.11
Polyketide	5.11
Polyketide	5.08
Polyketide	4.55
Polyketide	3.82
Polyketide	3.83
Polyketide	4.11
Polyketide	3.96
Polyketide	3.86
Polyketide	3.7
Polyketide	4.98
Polyketide	4.69
Polyketide	3.66
Polyketide	3.9
Polyketide	4.89
Polyketide	5.38
Polyketide	4.4
Polyketide	4.08
Polyketide	4.22
Polyketide	3.94
Polyketide	3.87
Polyketide	3.88
Polyketide	3.42
Polyketide	3.88
Polyketide	3.49
Polyketide	3.45
Polyketide	3.48
Polyketide	3.56
Polyketide	3.81
Polyketide	3.53
Polyketide	4.71
Polyketide	5.24
Polyketide	4.53
Polyketide	3.9
Polyketide	4.7
Polyketide	3.74
Polyketide	3.98
Polyketide	3.85
Polyketide	4.12
Polyketide	4.27
Polyketide	3.93
Polyketide	3.76
Polyketide	3.72
Polyketide	3.72
Polyketide	3.99
Polyketide	3.78
Polyketide	3.91
Polyketide	4.25
Polyketide	3.78
Polyketide	3.82
Polyketide	4.15
Polyketide	3.78
Polyketide	3.81
Polyketide	3.69
Polyketide	3.79
Polyketide	3.7
Polyketide	3.9
Polyketide	4.09
Polyketide	3.84
Polyketide	4.13
Polyketide	3.54
Polyketide	3.61
Polyketide	3.5
Polyketide	3.6
Polyketide	4.99
Polyketide	3.96
Polyketide	4.31
Polyketide	5.37
Polyketide	3.85
Polyketide	3.98
Polyketide	4.82
Polyketide	4.47
Polyketide	4.26
Polyketide	3.89
Polyketide	4.2
Polyketide	3.62
Polyketide	3.66
Polyketide	5.19
Polyketide	5.05
Polyketide	4.18
Polyketide	3.79
Polyketide	3.84
Polyketide	3.73
Polyketide	3.83
Polyketide	3.77
Polyketide	3.8
Polyketide	3.75
Polyketide	3.77
Polyketide	3.76
Polyketide	3.77
Polyketide	3.73
Polyketide	3.75
Polyketide	3.82
Polyketide	3.8
Polyketide	3.7
Polyketide	4.11
Polyketide	4.29
Polyketide	3.76
Polyketide	3.72
Polyketide	3.82
Polyketide	3.75
Polyketide	4.45
Polyketide	5.07
Polyketide	3.77
Polyketide	3.72
Polyketide	3.8
Polyketide	3.91
Polyketide	5.45
Polyketide	5.26
Polyketide	5.08
Polyketide	4.95
Polyketide	5.06
Polyketide	4.01
Polyketide	4.07
Polyketide	3.96
Polyketide	4.09
Polyketide	4.04
Polyketide	4.0
Polyketide	3.99
Polyketide	4.03
Polyketide	5.0
Polyketide	4.25
Polyketide	3.95
Polyketide	3.94
Polyketide	3.8
Polyketide	4.36
Polyketide	3.82
Polyketide	3.74
Polyketide	3.57
Polyketide	3.87
Polyketide	3.72
Polyketide	3.75
Polyketide	3.79
Polyketide	3.87
Polyketide	3.82
Polyketide	5.28
Polyketide	5.06
Polyketide	4.89
Polyketide	4.98
Polyketide	5.04
Polyketide	4.65
Polyketide	3.93
Polyketide	5.13
Polyketide	3.85
Polyketide	3.95
Polyketide	5.11
Polyketide	3.99
Polyketide	3.67
Polyketide	5.21
Polyketide	4.28
Polyketide	4.06
Polyketide	4.09
Polyketide	4.2
Polyketide	3.78
Polyketide	3.8
Polyketide	3.91
Polyketide	3.73
Polyketide	3.68
Polyketide	5.24
Polyketide	3.82
Polyketide	5.07
Polyketide	4.85
Polyketide	4.93
Polyketide	5.37
Polyketide	5.11
Polyketide	4.77
Polyketide	5.01
Polyketide	5.1
Polyketide	4.57
Polyketide	3.81
Polyketide	3.88
Polyketide	5.03
Polyketide	5.19
Polyketide	3.62
Polyketide	5.09
Polyketide	3.73
Polyketide	3.87
Polyketide	3.49
Polyketide	3.75
Polyketide	3.71
Polyketide	4.98
Polyketide	5.11
Polyketide	5.11
Polyketide	5.34
Polyketide	5.1
Polyketide	5.12
Polyketide	5.29
Polyketide	5.03
Polyketide	3.91
Polyketide	3.71
Polyketide	3.66
Polyketide	3.9
Polyketide	3.52
Polyketide	3.42
Polyketide	3.8
Polyketide	3.53
Polyketide	3.9
Polyketide	3.8
Polyketide	3.52
Polyketide	3.55
Polyketide	3.52
Polyketide	3.45
Polyketide	3.72
Polyketide	3.59
Polyketide	3.51
Polyketide	3.47
Polyketide	5.3
Polyketide	5.19
Polyketide	5.06
Polyketide	5.18
Polyketide	5.36
Polyketide	5.37
Polyketide	5.17
Polyketide	5.31
Polyketide	5.46
Polyketide	5.19
Polyketide	5.3
Polyketide	5.36
Polyketide	4.3
Polyketide	4.07
Polyketide	4.18
Polyketide	4.26
Polyketide	4.1
Polyketide	3.66
Polyketide	4.23
Polyketide	4.19
Polyketide	4.17
Polyketide	4.39
Polyketide	3.59
Polyketide	3.55
Polyketide	4.03
Polyketide	4.04
Polyketide	4.0
Polyketide	4.36
Polyketide	4.12
Polyketide	3.78
Polyketide	4.42
Polyketide	4.22
Polyketide	4.42
Polyketide	4.49
Polyketide	3.64
Polyketide	4.41
Polyketide	5.26
Polyketide	4.55
Polyketide	4.93
Polyketide	5.22
Polyketide	4.57
Polyketide	4.8
Polyketide	4.49
Polyketide	4.78
Polyketide	5.09
Polyketide	5.2
Polyketide	4.52
Polyketide	4.71
Polyketide	5.05
Polyketide	5.16
Polyketide	4.93
Polyketide	4.96
Polyketide	4.81
Polyketide	4.6
Polyketide	4.59
Polyketide	4.64
Polyketide	4.73
Polyketide	5.22
Polyketide	4.74
Polyketide	5.0
Polyketide	4.43
Polyketide	5.34
Polyketide	5.01
Polyketide	5.39
Polyketide	4.97
Polyketide	5.26
Polyketide	4.04
Polyketide	3.98
Polyketide	3.78
Polyketide	4.01
Polyketide	4.27
Polyketide	5.42
Polyketide	5.05
Polyketide	5.41
Polyketide	5.41
Polyketide	4.92
Polyketide	5.41
Polyketide	5.32
Polyketide	5.16
Polyketide	3.97
Polyketide	5.05
Polyketide	3.77
Polyketide	5.25
Polyketide	5.4
Polyketide	3.68
Polyketide	3.87
Polyketide	4.51
Polyketide	4.68
Polyketide	3.86
Polyketide	3.68
Polyketide	4.54
Polyketide	4.77
Polyketide	3.96
Polyketide	4.35
Polyketide	3.82
Polyketide	4.87
Polyketide	4.61
Polyketide	3.86
Polyketide	4.37
Polyketide	4.55
Polyketide	5.4
Polyketide	5.08
Polyketide	5.15
Polyketide	5.2
Polyketide	3.79
Polyketide	4.76
Polyketide	4.64
Polyketide	5.22
Polyketide	5.17
Polyketide	5.43
Polyketide	4.42
Polyketide	4.44
Polyketide	5.38
Polyketide	5.27
Polyketide	5.4
Polyketide	5.36
Polyketide	5.32
Polyketide	4.2
Polyketide	3.97
Polyketide	4.0
Polyketide	3.98
Polyketide	3.94
Polyketide	3.93
Polyketide	4.06
Polyketide	4.23
Polyketide	4.07
Polyketide	3.98
Polyketide	4.31
Polyketide	3.91
Polyketide	3.99
Polyketide	3.8
Polyketide	4.08
Polyketide	4.98
Polyketide	4.13
Polyketide	4.72
Polyketide	3.92
Polyketide	4.86
Polyketide	3.9
Polyketide	5.46
Polyketide	4.04
Polyketide	4.82
Polyketide	3.68
Polyketide	3.78
Polyketide	4.96
Polyketide	3.92
Polyketide	3.72
Polyketide	3.91
Polyketide	3.47
Polyketide	3.97
Polyketide	3.76
Polyketide	3.82
Polyketide	4.79
Polyketide	4.28
Polyketide	4.19
Polyketide	5.0
Polyketide	3.79
Polyketide	3.99
Polyketide	4.37
Polyketide	4.1
Polyketide	4.89
Polyketide	5.39
Polyketide	5.34
Polyketide	4.98
Polyketide	5.1
Polyketide	3.76
Polyketide	3.85
Polyketide	5.1
Polyketide	3.82
Polyketide	5.12
Polyketide	3.87
Polyketide	3.92
Polyketide	3.5
Polyketide	4.13
Polyketide	4.14
Polyketide	3.93
Polyketide	3.98
Polyketide	4.1
Polyketide	4.77
Polyketide	4.43
Polyketide	5.2
Polyketide	5.18
Polyketide	5.13
Polyketide	4.92
Polyketide	4.72
Polyketide	4.84
Polyketide	3.98
Polyketide	5.19
Polyketide	5.15
Polyketide	5.03
Polyketide	4.96
Polyketide	4.95
Polyketide	5.38
Polyketide	5.1
Polyketide	4.91
Polyketide	3.87
Polyketide	3.74
Polyketide	3.88
Polyketide	3.78
Polyketide	3.86
Polyketide	3.78
Polyketide	4.06
Polyketide	3.54
Polyketide	3.78
Polyketide	3.78
Polyketide	4.05
Polyketide	5.3
Polyketide	5.39
Polyketide	5.3
Polyketide	5.21
Polyketide	3.63
Polyketide	4.08
Polyketide	3.87
Polyketide	5.08
Polyketide	3.66
Polyketide	4.17
Polyketide	3.95
Polyketide	3.61
Polyketide	3.85
Polyketide	5.09
Polyketide	5.07
Polyketide	3.63
Polyketide	4.11
Polyketide	3.85
Polyketide	5.08
Polyketide	4.86
Polyketide	3.75
Polyketide	4.05
Polyketide	3.77
Polyketide	3.56
Polyketide	3.75
Polyketide	3.71
Polyketide	4.91
Polyketide	3.54
Polyketide	3.93
Polyketide	3.64
Polyketide	3.64
Polyketide	3.78
Polyketide	3.69
Polyketide	4.92
Polyketide	3.56
Polyketide	3.74
Polyketide	3.65
Polyketide	4.89
Polyketide	3.52
Polyketide	3.9
Polyketide	3.71
Polyketide	4.9
Polyketide	5.06
Polyketide	4.8
Polyketide	4.74
Polyketide	5.06
Polyketide	5.06
Polyketide	3.6
Polyketide	3.9
Polyketide	4.87
Polyketide	5.36
Polyketide	4.56
Polyketide	5.05
Polyketide	5.19
Polyketide	4.39
Polyketide	3.92
Polyketide	3.77
Polyketide	5.49
Polyketide	5.01
Polyketide	4.9
Polyketide	4.84
Polyketide	4.9
Polyketide	3.73
Polyketide	3.7
Polyketide	4.1
Polyketide	5.29
Polyketide	5.05
Polyketide	5.31
Polyketide	3.47
Polyketide	4.96
Polyketide	5.04
Polyketide	4.62
Polyketide	4.07
Polyketide	4.43
Polyketide	4.43
Polyketide	4.4
Polyketide	3.9
Polyketide	3.74
Polyketide	3.68
Polyketide	3.81
Polyketide	4.78
Polyketide	4.78
Polyketide	4.81
Polyketide	4.76
Polyketide	5.04
Polyketide	5.06
Polyketide	5.38
Polyketide	5.28
Polyketide	5.25
Polyketide	5.47
Polyketide	5.13
Polyketide	5.2
Polyketide	5.16
Polyketide	4.06
Polyketide	3.55
Polyketide	3.78
Polyketide	3.66
Polyketide	3.56
Polyketide	3.85
Polyketide	3.85
Polyketide	3.61
Polyketide	3.67
Polyketide	3.61
Polyketide	3.73
Polyketide	3.89
Polyketide	3.99
Polyketide	3.87
Polyketide	4.11
Polyketide	3.74
Polyketide	3.92
Polyketide	3.72
Polyketide	3.89
Polyketide	3.84
Polyketide	3.65
Polyketide	5.26
Polyketide	3.72
Polyketide	5.43
Polyketide	5.26
Polyketide	3.72
Polyketide	5.43
Polyketide	4.79
Polyketide	5.23
Polyketide	5.42
Polyketide	4.28
Polyketide	3.93
Polyketide	4.16
Polyketide	4.94
Polyketide	3.76
Polyketide	3.71
Polyketide	4.94
Polyketide	4.01
Polyketide	4.01
Polyketide	4.59
Polyketide	4.2
Polyketide	3.67
Polyketide	4.67
Polyketide	4.05
Polyketide	3.79
Polyketide	3.59
Polyketide	3.79
Polyketide	4.87
Polyketide	5.03
Polyketide	4.86
Polyketide	3.8
Polyketide	3.78
Polyketide	5.17
Polyketide	4.74
Polyketide	4.0
Polyketide	5.25
Polyketide	4.96
Polyketide	4.98
Polyketide	5.02
Polyketide	5.3
Polyketide	5.27
Polyketide	5.16
Polyketide	5.16
Polyketide	5.21
Polyketide	5.21
Polyketide	5.27
Polyketide	5.1
Polyketide	5.05
Polyketide	5.17
Polyketide	3.9
Polyketide	5.21
Polyketide	3.92
Polyketide	4.08
Polyketide	4.1
Polyketide	3.77
Polyketide	3.68
Polyketide	3.6
Polyketide	4.56
Polyketide	5.2
Polyketide	5.29
Polyketide	5.37
Polyketide	5.28
Polyketide	4.94
Polyketide	3.55
Polyketide	5.29
Polyketide	4.33
Polyketide	3.73
Polyketide	3.53
Polyketide	5.21
Polyketide	4.13
Polyketide	5.31
Polyketide	5.26
Polyketide	4.36
Polyketide	5.28
Polyketide	4.67
Polyketide	4.4
Polyketide	4.63
Polyketide	5.02
Polyketide	5.09
Polyketide	3.77
Polyketide	3.57
Polyketide	3.43
Polyketide	3.92
Polyketide	3.82
Polyketide	3.41
Polyketide	3.9
Polyketide	3.44
Polyketide	5.46
Polyketide	5.39
Polyketide	5.06
Polyketide	5.21
Polyketide	5.11
Polyketide	3.75
Polyketide	4.93
Polyketide	3.73
Polyketide	4.95
Polyketide	4.86
Polyketide	3.49
Polyketide	3.57
Polyketide	5.28
Polyketide	5.2
Polyketide	5.13
Polyketide	5.22
Polyketide	5.49
Polyketide	5.27
Polyketide	5.22
Polyketide	5.14
Polyketide	3.95
Polyketide	3.68
Polyketide	3.7
Polyketide	3.64
Polyketide	3.63
Polyketide	4.15
Polyketide	3.62
Polyketide	4.02
Polyketide	4.09
Polyketide	3.91
Polyketide	5.25
Polyketide	3.93
Polyketide	5.17
Polyketide	4.01
Polyketide	5.29
Polyketide	3.88
Polyketide	5.04
Polyketide	3.83
Polyketide	5.03
Polyketide	3.8
Polyketide	4.96
Polyketide	3.95
Polyketide	5.06
Polyketide	3.77
Polyketide	5.15
Polyketide	3.73
Polyketide	5.05
Polyketide	3.68
Polyketide	5.0
Polyketide	3.82
Polyketide	5.1
Polyketide	4.89
Polyketide	3.82
Polyketide	4.92
Polyketide	3.79
Polyketide	5.19
Polyketide	5.19
Polyketide	3.61
Polyketide	4.14
Polyketide	3.72
Polyketide	3.6
Polyketide	3.69
Polyketide	3.56
Polyketide	5.49
Polyketide	4.21
Polyketide	5.44
Polyketide	4.57
Polyketide	4.21
Polyketide	4.14
Polyketide	4.45
Polyketide	3.81
Polyketide	5.11
Polyketide	3.82
Polyketide	5.0
Polyketide	3.72
Polyketide	4.99
Polyketide	3.9
Polyketide	5.07
Polyketide	5.09
Polyketide	4.83
Polyketide	5.22
Polyketide	5.22
Polyketide	5.21
Prenol	4.51
Prenol	4.29
Prenol	5.05
Prenol	4.33
Prenol	4.26
Prenol	4.04
Prenol	3.82
Prenol	3.98
Prenol	3.42
Prenol	3.4
Prenol	3.93
Prenol	4.69
Prenol	4.69
Prenol	4.99
Prenol	4.63
Prenol	4.45
Prenol	4.89
Prenol	4.85
Prenol	4.16
Prenol	4.76
Prenol	4.36
Prenol	4.24
Prenol	4.05
Prenol	3.69
Prenol	3.92
Prenol	4.07
Prenol	4.14
Prenol	3.58
Prenol	3.87
Prenol	4.72
Prenol	4.02
Prenol	4.86
Prenol	3.71
Prenol	3.48
Prenol	3.64
Prenol	4.72
Prenol	4.59
Prenol	4.83
Prenol	5.32
Prenol	4.12
Prenol	3.89
Prenol	3.99
Prenol	4.64
Prenol	3.8
Prenol	3.78
Prenol	3.7
Prenol	3.74
Prenol	3.89
Prenol	3.87
Prenol	3.72
Prenol	4.11
Prenol	4.89
Prenol	3.93
Prenol	3.98
Prenol	5.1
Prenol	4.92
Prenol	3.96
Prenol	3.79
Prenol	3.69
Prenol	3.71
Prenol	3.84
Prenol	3.73
Prenol	3.76
Prenol	3.87
Prenol	3.97
Prenol	4.26
Prenol	5.28
Prenol	4.99
Prenol	3.81
Prenol	3.93
Prenol	5.11
Prenol	3.42
Prenol	3.4
Prenol	3.93
Prenol	4.02
Prenol	3.94
Prenol	4.96
Prenol	3.93
Prenol	3.84
Prenol	3.8
Prenol	4.2
Prenol	4.37
Prenol	4.07
Prenol	3.48
Prenol	3.58
Prenol	4.53
Prenol	3.45
Prenol	3.4
Prenol	4.85
Prenol	3.43
Prenol	3.38
Prenol	3.75
Prenol	3.33
Prenol	5.23
Prenol	3.38
Prenol	3.38
Prenol	4.64
Prenol	4.42
Prenol	4.63
Prenol	4.56
Prenol	5.49
Prenol	4.08
Prenol	3.48
Prenol	3.45
Prenol	3.5
Prenol	3.4
Prenol	3.6
Prenol	3.52
Prenol	3.77
Prenol	5.22
Prenol	4.98
Prenol	3.47
Prenol	3.39
Prenol	3.37
Prenol	3.5
Prenol	3.51
Prenol	4.89
Prenol	4.14
Prenol	3.85
Prenol	3.98
Prenol	3.7
Prenol	5.33
Prenol	3.9
Prenol	3.76
Prenol	3.24
Prenol	3.62
Prenol	3.65
Prenol	3.61
Prenol	3.71
Prenol	4.08
Prenol	3.59
Prenol	3.83
Prenol	4.12
Prenol	3.77
Prenol	3.49
Prenol	4.34
Prenol	3.87
Prenol	5.0
Prenol	5.33
Prenol	5.49
Prenol	3.85
Prenol	4.36
Prenol	3.85
Prenol	3.74
Prenol	3.66
Prenol	3.55
Prenol	3.35
Prenol	3.67
Prenol	3.65
Prenol	3.49
Prenol	3.54
Prenol	3.63
Prenol	3.47
Prenol	5.04
Prenol	5.04
Prenol	3.85
Prenol	3.94
Prenol	3.96
Prenol	4.01
Prenol	3.46
Prenol	3.41
Prenol	3.52
Prenol	3.46
Prenol	3.63
Prenol	3.61
Prenol	3.53
Prenol	3.45
Prenol	3.51
Prenol	3.49
Prenol	3.47
Prenol	3.51
Prenol	3.56
Prenol	3.45
Prenol	3.56
Prenol	3.43
Prenol	3.67
Prenol	3.43
Prenol	3.53
Prenol	3.51
Prenol	3.49
Prenol	3.36
Prenol	3.65
Prenol	3.54
Prenol	4.89
Prenol	5.45
Prenol	5.45
Prenol	3.49
Prenol	3.32
Prenol	3.45
Prenol	3.72
Prenol	3.49
Prenol	3.81
Prenol	3.8
Prenol	3.69
Prenol	4.95
Prenol	3.76
Prenol	3.57
Prenol	3.81
Prenol	3.62
Prenol	3.46
Prenol	3.74
Prenol	4.0
Prenol	3.45
Prenol	3.8
Prenol	3.78
Prenol	4.97
Prenol	4.97
Prenol	5.4
Prenol	3.63
Prenol	3.73
Prenol	4.46
Prenol	3.68
Prenol	3.69
Prenol	4.09
Prenol	3.73
Prenol	3.67
Prenol	3.6
Prenol	3.54
Prenol	3.43
Prenol	3.4
Prenol	3.57
Prenol	3.49
Prenol	3.44
Prenol	4.42
Prenol	3.8
Prenol	3.82
Prenol	4.22
Prenol	3.59
Prenol	3.52
Prenol	5.25
Prenol	3.56
Prenol	3.37
Prenol	3.4
Prenol	3.34
Prenol	3.39
Prenol	3.37
Prenol	3.36
Prenol	3.25
Prenol	4.02
Prenol	4.88
Prenol	4.43
Prenol	3.63
Prenol	3.89
Prenol	3.48
Prenol	3.38
Prenol	3.46
Prenol	3.36
Prenol	3.25
Prenol	3.41
Prenol	4.07
Prenol	3.76
Prenol	5.11
Prenol	3.94
Prenol	3.82
Prenol	4.09
Prenol	3.57
Prenol	3.48
Prenol	3.75
Prenol	3.79
Prenol	4.17
Prenol	3.76
Prenol	3.85
Prenol	3.75
Prenol	3.61
Prenol	3.61
Prenol	3.51
Prenol	3.78
Prenol	3.53
Prenol	3.9
Prenol	3.73
Prenol	3.81
Prenol	3.49
Prenol	3.37
Prenol	3.59
Prenol	3.69
Prenol	3.65
Prenol	3.59
Prenol	3.86
Prenol	4.27
Prenol	4.57
Prenol	3.43
Prenol	3.48
Prenol	3.65
Prenol	3.59
Prenol	4.27
Prenol	5.48
Prenol	3.56
Prenol	3.51
Prenol	3.56
Prenol	3.51
Prenol	5.19
Prenol	5.37
Prenol	5.25
Prenol	5.28
Prenol	5.21
Prenol	5.39
Prenol	3.74
Prenol	3.49
Prenol	4.56
Prenol	3.33
Prenol	3.32
Prenol	4.38
Prenol	3.33
Prenol	3.39
Prenol	3.62
Prenol	3.34
Prenol	5.18
Prenol	4.92
Prenol	5.25
Prenol	5.0
Prenol	4.99
Prenol	5.4
Prenol	5.34
Prenol	4.99
Prenol	4.77
Prenol	3.72
Prenol	4.03
Prenol	4.8
Prenol	4.89
Prenol	3.91
Prenol	3.53
Prenol	3.9
Prenol	3.56
Prenol	3.9
Prenol	4.07
Prenol	3.92
Prenol	3.7
Prenol	4.02
Prenol	3.65
Prenol	4.35
Prenol	4.42
Prenol	3.31
Prenol	3.27
Prenol	5.25
Prenol	5.18
Prenol	5.31
Prenol	5.44
Prenol	5.21
Prenol	5.35
Prenol	3.61
Prenol	3.49
Prenol	4.9
Prenol	4.81
Prenol	3.7
Prenol	3.47
Prenol	3.59
Prenol	3.49
Prenol	4.06
Prenol	4.02
Prenol	4.68
Prenol	4.19
Prenol	3.92
Prenol	4.09
Prenol	4.5
Prenol	4.22
Prenol	3.91
Prenol	4.24
Prenol	4.43
Prenol	5.0
Prenol	3.85
Prenol	4.18
Prenol	4.16
Prenol	4.89
Prenol	4.16
Prenol	3.94
Prenol	3.84
Prenol	4.48
Prenol	4.28
Prenol	4.7
Prenol	3.89
Prenol	4.02
Prenol	4.02
Prenol	3.87
Prenol	4.07
Prenol	3.83
Prenol	4.08
Prenol	5.27
Prenol	3.88
Prenol	4.11
Prenol	4.02
Prenol	3.95
Prenol	4.78
Prenol	4.73
Prenol	4.66
Prenol	4.32
Prenol	3.92
Prenol	3.87
Prenol	4.05
Prenol	4.01
Prenol	4.07
Prenol	3.99
Prenol	4.39
Prenol	3.55
Prenol	3.48
Prenol	3.5
Prenol	3.38
Prenol	3.55
Prenol	3.48
Prenol	4.31
Prenol	4.5
Prenol	3.58
Prenol	3.38
Prenol	3.36
Prenol	3.73
Prenol	3.73
Prenol	3.51
Prenol	3.36
Prenol	3.48
Prenol	3.43
Prenol	3.44
Prenol	3.46
Prenol	4.38
Prenol	5.38
Prenol	3.49
Prenol	3.4
Prenol	3.5
Prenol	3.56
Prenol	3.48
Prenol	3.58
Prenol	3.44
Prenol	3.52
Prenol	3.8
Prenol	3.78
Prenol	3.52
Prenol	3.51
Prenol	4.6
Prenol	4.74
Prenol	3.81
Prenol	3.77
Prenol	5.14
Prenol	3.75
Prenol	4.88
Prenol	3.8
Prenol	3.37
Prenol	3.4
Prenol	4.91
Prenol	4.62
Prenol	3.82
Prenol	4.26
Prenol	3.91
Prenol	3.43
Prenol	3.4
Prenol	3.72
Prenol	3.69
Prenol	4.25
Prenol	3.62
Prenol	3.43
Prenol	4.11
Prenol	5.23
Prenol	5.31
Prenol	5.13
Prenol	3.67
Prenol	4.03
Prenol	3.96
Prenol	3.97
Prenol	3.68
Prenol	3.64
Prenol	3.49
Prenol	4.02
Prenol	3.63
Prenol	3.77
Prenol	3.47
Prenol	3.48
Prenol	3.55
Prenol	3.67
Prenol	3.57
Prenol	3.64
Prenol	3.57
Prenol	3.64
Prenol	5.03
Prenol	4.94
Prenol	4.97
Prenol	4.9
Prenol	4.66
Prenol	4.67
Prenol	4.43
Prenol	3.81
Prenol	3.95
Prenol	3.89
Prenol	3.38
Prenol	3.33
Prenol	3.65
Prenol	3.41
Prenol	3.5
Prenol	3.49
Prenol	3.5
Prenol	3.55
Prenol	3.51
Prenol	3.53
Prenol	3.57
Prenol	3.64
saccharo lipid	3.82
saccharo lipid	4.05
saccharo lipid	3.71
saccharo lipid	3.91
saccharo lipid	3.75
saccharo lipid	3.9
saccharo lipid	4.12
saccharo lipid	3.62
saccharo lipid	3.56
saccharo lipid	4.06
saccharo lipid	4.04
saccharo lipid	3.93
saccharo lipid	4.11
saccharo lipid	3.84
saccharo lipid	4.44
saccharo lipid	4.37
saccharo lipid	4.46
saccharo lipid	3.47
saccharo lipid	3.63
saccharo lipid	3.64
saccharo lipid	3.51
saccharo lipid	3.8
saccharo lipid	3.86
saccharo lipid	3.98
saccharo lipid	3.95
saccharo lipid	3.42
saccharo lipid	3.82
saccharo lipid	4.16
saccharo lipid	4.11
saccharo lipid	3.82
saccharo lipid	3.72
saccharo lipid	3.81
saccharo lipid	3.71
saccharo lipid	3.87
saccharo lipid	3.86
saccharo lipid	3.78
saccharo lipid	3.84
saccharo lipid	5.38
saccharo lipid	3.94
saccharo lipid	3.95
saccharo lipid	5.13
saccharo lipid	3.6
saccharo lipid	4.9
saccharo lipid	3.59
saccharo lipid	3.67
saccharo lipid	3.56
saccharo lipid	4.74
saccharo lipid	4.71
saccharo lipid	5.23
saccharo lipid	4.08
saccharo lipid	3.52
saccharo lipid	3.53
saccharo lipid	3.57
saccharo lipid	3.64
saccharo lipid	3.7
saccharo lipid	3.52
saccharo lipid	3.51
saccharo lipid	3.48
saccharo lipid	3.55
saccharo lipid	3.49
saccharo lipid	3.64
saccharo lipid	3.41
saccharo lipid	4.08
Spingo lipid	5.32
Fatty Acyl	4.62
Fatty Acyl	3.61
Fatty Acyl	4.0
Fatty Acyl	4.2
Fatty Acyl	3.8
Fatty Acyl	3.71
Fatty Acyl	4.06
Fatty Acyl	4.16
Fatty Acyl	3.56
Fatty Acyl	5.05
Fatty Acyl	4.92
Fatty Acyl	5.09
Fatty Acyl	5.17
Fatty Acyl	4.95
Fatty Acyl	5.45
Fatty Acyl	5.14
Fatty Acyl	4.9
Fatty Acyl	4.73
Fatty Acyl	5.25
Fatty Acyl	5.12
Fatty Acyl	5.37
Fatty Acyl	5.18
Fatty Acyl	5.28
Fatty Acyl	5.5
Fatty Acyl	3.8
Fatty Acyl	3.5
Fatty Acyl	3.76
Fatty Acyl	5.15
Fatty Acyl	4.76
Fatty Acyl	4.5
Fatty Acyl	4.66
Fatty Acyl	4.7
Fatty Acyl	4.96
Fatty Acyl	4.99
Fatty Acyl	5.14
Fatty Acyl	4.97
Fatty Acyl	5.1
Fatty Acyl	5.16
Fatty Acyl	4.79
Fatty Acyl	4.16
Fatty Acyl	5.15
Fatty Acyl	3.97
Fatty Acyl	5.1
Fatty Acyl	3.94
Fatty Acyl	3.97
Fatty Acyl	4.81
Fatty Acyl	4.95
Fatty Acyl	4.96
Fatty Acyl	5.11
Fatty Acyl	4.99
Fatty Acyl	5.09
Fatty Acyl	4.99
Fatty Acyl	4.88
Fatty Acyl	5.26
Fatty Acyl	4.9
Fatty Acyl	4.95
Fatty Acyl	3.85
Fatty Acyl	3.68
Fatty Acyl	3.77
Fatty Acyl	3.43
Fatty Acyl	3.53
Fatty Acyl	3.7
Fatty Acyl	3.88
Fatty Acyl	3.97
Fatty Acyl	4.08
Fatty Acyl	3.99
Fatty Acyl	4.35
Fatty Acyl	4.01
Fatty Acyl	4.3
Fatty Acyl	4.19
Fatty Acyl	4.57
Fatty Acyl	5.39
Fatty Acyl	3.74
Fatty Acyl	3.89
Fatty Acyl	5.25
Fatty Acyl	4.99
Fatty Acyl	5.29
Fatty Acyl	4.28
Fatty Acyl	4.23
Fatty Acyl	5.42
Fatty Acyl	4.81
Fatty Acyl	4.36
Fatty Acyl	4.17
Fatty Acyl	4.16
Fatty Acyl	5.31
Fatty Acyl	5.35
Fatty Acyl	5.16
Fatty Acyl	5.19
Fatty Acyl	5.2
Fatty Acyl	5.19
Fatty Acyl	5.18
Fatty Acyl	5.18
Fatty Acyl	5.23
Fatty Acyl	5.13
Fatty Acyl	5.13
Fatty Acyl	5.0
Fatty Acyl	5.2
Fatty Acyl	4.99
Fatty Acyl	5.04
Fatty Acyl	4.99
Fatty Acyl	4.95
Fatty Acyl	4.98
Fatty Acyl	3.54
Fatty Acyl	3.84
Fatty Acyl	3.54
Fatty Acyl	4.08
Fatty Acyl	5.09
Fatty Acyl	5.02
Fatty Acyl	5.0
Fatty Acyl	3.62
Fatty Acyl	3.7
Fatty Acyl	3.77
Fatty Acyl	3.55
Fatty Acyl	3.92
Fatty Acyl	3.57
Fatty Acyl	4.79
Fatty Acyl	4.88
Fatty Acyl	3.65
Fatty Acyl	3.74
Fatty Acyl	5.27
Fatty Acyl	5.32
Fatty Acyl	5.3
Fatty Acyl	5.21
Fatty Acyl	5.46
Fatty Acyl	3.79
Fatty Acyl	3.66
Fatty Acyl	3.6
Fatty Acyl	4.77
Fatty Acyl	3.46
Fatty Acyl	3.45
Fatty Acyl	5.11
Fatty Acyl	3.89
Fatty Acyl	3.67
Fatty Acyl	3.94
Fatty Acyl	3.8
Fatty Acyl	4.0
Fatty Acyl	3.94
Fatty Acyl	4.01
Fatty Acyl	5.02
Fatty Acyl	5.06
Fatty Acyl	4.93
Fatty Acyl	5.16
Fatty Acyl	4.87
Fatty Acyl	5.0
Fatty Acyl	5.2
Fatty Acyl	4.65
Fatty Acyl	5.13
Fatty Acyl	5.1
Fatty Acyl	4.64
Fatty Acyl	5.34
Fatty Acyl	5.36
Fatty Acyl	3.45
Fatty Acyl	4.91
Fatty Acyl	4.96
Fatty Acyl	4.95
Fatty Acyl	4.93
Fatty Acyl	4.96
Fatty Acyl	4.82
Fatty Acyl	4.91
Fatty Acyl	4.9
Fatty Acyl	5.45
Fatty Acyl	4.84
Fatty Acyl	4.91
Fatty Acyl	3.62
Fatty Acyl	3.6
Fatty Acyl	3.61
Fatty Acyl	3.44
Fatty Acyl	3.66
Fatty Acyl	3.74
Fatty Acyl	3.7
Fatty Acyl	3.85
Fatty Acyl	3.81
Fatty Acyl	3.67
Fatty Acyl	4.15
Fatty Acyl	5.46
Fatty Acyl	5.15
Fatty Acyl	5.12
Fatty Acyl	4.59
Fatty Acyl	5.11
Fatty Acyl	5.13
Fatty Acyl	5.36
Fatty Acyl	4.82
Fatty Acyl	3.72
Fatty Acyl	3.69
Fatty Acyl	4.87
Fatty Acyl	5.03
Fatty Acyl	4.89
Fatty Acyl	4.87
Fatty Acyl	4.96
Fatty Acyl	5.31
Fatty Acyl	4.89
Fatty Acyl	5.26
Fatty Acyl	4.98
Fatty Acyl	4.95
Fatty Acyl	4.76
Fatty Acyl	3.59
Fatty Acyl	3.78
Fatty Acyl	3.7
Fatty Acyl	3.79
Fatty Acyl	3.71
Fatty Acyl	4.92
Fatty Acyl	4.81
Fatty Acyl	5.0
Fatty Acyl	4.92
Fatty Acyl	4.92
Fatty Acyl	4.92
Fatty Acyl	3.49
Fatty Acyl	4.02
Fatty Acyl	3.75
Fatty Acyl	3.82
Fatty Acyl	3.59
Fatty Acyl	3.78
Fatty Acyl	3.67
Fatty Acyl	3.68
Fatty Acyl	5.3
Fatty Acyl	5.22
Fatty Acyl	5.14
Fatty Acyl	3.84
Fatty Acyl	3.83
Fatty Acyl	3.96
Fatty Acyl	3.89
Fatty Acyl	3.9
Fatty Acyl	3.96
Fatty Acyl	3.49
Fatty Acyl	3.92
Fatty Acyl	3.99
Fatty Acyl	3.82
Fatty Acyl	3.93
Fatty Acyl	3.95
Fatty Acyl	3.57
Fatty Acyl	3.76
Fatty Acyl	3.73
Fatty Acyl	3.65
Fatty Acyl	3.57
Fatty Acyl	4.27
Fatty Acyl	4.38
Fatty Acyl	4.5
Fatty Acyl	5.44
Fatty Acyl	5.18
Fatty Acyl	5.03
Fatty Acyl	5.18
Fatty Acyl	4.63
Fatty Acyl	4.2
Fatty Acyl	4.52
Fatty Acyl	4.38
Fatty Acyl	5.29
Fatty Acyl	4.97
Fatty Acyl	4.22
Fatty Acyl	5.43
Fatty Acyl	4.25
Fatty Acyl	4.61
Fatty Acyl	3.58
Fatty Acyl	3.86
Fatty Acyl	3.68
Fatty Acyl	3.86
Fatty Acyl	3.9
Fatty Acyl	3.71
Fatty Acyl	4.09
Fatty Acyl	4.15
Fatty Acyl	5.04
Fatty Acyl	3.68
Fatty Acyl	3.47
Fatty Acyl	3.45
Fatty Acyl	5.41
Fatty Acyl	5.14
Fatty Acyl	3.57
Fatty Acyl	3.47
Fatty Acyl	3.56
Fatty Acyl	3.57
Fatty Acyl	3.5
Fatty Acyl	3.61
Fatty Acyl	4.92
Fatty Acyl	3.85
Fatty Acyl	3.43
Fatty Acyl	3.75
Fatty Acyl	4.43
Fatty Acyl	5.48
Fatty Acyl	3.9
Fatty Acyl	3.87
Fatty Acyl	3.56
Fatty Acyl	3.57
Fatty Acyl	3.57
Fatty Acyl	3.57
Fatty Acyl	4.72
Fatty Acyl	4.13
Fatty Acyl	3.88
Fatty Acyl	3.96
Fatty Acyl	3.83
Fatty Acyl	4.12
Fatty Acyl	3.53
Fatty Acyl	3.54
Fatty Acyl	3.51
Fatty Acyl	3.57
Fatty Acyl	3.44
Fatty Acyl	3.5
Fatty Acyl	3.45
Fatty Acyl	4.49
Fatty Acyl	3.56
Fatty Acyl	3.71
Fatty Acyl	5.26
Fatty Acyl	5.14
Fatty Acyl	3.65
Fatty Acyl	3.45
Fatty Acyl	5.25
Fatty Acyl	5.15
Fatty Acyl	5.41
Fatty Acyl	5.48
Fatty Acyl	4.71
Fatty Acyl	4.8
Fatty Acyl	5.16
Fatty Acyl	5.15
Fatty Acyl	5.34
Fatty Acyl	4.84
Fatty Acyl	4.41
Fatty Acyl	4.13
Fatty Acyl	4.0
Fatty Acyl	3.75
Fatty Acyl	3.77
Fatty Acyl	3.67
Fatty Acyl	3.61
Fatty Acyl	3.66
Fatty Acyl	3.73
Fatty Acyl	4.3
Fatty Acyl	3.87
Fatty Acyl	3.61
Fatty Acyl	4.13
Fatty Acyl	4.26
Fatty Acyl	5.41
Fatty Acyl	4.2
Fatty Acyl	5.25
Fatty Acyl	5.0
Fatty Acyl	5.25
Fatty Acyl	5.38
Fatty Acyl	4.95
Fatty Acyl	5.06
Fatty Acyl	5.21
Fatty Acyl	4.87
Fatty Acyl	5.2
Fatty Acyl	4.73
Fatty Acyl	4.94
Fatty Acyl	4.63
Fatty Acyl	4.57
Fatty Acyl	4.92
Fatty Acyl	4.2
Fatty Acyl	4.45
Fatty Acyl	3.92
Fatty Acyl	3.55
Fatty Acyl	5.11
Fatty Acyl	5.1
Fatty Acyl	5.3
Fatty Acyl	5.22
Fatty Acyl	5.45
Fatty Acyl	3.72
Fatty Acyl	3.98
Fatty Acyl	3.99
Fatty Acyl	3.79
Fatty Acyl	3.94
Fatty Acyl	4.2
Fatty Acyl	4.14
Fatty Acyl	3.8
Fatty Acyl	5.11
Fatty Acyl	3.71
Fatty Acyl	3.65
Fatty Acyl	3.58
Fatty Acyl	3.59
Fatty Acyl	3.63
Fatty Acyl	3.62
Fatty Acyl	5.04
Fatty Acyl	5.04
Fatty Acyl	5.04
Fatty Acyl	5.04
Fatty Acyl	5.12
Fatty Acyl	5.1
Fatty Acyl	3.85
Fatty Acyl	4.06
Fatty Acyl	4.32
Fatty Acyl	4.86
Fatty Acyl	4.35
Fatty Acyl	3.98
Fatty Acyl	3.45
Fatty Acyl	4.15
Fatty Acyl	3.82
Fatty Acyl	3.46
Fatty Acyl	3.97
Fatty Acyl	3.52
Fatty Acyl	3.85
Fatty Acyl	3.6
Fatty Acyl	3.88
Fatty Acyl	3.58
Fatty Acyl	3.63
Fatty Acyl	3.55
Fatty Acyl	4.25
Fatty Acyl	4.18
Fatty Acyl	4.3
Fatty Acyl	4.02
Fatty Acyl	3.94
Fatty Acyl	3.95
Fatty Acyl	4.14
Fatty Acyl	4.11
Fatty Acyl	5.43
Fatty Acyl	3.81
Fatty Acyl	4.29
Fatty Acyl	4.29
Fatty Acyl	3.81
Fatty Acyl	4.29
Fatty Acyl	3.81
Fatty Acyl	3.81
Fatty Acyl	4.29
Fatty Acyl	4.29
Fatty Acyl	3.81
Fatty Acyl	4.29
Fatty Acyl	3.81
Fatty Acyl	3.56
Fatty Acyl	3.48
Fatty Acyl	3.49
Fatty Acyl	3.49
Fatty Acyl	3.52
Fatty Acyl	3.55
Fatty Acyl	3.54
Fatty Acyl	3.4
Fatty Acyl	3.86
Fatty Acyl	5.02
Fatty Acyl	4.27
Fatty Acyl	5.05
Fatty Acyl	5.05
Fatty Acyl	5.06
Glycerophopspholipid	4.18
