class	pi-stacking_angle
sterol	73.97
sterol	81.08
sterol	80.85
sterol	78.15
sterol	88.03
sterol	88.82
sterol	80.99
sterol	86.68
sterol	67.02
sterol	75.85
sterol	72.43
sterol	85.25
sterol	88.67
sterol	71.56
sterol	27.23
sterol	69.11
sterol	80.31
sterol	85.2
sterol	69.39
sterol	75.46
sterol	82.27
sterol	82.43
sterol	60.87
sterol	81.68
sterol	87.06
sterol	86.42
sterol	80.22
sterol	85.01
sterol	84.85
sterol	82.89
sterol	88.52
sterol	87.71
sterol	87.22
sterol	7.45
sterol	10.61
sterol	29.36
sterol	18.22
sterol	77.25
sterol	89.7
sterol	89.77
sterol	69.69
sterol	88.84
sterol	87.7
sterol	89.08
sterol	88.54
sterol	87.64
sterol	87.74
sterol	89.17
sterol	22.84
sterol	22.6
sterol	20.61
sterol	89.13
sterol	85.06
sterol	83.59
sterol	80.45
sterol	80.74
sterol	78.22
sterol	86.16
sterol	87.43
sterol	83.4
sterol	87.87
sterol	83.65
sterol	89.34
sterol	89.7
sterol	88.97
sterol	88.39
sterol	87.21
sterol	89.3
sterol	88.69
sterol	80.16
sterol	86.03
sterol	84.21
sterol	87.44
sterol	86.28
sterol	86.17
sterol	84.13
sterol	89.36
sterol	87.82
sterol	83.68
sterol	83.37
sterol	80.22
sterol	85.16
sterol	89.27
sterol	88.43
sterol	83.75
sterol	87.91
sterol	86.17
sterol	87.84
sterol	89.79
sterol	88.23
sterol	89.67
sterol	86.27
sterol	82.5
sterol	77.6
sterol	85.23
sterol	82.16
sterol	1.89
sterol	1.53
sterol	1.61
sterol	3.28
sterol	1.97
sterol	88.16
sterol	84.22
sterol	89.81
sterol	71.78
sterol	89.59
sterol	89.42
sterol	84.06
sterol	84.24
sterol	70.52
sterol	85.84
sterol	82.29
sterol	88.57
sterol	80.32
sterol	83.05
sterol	88.76
sterol	89.83
sterol	67.85
sterol	70.62
sterol	89.51
sterol	75.37
sterol	73.11
Polyketide	4.59
Polyketide	4.1
Polyketide	13.5
Polyketide	88.06
Polyketide	5.41
Polyketide	5.18
Polyketide	19.83
Polyketide	76.72
Polyketide	84.68
Polyketide	85.0
Polyketide	85.85
Polyketide	79.11
Polyketide	82.57
Polyketide	63.72
Polyketide	64.13
Polyketide	5.14
Polyketide	9.33
Polyketide	8.12
Polyketide	83.55
Polyketide	81.24
Polyketide	81.35
Polyketide	83.89
Polyketide	79.75
Polyketide	12.47
Polyketide	9.03
Polyketide	11.38
Polyketide	77.67
Polyketide	9.94
Polyketide	17.73
Polyketide	7.41
Polyketide	10.96
Polyketide	9.42
Polyketide	11.67
Polyketide	12.1
Polyketide	11.17
Polyketide	86.15
Polyketide	72.09
Polyketide	60.75
Polyketide	69.16
Polyketide	8.29
Polyketide	5.85
Polyketide	70.79
Polyketide	64.6
Polyketide	65.28
Polyketide	80.01
Polyketide	1.79
Polyketide	1.43
Polyketide	10.53
Polyketide	10.74
Polyketide	14.54
Polyketide	81.86
Polyketide	79.84
Polyketide	71.5
Polyketide	72.94
Polyketide	88.56
Polyketide	82.57
Polyketide	23.3
Polyketide	88.57
Polyketide	85.89
Polyketide	85.53
Polyketide	80.52
Polyketide	85.99
Polyketide	78.83
Polyketide	75.84
Polyketide	88.53
Polyketide	89.92
Polyketide	89.15
Polyketide	73.34
Polyketide	66.56
Polyketide	28.16
Polyketide	26.71
Polyketide	4.46
Polyketide	4.67
Polyketide	1.3
Polyketide	1.41
Polyketide	79.58
Polyketide	79.8
Polyketide	73.61
Polyketide	86.37
Polyketide	86.39
Polyketide	84.74
Polyketide	80.73
Polyketide	76.05
Polyketide	82.05
Polyketide	79.44
Polyketide	75.97
Polyketide	72.82
Polyketide	72.87
Polyketide	85.61
Polyketide	8.75
Polyketide	11.22
Polyketide	83.0
Polyketide	86.3
Polyketide	65.46
Polyketide	25.78
Polyketide	79.59
Polyketide	77.16
Polyketide	76.6
Polyketide	81.81
Polyketide	25.96
Polyketide	83.55
Polyketide	83.86
Polyketide	89.2
Polyketide	87.85
Polyketide	85.98
Polyketide	85.99
Polyketide	85.56
Polyketide	6.96
Polyketide	78.6
Polyketide	9.42
Polyketide	85.18
Polyketide	88.95
Polyketide	3.01
Polyketide	2.32
Polyketide	1.26
Polyketide	3.51
Polyketide	3.48
Polyketide	88.45
Polyketide	88.79
Polyketide	63.33
Polyketide	24.33
Polyketide	23.45
Polyketide	87.8
Polyketide	63.12
Polyketide	78.42
Polyketide	81.22
Polyketide	82.41
Polyketide	88.51
Polyketide	72.59
Polyketide	86.56
Polyketide	86.07
Polyketide	78.25
Polyketide	26.66
Polyketide	25.15
Polyketide	23.92
Polyketide	12.77
Polyketide	11.18
Polyketide	85.56
Polyketide	22.3
Polyketide	4.64
Polyketide	4.4
Polyketide	7.24
Polyketide	8.23
Polyketide	9.52
Polyketide	11.16
Polyketide	3.46
Polyketide	26.29
Polyketide	13.23
Polyketide	10.09
Polyketide	18.91
Polyketide	80.18
Polyketide	29.56
Polyketide	13.79
Polyketide	73.17
Polyketide	69.8
Polyketide	7.45
Polyketide	5.49
Polyketide	8.8
Polyketide	5.78
Polyketide	4.11
Polyketide	15.28
Polyketide	87.85
Polyketide	80.77
Polyketide	77.82
Polyketide	76.44
Polyketide	83.16
Polyketide	12.84
Polyketide	12.89
Polyketide	26.81
Polyketide	70.42
Polyketide	6.07
Polyketide	5.38
Polyketide	63.19
Polyketide	85.76
Polyketide	5.18
Polyketide	17.18
Polyketide	86.73
Polyketide	3.46
Polyketide	18.88
Polyketide	78.24
Polyketide	8.15
Polyketide	74.18
Polyketide	6.5
Polyketide	83.7
Polyketide	8.25
Polyketide	87.11
Polyketide	5.21
Polyketide	4.73
Polyketide	84.38
Polyketide	1.93
Polyketide	89.91
Polyketide	14.35
Polyketide	26.21
Polyketide	79.72
Polyketide	80.17
Polyketide	79.86
Polyketide	80.02
Polyketide	76.7
Polyketide	77.38
Polyketide	77.97
Polyketide	78.02
Polyketide	68.44
Polyketide	68.59
Polyketide	61.74
Polyketide	61.32
Polyketide	16.62
Polyketide	18.82
Polyketide	70.91
Polyketide	9.52
Polyketide	75.56
Polyketide	74.5
Polyketide	4.98
Polyketide	4.47
Polyketide	84.19
Polyketide	83.68
Polyketide	3.59
Polyketide	2.58
Polyketide	7.58
Polyketide	5.96
Polyketide	3.96
Polyketide	3.75
Polyketide	8.09
Polyketide	7.56
Polyketide	7.12
Polyketide	6.03
Polyketide	85.47
Polyketide	85.51
Polyketide	88.04
Polyketide	4.05
Polyketide	18.18
Polyketide	84.75
Polyketide	70.72
Polyketide	60.56
Polyketide	70.34
Polyketide	66.12
Polyketide	72.94
Polyketide	64.91
Polyketide	74.93
Polyketide	68.4
Polyketide	69.07
Polyketide	68.35
Polyketide	75.3
Polyketide	67.46
Polyketide	79.68
Polyketide	65.93
Polyketide	78.98
Polyketide	66.03
Polyketide	73.97
Polyketide	85.06
Polyketide	10.05
Polyketide	68.53
Polyketide	67.86
Polyketide	19.36
Polyketide	64.96
Polyketide	13.29
Polyketide	13.15
Polyketide	21.89
Polyketide	21.66
Polyketide	10.62
Polyketide	10.73
Polyketide	3.6
Polyketide	3.33
Polyketide	6.22
Polyketide	6.27
Polyketide	7.37
Polyketide	75.0
Polyketide	76.33
Polyketide	80.23
Polyketide	65.29
Polyketide	79.59
Polyketide	14.47
Polyketide	4.66
Polyketide	12.97
Polyketide	1.68
Polyketide	10.61
Polyketide	10.07
Polyketide	85.87
Polyketide	85.08
Polyketide	9.42
Polyketide	8.64
Polyketide	70.55
Polyketide	66.96
Polyketide	67.05
Polyketide	17.69
Polyketide	17.78
Polyketide	12.82
Polyketide	19.03
Polyketide	21.26
Polyketide	6.13
Polyketide	6.78
Polyketide	8.24
Polyketide	10.05
Polyketide	9.85
Polyketide	10.09
Polyketide	11.3
Polyketide	11.37
Polyketide	61.94
Polyketide	87.28
Polyketide	83.2
Polyketide	20.3
Polyketide	20.31
Polyketide	20.16
Polyketide	5.0
Polyketide	2.44
Polyketide	20.82
Polyketide	26.82
Polyketide	15.64
Polyketide	15.69
Polyketide	14.63
Polyketide	5.02
Polyketide	8.95
Polyketide	7.44
Polyketide	9.07
Polyketide	8.11
Polyketide	8.28
Polyketide	9.4
Polyketide	12.21
Polyketide	8.52
Polyketide	11.44
Polyketide	12.25
Polyketide	12.03
Polyketide	9.2
Polyketide	8.17
Polyketide	10.47
Polyketide	8.7
Polyketide	11.53
Polyketide	2.98
Polyketide	2.72
Polyketide	1.25
Polyketide	0.97
Polyketide	19.51
Polyketide	21.54
Polyketide	22.25
Polyketide	83.75
Polyketide	14.76
Polyketide	12.8
Polyketide	85.09
Polyketide	19.21
Polyketide	27.85
Polyketide	15.82
Polyketide	16.12
Polyketide	6.56
Polyketide	21.98
Polyketide	60.89
Polyketide	64.87
Polyketide	19.26
Polyketide	11.87
Polyketide	10.0
Polyketide	4.93
Polyketide	6.68
Polyketide	11.11
Polyketide	10.17
Polyketide	8.09
Polyketide	5.85
Polyketide	13.35
Polyketide	12.56
Polyketide	10.24
Polyketide	11.43
Polyketide	10.02
Polyketide	7.5
Polyketide	20.5
Polyketide	20.53
Polyketide	15.1
Polyketide	13.61
Polyketide	12.32
Polyketide	3.81
Polyketide	15.68
Polyketide	20.91
Polyketide	70.36
Polyketide	8.63
Polyketide	10.46
Polyketide	12.64
Polyketide	15.67
Polyketide	87.32
Polyketide	85.77
Polyketide	71.27
Polyketide	88.79
Polyketide	70.81
Polyketide	23.02
Polyketide	21.97
Polyketide	17.4
Polyketide	12.11
Polyketide	2.31
Polyketide	23.12
Polyketide	19.08
Polyketide	27.07
Polyketide	80.69
Polyketide	12.16
Polyketide	23.33
Polyketide	21.6
Polyketide	6.89
Polyketide	24.3
Polyketide	25.75
Polyketide	13.61
Polyketide	10.27
Polyketide	1.97
Polyketide	0.63
Polyketide	3.39
Polyketide	2.34
Polyketide	1.31
Polyketide	0.99
Polyketide	87.56
Polyketide	85.64
Polyketide	80.04
Polyketide	88.78
Polyketide	87.14
Polyketide	63.07
Polyketide	17.53
Polyketide	83.26
Polyketide	21.13
Polyketide	20.98
Polyketide	89.83
Polyketide	17.58
Polyketide	17.59
Polyketide	89.82
Polyketide	22.16
Polyketide	23.0
Polyketide	20.76
Polyketide	14.07
Polyketide	8.01
Polyketide	8.2
Polyketide	7.69
Polyketide	5.79
Polyketide	15.46
Polyketide	85.68
Polyketide	25.03
Polyketide	72.38
Polyketide	61.15
Polyketide	76.35
Polyketide	89.39
Polyketide	69.08
Polyketide	68.0
Polyketide	79.5
Polyketide	79.46
Polyketide	24.48
Polyketide	7.44
Polyketide	11.43
Polyketide	85.47
Polyketide	69.56
Polyketide	4.75
Polyketide	81.23
Polyketide	17.36
Polyketide	17.34
Polyketide	3.12
Polyketide	2.92
Polyketide	11.91
Polyketide	82.13
Polyketide	88.52
Polyketide	89.44
Polyketide	87.3
Polyketide	83.95
Polyketide	78.57
Polyketide	85.69
Polyketide	80.77
Polyketide	17.63
Polyketide	15.0
Polyketide	9.66
Polyketide	22.47
Polyketide	19.82
Polyketide	9.08
Polyketide	14.37
Polyketide	7.41
Polyketide	15.6
Polyketide	10.44
Polyketide	16.0
Polyketide	8.83
Polyketide	16.88
Polyketide	4.95
Polyketide	15.02
Polyketide	9.34
Polyketide	19.15
Polyketide	3.22
Polyketide	86.21
Polyketide	84.34
Polyketide	85.78
Polyketide	85.72
Polyketide	83.63
Polyketide	77.94
Polyketide	79.57
Polyketide	83.01
Polyketide	76.2
Polyketide	71.15
Polyketide	70.92
Polyketide	69.11
Polyketide	28.37
Polyketide	27.25
Polyketide	28.8
Polyketide	27.38
Polyketide	13.31
Polyketide	13.83
Polyketide	29.5
Polyketide	28.93
Polyketide	29.31
Polyketide	29.49
Polyketide	12.6
Polyketide	10.46
Polyketide	26.9
Polyketide	26.22
Polyketide	26.63
Polyketide	27.71
Polyketide	9.62
Polyketide	10.48
Polyketide	25.81
Polyketide	25.69
Polyketide	25.4
Polyketide	25.48
Polyketide	13.67
Polyketide	26.16
Polyketide	63.79
Polyketide	13.86
Polyketide	87.01
Polyketide	64.34
Polyketide	7.96
Polyketide	87.58
Polyketide	6.33
Polyketide	84.67
Polyketide	89.16
Polyketide	65.43
Polyketide	9.56
Polyketide	86.28
Polyketide	89.22
Polyketide	69.77
Polyketide	85.17
Polyketide	87.46
Polyketide	74.85
Polyketide	75.6
Polyketide	76.47
Polyketide	88.64
Polyketide	82.52
Polyketide	72.69
Polyketide	81.07
Polyketide	66.75
Polyketide	64.85
Polyketide	72.43
Polyketide	70.36
Polyketide	69.01
Polyketide	68.82
Polyketide	64.52
Polyketide	8.13
Polyketide	3.55
Polyketide	5.19
Polyketide	5.25
Polyketide	17.29
Polyketide	86.22
Polyketide	89.37
Polyketide	88.59
Polyketide	71.7
Polyketide	71.21
Polyketide	66.59
Polyketide	70.91
Polyketide	71.06
Polyketide	9.86
Polyketide	89.52
Polyketide	6.79
Polyketide	86.67
Polyketide	85.7
Polyketide	4.95
Polyketide	3.11
Polyketide	81.98
Polyketide	81.16
Polyketide	1.41
Polyketide	5.13
Polyketide	83.65
Polyketide	83.11
Polyketide	7.23
Polyketide	10.9
Polyketide	11.89
Polyketide	83.33
Polyketide	86.2
Polyketide	8.98
Polyketide	9.96
Polyketide	82.63
Polyketide	79.29
Polyketide	76.81
Polyketide	62.07
Polyketide	61.46
Polyketide	8.27
Polyketide	84.53
Polyketide	84.51
Polyketide	85.29
Polyketide	87.82
Polyketide	85.4
Polyketide	21.28
Polyketide	21.42
Polyketide	88.71
Polyketide	86.69
Polyketide	73.19
Polyketide	73.14
Polyketide	78.27
Polyketide	18.41
Polyketide	18.75
Polyketide	26.28
Polyketide	23.55
Polyketide	26.29
Polyketide	22.2
Polyketide	20.94
Polyketide	20.81
Polyketide	26.2
Polyketide	21.59
Polyketide	21.21
Polyketide	22.49
Polyketide	29.77
Polyketide	18.36
Polyketide	26.44
Polyketide	60.99
Polyketide	6.42
Polyketide	85.26
Polyketide	10.25
Polyketide	75.98
Polyketide	15.97
Polyketide	74.8
Polyketide	19.66
Polyketide	84.08
Polyketide	8.56
Polyketide	6.82
Polyketide	71.25
Polyketide	19.58
Polyketide	10.26
Polyketide	9.86
Polyketide	5.83
Polyketide	4.98
Polyketide	5.47
Polyketide	24.1
Polyketide	85.27
Polyketide	12.73
Polyketide	11.99
Polyketide	88.63
Polyketide	10.32
Polyketide	10.81
Polyketide	25.76
Polyketide	29.69
Polyketide	68.98
Polyketide	88.79
Polyketide	89.14
Polyketide	86.45
Polyketide	87.0
Polyketide	9.99
Polyketide	8.98
Polyketide	80.2
Polyketide	5.92
Polyketide	82.44
Polyketide	18.49
Polyketide	13.38
Polyketide	13.27
Polyketide	5.46
Polyketide	6.11
Polyketide	24.94
Polyketide	11.64
Polyketide	17.96
Polyketide	60.94
Polyketide	60.91
Polyketide	87.66
Polyketide	85.99
Polyketide	85.62
Polyketide	82.29
Polyketide	69.59
Polyketide	73.57
Polyketide	15.56
Polyketide	83.58
Polyketide	83.14
Polyketide	82.47
Polyketide	84.04
Polyketide	83.54
Polyketide	65.96
Polyketide	80.66
Polyketide	84.95
Polyketide	9.53
Polyketide	11.25
Polyketide	5.35
Polyketide	8.82
Polyketide	10.15
Polyketide	11.2
Polyketide	2.01
Polyketide	7.8
Polyketide	9.31
Polyketide	10.3
Polyketide	2.37
Polyketide	67.7
Polyketide	65.8
Polyketide	67.68
Polyketide	84.69
Polyketide	2.18
Polyketide	16.95
Polyketide	15.44
Polyketide	61.19
Polyketide	3.55
Polyketide	20.54
Polyketide	18.86
Polyketide	1.22
Polyketide	14.25
Polyketide	61.49
Polyketide	69.18
Polyketide	2.25
Polyketide	18.45
Polyketide	16.67
Polyketide	64.54
Polyketide	82.28
Polyketide	1.73
Polyketide	15.73
Polyketide	15.59
Polyketide	1.72
Polyketide	9.86
Polyketide	9.96
Polyketide	62.49
Polyketide	1.36
Polyketide	9.36
Polyketide	9.68
Polyketide	2.87
Polyketide	11.64
Polyketide	11.74
Polyketide	60.8
Polyketide	3.13
Polyketide	9.15
Polyketide	9.6
Polyketide	66.94
Polyketide	3.97
Polyketide	8.49
Polyketide	9.62
Polyketide	63.27
Polyketide	88.06
Polyketide	70.96
Polyketide	78.44
Polyketide	77.94
Polyketide	63.39
Polyketide	12.3
Polyketide	12.29
Polyketide	78.84
Polyketide	71.35
Polyketide	24.02
Polyketide	88.69
Polyketide	87.15
Polyketide	70.9
Polyketide	6.85
Polyketide	6.93
Polyketide	76.56
Polyketide	74.52
Polyketide	71.85
Polyketide	84.6
Polyketide	82.28
Polyketide	5.14
Polyketide	3.87
Polyketide	16.21
Polyketide	82.62
Polyketide	61.57
Polyketide	80.66
Polyketide	10.98
Polyketide	78.96
Polyketide	77.49
Polyketide	64.88
Polyketide	17.9
Polyketide	24.75
Polyketide	26.5
Polyketide	27.34
Polyketide	8.53
Polyketide	7.01
Polyketide	8.15
Polyketide	6.8
Polyketide	80.13
Polyketide	79.55
Polyketide	73.76
Polyketide	72.8
Polyketide	25.06
Polyketide	28.17
Polyketide	69.21
Polyketide	71.22
Polyketide	75.48
Polyketide	86.25
Polyketide	89.35
Polyketide	89.49
Polyketide	89.31
Polyketide	6.14
Polyketide	6.65
Polyketide	6.22
Polyketide	10.18
Polyketide	7.97
Polyketide	7.77
Polyketide	8.57
Polyketide	8.78
Polyketide	8.36
Polyketide	7.37
Polyketide	2.3
Polyketide	4.14
Polyketide	4.23
Polyketide	5.19
Polyketide	6.88
Polyketide	2.35
Polyketide	5.16
Polyketide	3.81
Polyketide	6.0
Polyketide	4.79
Polyketide	9.59
Polyketide	65.17
Polyketide	1.84
Polyketide	60.82
Polyketide	65.17
Polyketide	1.84
Polyketide	60.82
Polyketide	26.75
Polyketide	26.8
Polyketide	75.62
Polyketide	12.91
Polyketide	19.91
Polyketide	14.13
Polyketide	76.7
Polyketide	7.25
Polyketide	5.24
Polyketide	77.09
Polyketide	14.39
Polyketide	16.16
Polyketide	5.64
Polyketide	5.63
Polyketide	13.76
Polyketide	19.18
Polyketide	19.19
Polyketide	14.78
Polyketide	14.53
Polyketide	4.14
Polyketide	87.22
Polyketide	75.07
Polyketide	66.19
Polyketide	16.62
Polyketide	21.26
Polyketide	64.17
Polyketide	79.09
Polyketide	25.82
Polyketide	77.11
Polyketide	86.91
Polyketide	77.71
Polyketide	86.6
Polyketide	87.42
Polyketide	88.62
Polyketide	66.05
Polyketide	66.09
Polyketide	66.64
Polyketide	86.48
Polyketide	86.85
Polyketide	84.03
Polyketide	88.46
Polyketide	21.96
Polyketide	19.3
Polyketide	80.44
Polyketide	13.02
Polyketide	14.33
Polyketide	14.23
Polyketide	6.86
Polyketide	6.91
Polyketide	6.46
Polyketide	27.54
Polyketide	88.3
Polyketide	77.07
Polyketide	64.44
Polyketide	61.76
Polyketide	61.63
Polyketide	1.0
Polyketide	69.2
Polyketide	26.27
Polyketide	1.01
Polyketide	0.98
Polyketide	88.65
Polyketide	29.29
Polyketide	65.5
Polyketide	63.81
Polyketide	11.89
Polyketide	25.78
Polyketide	19.57
Polyketide	7.79
Polyketide	14.51
Polyketide	82.4
Polyketide	79.61
Polyketide	7.9
Polyketide	7.54
Polyketide	14.07
Polyketide	14.33
Polyketide	11.31
Polyketide	10.86
Polyketide	12.4
Polyketide	12.05
Polyketide	79.02
Polyketide	77.55
Polyketide	86.85
Polyketide	82.42
Polyketide	76.46
Polyketide	9.28
Polyketide	80.83
Polyketide	13.36
Polyketide	75.34
Polyketide	69.26
Polyketide	5.89
Polyketide	5.07
Polyketide	89.62
Polyketide	89.7
Polyketide	75.36
Polyketide	88.54
Polyketide	73.37
Polyketide	88.59
Polyketide	86.54
Polyketide	89.19
Polyketide	9.45
Polyketide	6.22
Polyketide	5.94
Polyketide	12.6
Polyketide	10.65
Polyketide	13.5
Polyketide	6.52
Polyketide	10.26
Polyketide	22.14
Polyketide	12.13
Polyketide	73.15
Polyketide	23.06
Polyketide	79.55
Polyketide	18.13
Polyketide	86.96
Polyketide	9.29
Polyketide	86.66
Polyketide	8.14
Polyketide	86.7
Polyketide	4.52
Polyketide	85.3
Polyketide	5.61
Polyketide	87.96
Polyketide	7.24
Polyketide	89.63
Polyketide	2.42
Polyketide	86.53
Polyketide	2.81
Polyketide	84.23
Polyketide	5.84
Polyketide	88.14
Polyketide	72.01
Polyketide	21.27
Polyketide	70.22
Polyketide	23.15
Polyketide	66.85
Polyketide	66.56
Polyketide	9.36
Polyketide	20.17
Polyketide	11.91
Polyketide	5.93
Polyketide	5.2
Polyketide	4.87
Polyketide	76.55
Polyketide	19.57
Polyketide	78.65
Polyketide	23.53
Polyketide	24.21
Polyketide	8.46
Polyketide	29.03
Polyketide	15.82
Polyketide	87.65
Polyketide	7.38
Polyketide	85.0
Polyketide	8.75
Polyketide	83.5
Polyketide	13.27
Polyketide	87.26
Polyketide	69.85
Polyketide	25.14
Polyketide	62.16
Polyketide	61.25
Polyketide	85.91
Prenol	16.3
Prenol	22.18
Prenol	67.78
Prenol	14.57
Prenol	15.26
Prenol	11.9
Prenol	26.47
Prenol	21.09
Prenol	13.03
Prenol	10.33
Prenol	8.54
Prenol	22.56
Prenol	64.34
Prenol	86.32
Prenol	82.33
Prenol	25.29
Prenol	61.9
Prenol	22.54
Prenol	27.63
Prenol	5.58
Prenol	22.54
Prenol	20.55
Prenol	9.43
Prenol	9.45
Prenol	20.92
Prenol	9.03
Prenol	5.31
Prenol	18.86
Prenol	26.69
Prenol	60.14
Prenol	18.52
Prenol	75.57
Prenol	5.52
Prenol	18.75
Prenol	6.71
Prenol	22.07
Prenol	19.44
Prenol	26.57
Prenol	67.67
Prenol	10.87
Prenol	16.55
Prenol	24.32
Prenol	72.56
Prenol	10.56
Prenol	8.29
Prenol	10.6
Prenol	8.27
Prenol	10.17
Prenol	8.46
Prenol	9.32
Prenol	19.89
Prenol	62.12
Prenol	10.74
Prenol	7.01
Prenol	64.59
Prenol	76.36
Prenol	18.93
Prenol	16.95
Prenol	17.62
Prenol	12.36
Prenol	12.15
Prenol	4.89
Prenol	4.95
Prenol	12.57
Prenol	12.39
Prenol	4.85
Prenol	67.45
Prenol	65.0
Prenol	9.92
Prenol	7.66
Prenol	77.14
Prenol	13.01
Prenol	10.31
Prenol	21.86
Prenol	14.34
Prenol	11.29
Prenol	25.89
Prenol	19.27
Prenol	12.99
Prenol	11.84
Prenol	20.66
Prenol	18.28
Prenol	16.57
Prenol	10.62
Prenol	13.18
Prenol	27.32
Prenol	18.27
Prenol	14.1
Prenol	65.97
Prenol	18.88
Prenol	10.84
Prenol	24.68
Prenol	9.46
Prenol	87.42
Prenol	15.9
Prenol	13.0
Prenol	80.5
Prenol	66.44
Prenol	64.72
Prenol	22.87
Prenol	76.36
Prenol	20.38
Prenol	17.11
Prenol	11.69
Prenol	12.85
Prenol	9.81
Prenol	7.03
Prenol	6.28
Prenol	6.28
Prenol	74.7
Prenol	85.69
Prenol	11.6
Prenol	11.98
Prenol	13.74
Prenol	10.31
Prenol	12.89
Prenol	88.44
Prenol	14.66
Prenol	14.42
Prenol	12.51
Prenol	12.23
Prenol	71.61
Prenol	11.51
Prenol	11.36
Prenol	14.01
Prenol	12.75
Prenol	6.85
Prenol	14.68
Prenol	10.61
Prenol	10.91
Prenol	16.97
Prenol	12.43
Prenol	12.22
Prenol	6.61
Prenol	9.04
Prenol	12.32
Prenol	13.34
Prenol	80.01
Prenol	66.63
Prenol	89.45
Prenol	13.86
Prenol	83.49
Prenol	13.59
Prenol	17.08
Prenol	24.68
Prenol	19.28
Prenol	9.88
Prenol	7.21
Prenol	18.45
Prenol	11.38
Prenol	10.87
Prenol	8.33
Prenol	9.73
Prenol	84.96
Prenol	89.16
Prenol	10.98
Prenol	5.23
Prenol	7.2
Prenol	7.13
Prenol	8.29
Prenol	8.33
Prenol	10.75
Prenol	10.09
Prenol	8.15
Prenol	8.93
Prenol	8.68
Prenol	7.27
Prenol	8.84
Prenol	9.72
Prenol	7.84
Prenol	10.19
Prenol	11.38
Prenol	8.7
Prenol	13.18
Prenol	8.34
Prenol	10.12
Prenol	13.6
Prenol	7.06
Prenol	12.64
Prenol	11.75
Prenol	9.03
Prenol	12.02
Prenol	9.79
Prenol	23.85
Prenol	73.85
Prenol	60.75
Prenol	17.87
Prenol	10.97
Prenol	12.36
Prenol	3.84
Prenol	13.04
Prenol	3.05
Prenol	6.84
Prenol	11.64
Prenol	63.31
Prenol	13.92
Prenol	7.59
Prenol	7.59
Prenol	8.31
Prenol	6.83
Prenol	6.83
Prenol	25.73
Prenol	16.65
Prenol	11.3
Prenol	16.56
Prenol	66.67
Prenol	67.55
Prenol	72.08
Prenol	10.45
Prenol	16.03
Prenol	89.23
Prenol	10.48
Prenol	11.02
Prenol	22.98
Prenol	7.22
Prenol	7.09
Prenol	10.55
Prenol	9.65
Prenol	12.56
Prenol	12.71
Prenol	13.84
Prenol	11.34
Prenol	3.5
Prenol	16.42
Prenol	2.51
Prenol	8.9
Prenol	13.11
Prenol	14.01
Prenol	13.04
Prenol	73.31
Prenol	14.72
Prenol	10.33
Prenol	12.58
Prenol	7.72
Prenol	10.21
Prenol	7.29
Prenol	14.28
Prenol	9.94
Prenol	27.64
Prenol	64.29
Prenol	8.4
Prenol	6.04
Prenol	23.62
Prenol	11.01
Prenol	8.8
Prenol	11.01
Prenol	9.27
Prenol	11.66
Prenol	9.73
Prenol	9.42
Prenol	9.78
Prenol	67.88
Prenol	13.26
Prenol	12.9
Prenol	14.56
Prenol	10.4
Prenol	7.01
Prenol	13.22
Prenol	10.2
Prenol	21.4
Prenol	16.25
Prenol	15.68
Prenol	8.86
Prenol	7.4
Prenol	10.51
Prenol	9.8
Prenol	10.05
Prenol	13.86
Prenol	83.73
Prenol	15.16
Prenol	10.68
Prenol	7.8
Prenol	8.9
Prenol	4.2
Prenol	3.51
Prenol	16.08
Prenol	23.64
Prenol	25.95
Prenol	28.42
Prenol	17.31
Prenol	9.29
Prenol	6.8
Prenol	16.08
Prenol	23.64
Prenol	28.42
Prenol	69.47
Prenol	9.81
Prenol	9.43
Prenol	9.81
Prenol	9.43
Prenol	67.09
Prenol	77.55
Prenol	83.75
Prenol	87.25
Prenol	89.43
Prenol	78.33
Prenol	8.8
Prenol	11.44
Prenol	15.48
Prenol	16.13
Prenol	14.2
Prenol	9.81
Prenol	16.0
Prenol	10.37
Prenol	16.4
Prenol	10.91
Prenol	81.44
Prenol	69.24
Prenol	81.22
Prenol	83.21
Prenol	89.98
Prenol	87.09
Prenol	82.99
Prenol	87.08
Prenol	78.27
Prenol	20.87
Prenol	24.98
Prenol	69.58
Prenol	71.46
Prenol	4.99
Prenol	5.32
Prenol	3.94
Prenol	4.39
Prenol	10.02
Prenol	11.05
Prenol	10.97
Prenol	22.92
Prenol	6.03
Prenol	23.47
Prenol	26.06
Prenol	20.08
Prenol	15.14
Prenol	10.3
Prenol	89.03
Prenol	88.22
Prenol	83.66
Prenol	81.46
Prenol	88.21
Prenol	89.84
Prenol	7.21
Prenol	8.53
Prenol	81.38
Prenol	68.5
Prenol	9.81
Prenol	9.58
Prenol	11.09
Prenol	9.44
Prenol	11.59
Prenol	4.86
Prenol	21.07
Prenol	11.54
Prenol	11.8
Prenol	9.25
Prenol	9.81
Prenol	22.65
Prenol	6.01
Prenol	24.64
Prenol	26.62
Prenol	23.62
Prenol	8.02
Prenol	7.88
Prenol	14.17
Prenol	16.55
Prenol	11.97
Prenol	12.09
Prenol	4.77
Prenol	73.75
Prenol	6.29
Prenol	26.94
Prenol	14.66
Prenol	13.47
Prenol	4.86
Prenol	4.92
Prenol	10.72
Prenol	11.77
Prenol	27.21
Prenol	28.32
Prenol	5.55
Prenol	7.34
Prenol	8.62
Prenol	9.88
Prenol	19.71
Prenol	21.48
Prenol	20.49
Prenol	14.39
Prenol	8.51
Prenol	9.76
Prenol	6.83
Prenol	6.0
Prenol	13.29
Prenol	9.62
Prenol	13.83
Prenol	3.58
Prenol	10.66
Prenol	11.39
Prenol	6.78
Prenol	3.58
Prenol	10.66
Prenol	10.98
Prenol	10.66
Prenol	8.3
Prenol	10.2
Prenol	8.68
Prenol	16.84
Prenol	16.79
Prenol	6.42
Prenol	6.39
Prenol	7.9
Prenol	5.49
Prenol	8.64
Prenol	6.95
Prenol	10.33
Prenol	25.16
Prenol	12.92
Prenol	9.97
Prenol	12.74
Prenol	12.61
Prenol	7.08
Prenol	12.93
Prenol	14.07
Prenol	4.75
Prenol	5.02
Prenol	5.96
Prenol	12.13
Prenol	8.96
Prenol	75.54
Prenol	62.09
Prenol	13.35
Prenol	13.57
Prenol	61.58
Prenol	8.41
Prenol	61.17
Prenol	4.23
Prenol	15.72
Prenol	9.91
Prenol	84.5
Prenol	19.5
Prenol	19.68
Prenol	13.62
Prenol	13.7
Prenol	14.4
Prenol	6.76
Prenol	8.23
Prenol	11.1
Prenol	10.71
Prenol	8.89
Prenol	9.22
Prenol	9.04
Prenol	74.46
Prenol	87.61
Prenol	64.31
Prenol	14.41
Prenol	5.11
Prenol	4.03
Prenol	6.37
Prenol	10.9
Prenol	6.44
Prenol	12.34
Prenol	19.89
Prenol	9.57
Prenol	7.29
Prenol	9.46
Prenol	7.24
Prenol	18.31
Prenol	13.08
Prenol	11.14
Prenol	5.41
Prenol	11.17
Prenol	5.4
Prenol	81.9
Prenol	81.77
Prenol	81.76
Prenol	81.6
Prenol	83.52
Prenol	85.92
Prenol	71.08
Prenol	16.7
Prenol	14.91
Prenol	17.39
Prenol	8.36
Prenol	8.62
Prenol	13.11
Prenol	13.34
Prenol	7.65
Prenol	8.27
Prenol	8.01
Prenol	7.39
Prenol	12.18
Prenol	11.63
Prenol	8.67
Prenol	10.86
saccharo lipid	14.07
saccharo lipid	19.31
saccharo lipid	8.41
saccharo lipid	14.05
saccharo lipid	6.45
saccharo lipid	14.68
saccharo lipid	8.92
saccharo lipid	7.68
saccharo lipid	5.97
saccharo lipid	12.13
saccharo lipid	19.29
saccharo lipid	16.43
saccharo lipid	4.42
saccharo lipid	20.61
saccharo lipid	29.24
saccharo lipid	28.87
saccharo lipid	29.47
saccharo lipid	10.55
saccharo lipid	6.33
saccharo lipid	8.48
saccharo lipid	4.2
saccharo lipid	5.8
saccharo lipid	4.38
saccharo lipid	12.31
saccharo lipid	12.29
saccharo lipid	11.26
saccharo lipid	16.5
saccharo lipid	14.71
saccharo lipid	15.69
saccharo lipid	14.95
saccharo lipid	3.98
saccharo lipid	15.07
saccharo lipid	3.77
saccharo lipid	11.51
saccharo lipid	8.9
saccharo lipid	11.74
saccharo lipid	8.5
saccharo lipid	76.05
saccharo lipid	13.7
saccharo lipid	21.62
saccharo lipid	88.82
saccharo lipid	6.32
saccharo lipid	87.03
saccharo lipid	12.95
saccharo lipid	5.57
saccharo lipid	5.67
saccharo lipid	63.76
saccharo lipid	67.21
saccharo lipid	60.06
saccharo lipid	12.84
saccharo lipid	7.77
saccharo lipid	7.0
saccharo lipid	3.93
saccharo lipid	0.6
saccharo lipid	13.06
saccharo lipid	10.07
saccharo lipid	3.43
saccharo lipid	8.96
saccharo lipid	6.6
saccharo lipid	10.78
saccharo lipid	3.66
saccharo lipid	15.29
saccharo lipid	12.86
Spingo lipid	73.29
Fatty Acyl	62.47
Fatty Acyl	12.63
Fatty Acyl	12.98
Fatty Acyl	14.5
Fatty Acyl	14.27
Fatty Acyl	7.57
Fatty Acyl	7.76
Fatty Acyl	13.27
Fatty Acyl	13.28
Fatty Acyl	70.36
Fatty Acyl	70.57
Fatty Acyl	62.43
Fatty Acyl	62.09
Fatty Acyl	72.35
Fatty Acyl	84.94
Fatty Acyl	84.54
Fatty Acyl	83.31
Fatty Acyl	83.23
Fatty Acyl	66.19
Fatty Acyl	66.0
Fatty Acyl	68.59
Fatty Acyl	68.58
Fatty Acyl	69.52
Fatty Acyl	69.32
Fatty Acyl	3.72
Fatty Acyl	3.44
Fatty Acyl	3.52
Fatty Acyl	77.88
Fatty Acyl	68.96
Fatty Acyl	63.0
Fatty Acyl	78.4
Fatty Acyl	64.74
Fatty Acyl	74.54
Fatty Acyl	73.48
Fatty Acyl	71.04
Fatty Acyl	71.91
Fatty Acyl	74.97
Fatty Acyl	75.47
Fatty Acyl	78.48
Fatty Acyl	17.82
Fatty Acyl	78.08
Fatty Acyl	16.73
Fatty Acyl	67.51
Fatty Acyl	16.68
Fatty Acyl	15.96
Fatty Acyl	66.09
Fatty Acyl	70.1
Fatty Acyl	69.26
Fatty Acyl	70.79
Fatty Acyl	71.32
Fatty Acyl	75.93
Fatty Acyl	74.68
Fatty Acyl	67.35
Fatty Acyl	67.46
Fatty Acyl	86.05
Fatty Acyl	82.1
Fatty Acyl	5.78
Fatty Acyl	6.13
Fatty Acyl	5.76
Fatty Acyl	3.73
Fatty Acyl	3.31
Fatty Acyl	10.67
Fatty Acyl	9.73
Fatty Acyl	20.0
Fatty Acyl	20.04
Fatty Acyl	19.19
Fatty Acyl	19.15
Fatty Acyl	21.99
Fatty Acyl	22.04
Fatty Acyl	1.28
Fatty Acyl	23.65
Fatty Acyl	88.85
Fatty Acyl	14.31
Fatty Acyl	14.18
Fatty Acyl	63.58
Fatty Acyl	63.74
Fatty Acyl	81.41
Fatty Acyl	12.95
Fatty Acyl	12.63
Fatty Acyl	83.58
Fatty Acyl	69.56
Fatty Acyl	25.05
Fatty Acyl	25.61
Fatty Acyl	25.14
Fatty Acyl	80.82
Fatty Acyl	82.64
Fatty Acyl	84.04
Fatty Acyl	84.68
Fatty Acyl	80.33
Fatty Acyl	80.94
Fatty Acyl	83.49
Fatty Acyl	83.96
Fatty Acyl	79.51
Fatty Acyl	79.53
Fatty Acyl	84.07
Fatty Acyl	83.46
Fatty Acyl	84.24
Fatty Acyl	84.04
Fatty Acyl	80.76
Fatty Acyl	79.33
Fatty Acyl	61.01
Fatty Acyl	61.09
Fatty Acyl	6.94
Fatty Acyl	7.06
Fatty Acyl	11.21
Fatty Acyl	11.13
Fatty Acyl	75.94
Fatty Acyl	82.21
Fatty Acyl	61.24
Fatty Acyl	12.38
Fatty Acyl	12.4
Fatty Acyl	1.07
Fatty Acyl	0.71
Fatty Acyl	12.26
Fatty Acyl	12.13
Fatty Acyl	84.26
Fatty Acyl	82.53
Fatty Acyl	4.86
Fatty Acyl	4.94
Fatty Acyl	83.26
Fatty Acyl	79.74
Fatty Acyl	82.57
Fatty Acyl	77.05
Fatty Acyl	86.46
Fatty Acyl	15.72
Fatty Acyl	2.65
Fatty Acyl	3.17
Fatty Acyl	67.51
Fatty Acyl	5.4
Fatty Acyl	7.63
Fatty Acyl	84.53
Fatty Acyl	2.15
Fatty Acyl	2.08
Fatty Acyl	2.34
Fatty Acyl	17.8
Fatty Acyl	17.78
Fatty Acyl	17.7
Fatty Acyl	27.85
Fatty Acyl	67.13
Fatty Acyl	64.65
Fatty Acyl	86.14
Fatty Acyl	80.95
Fatty Acyl	80.66
Fatty Acyl	85.03
Fatty Acyl	81.83
Fatty Acyl	68.18
Fatty Acyl	83.19
Fatty Acyl	86.32
Fatty Acyl	61.19
Fatty Acyl	61.92
Fatty Acyl	62.08
Fatty Acyl	28.37
Fatty Acyl	74.36
Fatty Acyl	83.98
Fatty Acyl	87.12
Fatty Acyl	87.06
Fatty Acyl	89.43
Fatty Acyl	89.24
Fatty Acyl	81.63
Fatty Acyl	83.03
Fatty Acyl	63.32
Fatty Acyl	78.09
Fatty Acyl	81.83
Fatty Acyl	11.69
Fatty Acyl	11.47
Fatty Acyl	8.39
Fatty Acyl	8.04
Fatty Acyl	6.19
Fatty Acyl	6.26
Fatty Acyl	11.42
Fatty Acyl	11.54
Fatty Acyl	9.99
Fatty Acyl	10.21
Fatty Acyl	83.49
Fatty Acyl	80.83
Fatty Acyl	74.61
Fatty Acyl	66.39
Fatty Acyl	24.03
Fatty Acyl	65.58
Fatty Acyl	79.2
Fatty Acyl	81.42
Fatty Acyl	66.16
Fatty Acyl	9.44
Fatty Acyl	10.55
Fatty Acyl	68.11
Fatty Acyl	67.94
Fatty Acyl	81.63
Fatty Acyl	71.42
Fatty Acyl	71.29
Fatty Acyl	89.25
Fatty Acyl	86.48
Fatty Acyl	83.15
Fatty Acyl	83.14
Fatty Acyl	83.4
Fatty Acyl	67.22
Fatty Acyl	4.58
Fatty Acyl	6.74
Fatty Acyl	0.29
Fatty Acyl	5.56
Fatty Acyl	5.44
Fatty Acyl	71.36
Fatty Acyl	71.31
Fatty Acyl	73.91
Fatty Acyl	73.56
Fatty Acyl	77.1
Fatty Acyl	77.0
Fatty Acyl	9.28
Fatty Acyl	9.15
Fatty Acyl	19.52
Fatty Acyl	19.53
Fatty Acyl	12.8
Fatty Acyl	12.81
Fatty Acyl	12.76
Fatty Acyl	12.82
Fatty Acyl	67.95
Fatty Acyl	89.49
Fatty Acyl	78.83
Fatty Acyl	10.01
Fatty Acyl	21.64
Fatty Acyl	21.97
Fatty Acyl	27.85
Fatty Acyl	28.0
Fatty Acyl	7.76
Fatty Acyl	7.61
Fatty Acyl	25.07
Fatty Acyl	25.28
Fatty Acyl	23.61
Fatty Acyl	23.9
Fatty Acyl	8.43
Fatty Acyl	8.43
Fatty Acyl	5.03
Fatty Acyl	5.02
Fatty Acyl	3.6
Fatty Acyl	3.73
Fatty Acyl	22.27
Fatty Acyl	22.46
Fatty Acyl	78.48
Fatty Acyl	78.62
Fatty Acyl	76.85
Fatty Acyl	87.68
Fatty Acyl	81.48
Fatty Acyl	65.49
Fatty Acyl	63.01
Fatty Acyl	25.97
Fatty Acyl	25.64
Fatty Acyl	89.65
Fatty Acyl	81.84
Fatty Acyl	7.57
Fatty Acyl	85.93
Fatty Acyl	21.78
Fatty Acyl	84.65
Fatty Acyl	3.36
Fatty Acyl	2.79
Fatty Acyl	4.49
Fatty Acyl	3.98
Fatty Acyl	2.3
Fatty Acyl	2.28
Fatty Acyl	14.01
Fatty Acyl	29.05
Fatty Acyl	82.55
Fatty Acyl	2.48
Fatty Acyl	2.44
Fatty Acyl	2.5
Fatty Acyl	67.35
Fatty Acyl	62.41
Fatty Acyl	2.82
Fatty Acyl	2.32
Fatty Acyl	3.14
Fatty Acyl	1.91
Fatty Acyl	1.39
Fatty Acyl	1.98
Fatty Acyl	78.18
Fatty Acyl	7.54
Fatty Acyl	10.36
Fatty Acyl	10.43
Fatty Acyl	14.31
Fatty Acyl	66.7
Fatty Acyl	3.16
Fatty Acyl	8.3
Fatty Acyl	10.75
Fatty Acyl	10.75
Fatty Acyl	9.55
Fatty Acyl	9.38
Fatty Acyl	60.06
Fatty Acyl	7.54
Fatty Acyl	12.81
Fatty Acyl	12.78
Fatty Acyl	16.46
Fatty Acyl	16.49
Fatty Acyl	4.57
Fatty Acyl	4.8
Fatty Acyl	6.4
Fatty Acyl	5.84
Fatty Acyl	6.83
Fatty Acyl	7.32
Fatty Acyl	4.02
Fatty Acyl	64.46
Fatty Acyl	9.24
Fatty Acyl	14.37
Fatty Acyl	69.84
Fatty Acyl	69.38
Fatty Acyl	24.52
Fatty Acyl	24.33
Fatty Acyl	68.2
Fatty Acyl	67.67
Fatty Acyl	70.28
Fatty Acyl	70.23
Fatty Acyl	65.09
Fatty Acyl	65.95
Fatty Acyl	87.48
Fatty Acyl	83.73
Fatty Acyl	85.67
Fatty Acyl	79.21
Fatty Acyl	88.85
Fatty Acyl	4.73
Fatty Acyl	4.76
Fatty Acyl	8.91
Fatty Acyl	9.69
Fatty Acyl	12.72
Fatty Acyl	12.92
Fatty Acyl	12.11
Fatty Acyl	11.61
Fatty Acyl	29.62
Fatty Acyl	28.66
Fatty Acyl	11.85
Fatty Acyl	11.69
Fatty Acyl	11.49
Fatty Acyl	78.59
Fatty Acyl	17.32
Fatty Acyl	84.55
Fatty Acyl	69.52
Fatty Acyl	81.74
Fatty Acyl	79.58
Fatty Acyl	76.7
Fatty Acyl	78.09
Fatty Acyl	76.2
Fatty Acyl	77.23
Fatty Acyl	77.28
Fatty Acyl	72.82
Fatty Acyl	65.85
Fatty Acyl	77.33
Fatty Acyl	74.98
Fatty Acyl	75.04
Fatty Acyl	16.47
Fatty Acyl	16.49
Fatty Acyl	2.25
Fatty Acyl	3.17
Fatty Acyl	61.88
Fatty Acyl	60.65
Fatty Acyl	72.6
Fatty Acyl	75.21
Fatty Acyl	75.34
Fatty Acyl	7.56
Fatty Acyl	7.64
Fatty Acyl	12.21
Fatty Acyl	8.26
Fatty Acyl	8.32
Fatty Acyl	16.8
Fatty Acyl	16.69
Fatty Acyl	4.41
Fatty Acyl	89.68
Fatty Acyl	6.99
Fatty Acyl	7.04
Fatty Acyl	3.19
Fatty Acyl	3.15
Fatty Acyl	3.74
Fatty Acyl	3.61
Fatty Acyl	64.32
Fatty Acyl	64.27
Fatty Acyl	64.3
Fatty Acyl	64.25
Fatty Acyl	74.94
Fatty Acyl	72.95
Fatty Acyl	27.22
Fatty Acyl	23.73
Fatty Acyl	8.27
Fatty Acyl	8.31
Fatty Acyl	12.4
Fatty Acyl	12.88
Fatty Acyl	12.26
Fatty Acyl	12.73
Fatty Acyl	8.9
Fatty Acyl	8.12
Fatty Acyl	8.77
Fatty Acyl	2.0
Fatty Acyl	10.36
Fatty Acyl	10.49
Fatty Acyl	8.39
Fatty Acyl	8.32
Fatty Acyl	2.14
Fatty Acyl	2.08
Fatty Acyl	14.68
Fatty Acyl	14.61
Fatty Acyl	14.59
Fatty Acyl	4.75
Fatty Acyl	4.7
Fatty Acyl	4.74
Fatty Acyl	10.71
Fatty Acyl	10.37
Fatty Acyl	78.21
Fatty Acyl	5.54
Fatty Acyl	5.51
Fatty Acyl	5.5
Fatty Acyl	5.54
Fatty Acyl	5.5
Fatty Acyl	5.51
Fatty Acyl	5.55
Fatty Acyl	5.53
Fatty Acyl	5.52
Fatty Acyl	5.51
Fatty Acyl	5.52
Fatty Acyl	5.53
Fatty Acyl	6.16
Fatty Acyl	6.55
Fatty Acyl	7.01
Fatty Acyl	6.71
Fatty Acyl	4.75
Fatty Acyl	4.27
Fatty Acyl	6.2
Fatty Acyl	6.68
Fatty Acyl	16.35
Fatty Acyl	20.3
Fatty Acyl	18.97
Fatty Acyl	87.29
Fatty Acyl	65.69
Fatty Acyl	67.33
Glycerophopspholipid	28.32
